timestamp,left_raw_left_knee,left_smoothed_left_knee,left_state,left_repetitions,left_rom_min,left_rom_max,left_rom,right_raw_right_knee,right_smoothed_right_knee,right_state,right_repetitions,right_rom_min,right_rom_max,right_rom
1128706.7484908,150.61054756625623,,UNKNOWN,0,,,,166.10105976552356,,UNKNOWN,0,,,
1128706.9702503,173.11405047163495,,UNKNOWN,0,,,,168.46294251686194,,UNKNOWN,0,,,
1128707.0649372,175.6262762179987,,UNKNOWN,0,,,,172.7062135884593,,UNKNOWN,0,,,
1128707.1371784,175.24971835830152,,UNKNOWN,0,,,,175.4977612540654,,UNKNOWN,0,,,
1128707.1965635,176.44110414687609,,UNKNOWN,0,,,,179.36877487184492,,UNKNOWN,0,,,
1128707.2764128,177.55412774939043,,UNKNOWN,0,,,,178.77256487662018,,UNKNOWN,0,,,
1128707.3490624,178.52963760618408,,UNKNOWN,0,,,,174.32118359981567,,UNKNOWN,0,,,
1128707.4236287,175.8503123677435,,UNKNOWN,0,,,,175.12855316507452,,UNKNOWN,0,,,
1128707.491783,173.15186478991563,,UNKNOWN,0,,,,172.58712844373127,,UNKNOWN,0,,,
1128707.5734387,174.4233190065967,,UNKNOWN,0,,,,172.44200596907902,,UNKNOWN,0,,,
1128707.7111805,174.21928028144563,,UNKNOWN,0,,,,162.31308976723506,,UNKNOWN,0,,,
1128707.8152467,167.01821939372908,,UNKNOWN,0,,,,162.50173751690525,,UNKNOWN,0,,,
1128707.8856411,165.02051312880738,,UNKNOWN,0,,,,171.0186010301202,,UNKNOWN,0,,,
1128707.9563996,162.84855132645652,,UNKNOWN,0,,,,170.69806735615884,,UNKNOWN,0,,,
1128708.0227453,157.73150946044555,,UNKNOWN,0,,,,175.38480895603365,,UNKNOWN,0,,,
1128708.0957835,160.85879902600553,,UNKNOWN,0,,,,175.10823751150534,,UNKNOWN,0,,,
1128708.165958,164.16308932312015,,UNKNOWN,0,,,,174.76493826643974,,UNKNOWN,0,,,
1128708.2385118,165.51410030273868,,UNKNOWN,0,,,,175.47172473117553,,UNKNOWN,0,,,
1128708.3110503,167.9601889250227,,UNKNOWN,0,,,,177.3320860966038,,UNKNOWN,0,,,
1128708.3751197,169.58935573799423,,UNKNOWN,0,,,,178.7323620217026,,UNKNOWN,0,,,
1128708.4467213,171.55352440161553,,UNKNOWN,0,,,,179.59401616773889,,UNKNOWN,0,,,
1128708.5069176,173.99997227820282,,UNKNOWN,0,,,,178.16960240409153,,UNKNOWN,0,,,
1128708.5737775,175.51022992637948,,UNKNOWN,0,,,,178.77264822876268,,UNKNOWN,0,,,
1128708.6461842,176.40323604518144,,UNKNOWN,0,,,,178.18313832126472,,UNKNOWN,0,,,
1128708.7153116,176.63234008187206,,UNKNOWN,0,,,,178.42439169651823,,UNKNOWN,0,,,
1128708.7956798,176.67038254552895,,UNKNOWN,0,,,,179.05755028388617,,UNKNOWN,0,,,
1128708.8710625,178.16331200174463,,UNKNOWN,0,,,,179.35855525531102,,UNKNOWN,0,,,
1128708.9466088,178.4938789004195,,UNKNOWN,0,,,,179.54430110172513,,UNKNOWN,0,,,
1128709.0059228,179.22852776085261,,UNKNOWN,0,,,,179.58999426548104,,UNKNOWN,0,,,
1128709.0735463,179.94683684854485,,UNKNOWN,0,,,,179.57111268778215,,UNKNOWN,0,,,
1128709.1320505,179.29230982266057,,UNKNOWN,0,,,,179.48822278512236,,UNKNOWN,0,,,
1128709.2048742,179.12654291619467,,UNKNOWN,0,,,,179.54835178372193,,UNKNOWN,0,,,
1128709.2752326,179.28448787679793,,UNKNOWN,0,,,,179.59706284907082,,UNKNOWN,0,,,
1128709.3478815,179.1909296068004,,UNKNOWN,0,,,,179.39106152449418,,UNKNOWN,0,,,
1128709.4136465,178.930248919337,,UNKNOWN,0,,,,178.70489957256595,,UNKNOWN,0,,,
1128709.4722209,178.77742422353202,,UNKNOWN,0,,,,178.2112477176354,,UNKNOWN,0,,,
1128709.5357693,178.69424089484025,,UNKNOWN,0,,,,177.78345736997716,,UNKNOWN,0,,,
1128709.6018697,178.6297677904768,,UNKNOWN,0,,,,177.6954037339394,,UNKNOWN,0,,,
1128709.6737713,178.63344128678014,,UNKNOWN,0,,,,177.54664066759136,,UNKNOWN,0,,,
1128709.7402564,178.8058237331453,,UNKNOWN,0,,,,177.11557730920654,,UNKNOWN,0,,,
1128709.8100385,178.9840704883659,,UNKNOWN,0,,,,176.79732800501554,,UNKNOWN,0,,,
1128709.8810079,179.06200028785744,,UNKNOWN,0,,,,176.73068964132804,,UNKNOWN,0,,,
1128709.9450501,179.63333636797694,,UNKNOWN,0,,,,176.43705570984125,,UNKNOWN,0,,,
1128710.0094401,179.66857747944044,,UNKNOWN,0,,,,176.77791978339008,,UNKNOWN,0,,,
1128710.0790281,179.64903386756998,,UNKNOWN,0,,,,177.1909406846173,,UNKNOWN,0,,,
1128710.1438115,179.28435581890085,,UNKNOWN,0,,,,177.63997249154434,,UNKNOWN,0,,,
1128710.2319748,179.5363184127477,,UNKNOWN,0,,,,177.99856079670408,,UNKNOWN,0,,,
1128710.3546765,179.8902854891614,,UNKNOWN,0,,,,178.3445365069399,,UNKNOWN,0,,,
1128710.4748356,179.27148352118047,,UNKNOWN,0,,,,177.9973915826413,,UNKNOWN,0,,,
1128710.5483117,179.13049404090236,,UNKNOWN,0,,,,177.93846461995486,,UNKNOWN,0,,,
1128710.6138061,179.1137162693893,,UNKNOWN,0,,,,177.72146283347163,,UNKNOWN,0,,,
1128710.6756933,178.81063370695924,,UNKNOWN,0,,,,177.64150009151615,,UNKNOWN,0,,,
1128710.7462215,178.8688048345806,,UNKNOWN,0,,,,177.625935348596,,UNKNOWN,0,,,
1128710.8176813,178.92528216139814,,UNKNOWN,0,,,,178.25787108455572,,UNKNOWN,0,,,
1128710.880718,179.2059029634672,,UNKNOWN,0,,,,178.17884270046957,,UNKNOWN,0,,,
1128710.9536706,179.6280124201184,,UNKNOWN,0,,,,178.21172181561548,,UNKNOWN,0,,,
1128711.0316532,179.53140705711346,,UNKNOWN,0,,,,178.35593594401251,,UNKNOWN,0,,,
1128711.095413,179.44982888732176,,UNKNOWN,0,,,,178.51082056864092,,UNKNOWN,0,,,
1128711.1773437,179.58302556830836,,UNKNOWN,0,,,,178.8484219228566,,UNKNOWN,0,,,
1128711.2487439,179.85009211239955,,UNKNOWN,0,,,,179.0150352816337,,UNKNOWN,0,,,
1128711.3135778,179.94442640904185,,UNKNOWN,0,,,,179.0890854780225,,UNKNOWN,0,,,
1128711.3781917,179.8144776567811,,UNKNOWN,0,,,,179.28589043040466,,UNKNOWN,0,,,
1128711.4494265,179.8483925208572,,UNKNOWN,0,,,,179.66567824551626,,UNKNOWN,0,,,
1128711.5302859,179.8748998271396,,UNKNOWN,0,,,,179.8723196145636,,UNKNOWN,0,,,
1128711.5995193,179.79597119956094,,UNKNOWN,0,,,,179.85009342623906,,UNKNOWN,0,,,
1128711.6667965,179.74957634909487,,UNKNOWN,0,,,,179.59649978091235,,UNKNOWN,0,,,
1128711.7362414,179.66164973664948,,UNKNOWN,0,,,,179.47285106483403,,UNKNOWN,0,,,
1128711.8014268,179.3967162344765,,UNKNOWN,0,,,,179.13422868820905,,UNKNOWN,0,,,
1128711.8627143,179.80354461629875,,UNKNOWN,0,,,,179.11821986377194,,UNKNOWN,0,,,
1128711.927122,179.9610198235252,,UNKNOWN,0,,,,179.0852230804356,,UNKNOWN,0,,,
1128712.0078738,179.5257173437878,,UNKNOWN,0,,,,178.97815275547495,,UNKNOWN,0,,,
1128712.0774438,178.7251425653494,,UNKNOWN,0,,,,179.74154546700848,,UNKNOWN,0,,,
1128712.1380274,178.86228345341837,,UNKNOWN,0,,,,179.58590227618004,,UNKNOWN,0,,,
1128712.2011824,179.31495286009255,,UNKNOWN,0,,,,179.17700666893361,,UNKNOWN,0,,,
1128712.2654607,179.30323781332837,,UNKNOWN,0,,,,179.12411709670712,,UNKNOWN,0,,,
1128712.3316955,179.28873614332068,,UNKNOWN,0,,,,179.10964689201535,,UNKNOWN,0,,,
1128712.3884624,179.4131741072586,,UNKNOWN,0,,,,179.04776496874018,,UNKNOWN,0,,,
1128712.4989469,179.80071682601803,,UNKNOWN,0,,,,179.04301864653343,,UNKNOWN,0,,,
1128712.5706155,179.62359721327437,,UNKNOWN,0,,,,179.39777678803696,,UNKNOWN,0,,,
1128712.7017513,179.50852193536772,,UNKNOWN,0,,,,179.4357562437301,,UNKNOWN,0,,,
1128712.8374907,179.33582191414968,,UNKNOWN,0,,,,176.95500938876413,,UNKNOWN,0,,,
1128712.9153956,178.8272833590328,,UNKNOWN,0,,,,175.9479997325505,,UNKNOWN,0,,,
1128712.9784402,178.32591561520945,,UNKNOWN,0,,,,174.99086478005813,,UNKNOWN,0,,,
1128713.0529057,178.23828173029005,,UNKNOWN,0,,,,175.2507154614427,,UNKNOWN,0,,,
1128713.1170486,178.20150965496185,,UNKNOWN,0,,,,175.41979788912587,,UNKNOWN,0,,,
1128713.1828595,178.0634467464768,,UNKNOWN,0,,,,175.5360920962694,,UNKNOWN,0,,,
1128713.2557908,178.1722728011975,,UNKNOWN,0,,,,175.65843103075943,,UNKNOWN,0,,,
1128713.3325656,178.01575771846794,,UNKNOWN,0,,,,175.6323436567651,,UNKNOWN,0,,,
1128713.405798,177.9251035067544,,UNKNOWN,0,,,,174.61019492318627,,UNKNOWN,0,,,
1128713.4768022,177.95512329351075,,UNKNOWN,0,,,,173.72976324022994,,UNKNOWN,0,,,
1128713.5345405,177.9975552468744,,UNKNOWN,0,,,,173.3154916109129,,UNKNOWN,0,,,
1128713.5941313,178.00910160156613,,UNKNOWN,0,,,,173.40938069305386,,UNKNOWN,0,,,
1128713.6594423,178.2577154461652,,UNKNOWN,0,,,,173.7024212397124,,UNKNOWN,0,,,
1128713.7392113,178.48907857135478,,UNKNOWN,0,,,,174.0295519197566,,UNKNOWN,0,,,
1128713.8164016,178.65099090724894,,UNKNOWN,0,,,,174.43083775643535,,UNKNOWN,0,,,
1128713.8771597,179.15168525873017,,UNKNOWN,0,,,,175.78963413476816,,UNKNOWN,0,,,
1128713.9434416,179.42159224816888,,UNKNOWN,0,,,,178.48691627109298,,UNKNOWN,0,,,
1128714.0290841,177.83858705313415,,UNKNOWN,0,,,,177.88906905088834,,UNKNOWN,0,,,
1128714.1017001,176.15309393481627,,UNKNOWN,0,,,,178.5986613124802,,UNKNOWN,0,,,
1128714.169224,176.73178175425662,,UNKNOWN,0,,,,179.27803655654728,,UNKNOWN,0,,,
1128714.2373329,177.6558153415417,,UNKNOWN,0,,,,177.9157069751297,,UNKNOWN,0,,,
1128714.3105691,177.81950015086383,,UNKNOWN,0,,,,175.1999288580135,,UNKNOWN,0,,,
1128714.3643026,178.03264663287152,,UNKNOWN,0,,,,177.6314221367946,,UNKNOWN,0,,,
1128714.4255026,178.0541651199398,,UNKNOWN,0,,,,178.54060704199696,,UNKNOWN,0,,,
1128714.4873383,178.029613353862,,UNKNOWN,0,,,,178.84719689191323,,UNKNOWN,0,,,
1128714.5545273,175.02797499897918,,UNKNOWN,0,,,,172.9776879806031,,UNKNOWN,0,,,
1128714.624757,174.51434029106554,,UNKNOWN,0,,,,173.5743949906115,,UNKNOWN,0,,,
1128714.6937968,167.4575584994567,,UNKNOWN,0,,,,174.63264226073966,,UNKNOWN,0,,,
1128714.7581729,159.38705708982928,,UNKNOWN,0,,,,175.20093827686543,,UNKNOWN,0,,,
1128714.8252362,159.4380026264587,,UNKNOWN,0,,,,172.7206244995243,,UNKNOWN,0,,,
1128714.9032911,163.35645920789514,,UNKNOWN,0,,,,172.9261723618823,,UNKNOWN,0,,,
1128714.9649531,167.4843853188236,,UNKNOWN,0,,,,172.55618602243192,,UNKNOWN,0,,,
1128715.0299105,162.58395523866477,,UNKNOWN,0,,,,173.36238480129362,,UNKNOWN,0,,,
1128715.1018794,163.01332023792875,,UNKNOWN,0,,,,173.69318801752016,,UNKNOWN,0,,,
1128715.1623299,7.789864986362457,,UNKNOWN,0,,,,174.49878241032633,174.49878241032633,EXTENDED,0,174.49878241032633,174.49878241032633,0.0
1128715.2336496,6.178356905344126,,UNKNOWN,0,,,,171.966129344783,173.23245587755468,EXTENDED,0,173.23245587755468,174.49878241032633,1.266326532771643
1128715.2954725,2.439604316398629,,UNKNOWN,0,,,,172.93731268787246,173.13407481432728,EXTENDED,0,173.13407481432728,174.49878241032633,1.3647075959990502
1128715.3655798,4.688115068189862,4.688115068189862,UNKNOWN,0,4.688115068189862,4.688115068189862,0.0,173.383132694174,173.19633928428897,EXTENDED,0,173.13407481432728,174.49878241032633,1.3647075959990502
1128715.4632806,9.019855310881647,6.853985189535754,UNKNOWN,0,4.688115068189862,6.853985189535754,2.1658701213458924,174.1030277387345,173.37767697517808,EXTENDED,0,173.13407481432728,174.49878241032633,1.3647075959990502
1128715.5889199,18.285606342683295,10.664525573918267,UNKNOWN,0,4.688115068189862,10.664525573918267,5.976410505728405,173.965086089377,173.2709377109882,EXTENDED,0,173.13407481432728,174.49878241032633,1.3647075959990502
1128715.6746976,18.574031339923966,12.641902015419692,UNKNOWN,0,4.688115068189862,12.641902015419692,7.953786947229831,173.49392548548494,173.5764969391286,EXTENDED,0,173.13407481432728,174.49878241032633,1.3647075959990502
1128715.7367233,163.85717913844886,42.88495744002553,UNKNOWN,0,4.688115068189862,42.88495744002553,38.19684237183567,173.4233163064277,173.67369766283963,EXTENDED,0,173.13407481432728,174.49878241032633,1.3647075959990502
1128715.7975231,175.5581874520814,77.05897191680383,UNKNOWN,0,4.688115068189862,77.05897191680383,72.37085684861397,173.42023206950753,173.68111753790635,EXTENDED,0,173.13407481432728,174.49878241032633,1.3647075959990502
1128715.8681019,179.16374974097678,111.08775080282285,UNKNOWN,0,4.688115068189862,111.08775080282285,106.399635734633,173.11115095028134,173.4827421802157,EXTENDED,0,173.13407481432728,174.49878241032633,1.3647075959990502
1128715.9332439,174.5716618485198,142.34496190399017,UNKNOWN,0,4.688115068189862,142.34496190399017,137.6568468358003,170.33077533900834,172.75588003014195,EXTENDED,0,172.75588003014195,174.49878241032633,1.7429023801843755
1128716.0048162,173.7480050218647,173.37975664037833,EXTENDED,0,4.688115068189862,173.37975664037833,168.69164157218847,169.01924046508233,171.86094302606145,EXTENDED,0,171.86094302606145,174.49878241032633,2.637839384264879
1128716.0890077,175.00640071127626,175.6096009549438,EXTENDED,0,4.688115068189862,175.6096009549438,170.92148588675394,170.38907750917124,171.25409526661016,EXTENDED,0,171.25409526661016,174.49878241032633,3.2446871437161633
1128716.1611852,179.61656010002744,176.421275484533,EXTENDED,0,4.688115068189862,176.421275484533,171.73316041634314,178.66535578741153,,EXTENDED,0,171.25409526661016,174.49878241032633,3.2446871437161633
1128716.2335033,179.5618687085876,,EXTENDED,0,4.688115068189862,176.421275484533,171.73316041634314,176.1037719038017,,EXTENDED,0,171.25409526661016,174.49878241032633,3.2446871437161633
1128716.2949961,179.99673607527353,,EXTENDED,0,4.688115068189862,176.421275484533,171.73316041634314,177.53274445159062,,EXTENDED,0,171.25409526661016,174.49878241032633,3.2446871437161633
1128716.3617319,179.2371872055636,,EXTENDED,0,4.688115068189862,176.421275484533,171.73316041634314,178.57132872393183,,EXTENDED,0,171.25409526661016,174.49878241032633,3.2446871437161633
1128716.4337359,178.6886684932905,,EXTENDED,0,4.688115068189862,176.421275484533,171.73316041634314,179.0410492541458,,EXTENDED,0,171.25409526661016,174.49878241032633,3.2446871437161633
1128716.4988313,177.49434236644242,,EXTENDED,0,4.688115068189862,176.421275484533,171.73316041634314,178.85775280978422,,EXTENDED,0,171.25409526661016,174.49878241032633,3.2446871437161633
1128716.5680668,176.44564116095313,,EXTENDED,0,4.688115068189862,176.421275484533,171.73316041634314,179.03486860724254,,EXTENDED,0,171.25409526661016,174.49878241032633,3.2446871437161633
1128716.6368654,177.10482647247338,,EXTENDED,0,4.688115068189862,176.421275484533,171.73316041634314,175.69070445483493,,EXTENDED,0,171.25409526661016,174.49878241032633,3.2446871437161633
1128716.6975804,177.03484872677015,,EXTENDED,0,4.688115068189862,176.421275484533,171.73316041634314,176.07535941391046,,EXTENDED,0,171.25409526661016,174.49878241032633,3.2446871437161633
1128716.780856,179.42730918117252,,EXTENDED,0,4.688115068189862,176.421275484533,171.73316041634314,177.0315629840473,,EXTENDED,0,171.25409526661016,174.49878241032633,3.2446871437161633
1128716.8552102,179.39993329863947,,EXTENDED,0,4.688115068189862,176.421275484533,171.73316041634314,176.88506558427298,,EXTENDED,0,171.25409526661016,174.49878241032633,3.2446871437161633
1128716.9329651,179.90747300007808,,EXTENDED,0,4.688115068189862,176.421275484533,171.73316041634314,177.24526422147466,,EXTENDED,0,171.25409526661016,174.49878241032633,3.2446871437161633
1128717.0094236,179.21434892465106,,EXTENDED,0,4.688115068189862,176.421275484533,171.73316041634314,177.74137754612505,,EXTENDED,0,171.25409526661016,174.49878241032633,3.2446871437161633
1128717.0820722,178.23021319186967,,EXTENDED,0,4.688115068189862,176.421275484533,171.73316041634314,177.23806248607227,,EXTENDED,0,171.25409526661016,174.49878241032633,3.2446871437161633
1128717.1555575,177.4171054139056,,EXTENDED,0,4.688115068189862,176.421275484533,171.73316041634314,177.5626279608216,,EXTENDED,0,171.25409526661016,174.49878241032633,3.2446871437161633
1128717.2252218,177.59054601548485,,EXTENDED,0,4.688115068189862,176.421275484533,171.73316041634314,178.28376502812532,,EXTENDED,0,171.25409526661016,174.49878241032633,3.2446871437161633
1128717.2928992,178.83852440475187,,EXTENDED,0,4.688115068189862,176.421275484533,171.73316041634314,178.13149044071176,,EXTENDED,0,171.25409526661016,174.49878241032633,3.2446871437161633
1128717.367395,179.18527214063172,,EXTENDED,0,4.688115068189862,176.421275484533,171.73316041634314,178.49254750829073,,EXTENDED,0,171.25409526661016,174.49878241032633,3.2446871437161633
1128717.4330306,179.2099208602258,,EXTENDED,0,4.688115068189862,176.421275484533,171.73316041634314,178.6356468617481,,EXTENDED,0,171.25409526661016,174.49878241032633,3.2446871437161633
1128717.5200405,179.22839269402917,,EXTENDED,0,4.688115068189862,176.421275484533,171.73316041634314,179.5784645576017,,EXTENDED,0,171.25409526661016,174.49878241032633,3.2446871437161633
1128717.587241,179.5729665039497,,EXTENDED,0,4.688115068189862,176.421275484533,171.73316041634314,179.27481317596323,,EXTENDED,0,171.25409526661016,174.49878241032633,3.2446871437161633
1128717.6523645,179.95145124342142,,EXTENDED,0,4.688115068189862,176.421275484533,171.73316041634314,179.08706366744337,,EXTENDED,0,171.25409526661016,174.49878241032633,3.2446871437161633
1128717.731893,179.9883069259192,,EXTENDED,0,4.688115068189862,176.421275484533,171.73316041634314,178.8885658453486,,EXTENDED,0,171.25409526661016,174.49878241032633,3.2446871437161633
1128717.8078899,179.99704609790334,,EXTENDED,0,4.688115068189862,176.421275484533,171.73316041634314,178.83401169853008,,EXTENDED,0,171.25409526661016,174.49878241032633,3.2446871437161633
1128717.870547,179.97320611691876,,EXTENDED,0,4.688115068189862,176.421275484533,171.73316041634314,178.7718970199624,,EXTENDED,0,171.25409526661016,174.49878241032633,3.2446871437161633
1128717.9407391,179.94834312837608,,EXTENDED,0,4.688115068189862,176.421275484533,171.73316041634314,178.80919478311532,,EXTENDED,0,171.25409526661016,174.49878241032633,3.2446871437161633
1128718.0167026,179.8523338119771,,EXTENDED,0,4.688115068189862,176.421275484533,171.73316041634314,178.6001476827048,,EXTENDED,0,171.25409526661016,174.49878241032633,3.2446871437161633
1128718.3324531,177.41116937093145,,EXTENDED,0,4.688115068189862,176.421275484533,171.73316041634314,175.12976134178896,,EXTENDED,0,171.25409526661016,174.49878241032633,3.2446871437161633
1128718.3950405,176.81359469981658,,EXTENDED,0,4.688115068189862,176.421275484533,171.73316041634314,173.65044433689144,,EXTENDED,0,171.25409526661016,174.49878241032633,3.2446871437161633
1128718.4529225,175.611183353199,,EXTENDED,0,4.688115068189862,176.421275484533,171.73316041634314,175.5101244418519,,EXTENDED,0,171.25409526661016,174.49878241032633,3.2446871437161633
1128718.5216321,177.34777570373785,,EXTENDED,0,4.688115068189862,176.421275484533,171.73316041634314,175.19834788191665,,EXTENDED,0,171.25409526661016,174.49878241032633,3.2446871437161633
1128718.593564,173.44932170293876,,EXTENDED,0,4.688115068189862,176.421275484533,171.73316041634314,175.848536166623,,EXTENDED,0,171.25409526661016,174.49878241032633,3.2446871437161633
1128718.6690879,170.0635958032802,,EXTENDED,0,4.688115068189862,176.421275484533,171.73316041634314,172.5957974456803,,EXTENDED,0,171.25409526661016,174.49878241032633,3.2446871437161633
1128718.7611823,172.20043722770276,,EXTENDED,0,4.688115068189862,176.421275484533,171.73316041634314,166.50343955137058,,EXTENDED,0,171.25409526661016,174.49878241032633,3.2446871437161633
1128718.8369649,168.04908810510165,,EXTENDED,0,4.688115068189862,176.421275484533,171.73316041634314,170.75681011804895,,EXTENDED,0,171.25409526661016,174.49878241032633,3.2446871437161633
1128718.9013447,137.49925764555556,,EXTENDED,0,4.688115068189862,176.421275484533,171.73316041634314,172.05528835100506,,EXTENDED,0,171.25409526661016,174.49878241032633,3.2446871437161633
1128718.9690528,1.3176816070287196,,EXTENDED,0,4.688115068189862,176.421275484533,171.73316041634314,171.15614153908322,,EXTENDED,0,171.25409526661016,174.49878241032633,3.2446871437161633
1128719.0495805,1.1856451624811872,,EXTENDED,0,4.688115068189862,176.421275484533,171.73316041634314,170.7300858729808,,EXTENDED,0,171.25409526661016,174.49878241032633,3.2446871437161633
1128719.1199234,3.1314455682453692,,EXTENDED,0,4.688115068189862,176.421275484533,171.73316041634314,171.91770969707525,,EXTENDED,0,171.25409526661016,174.49878241032633,3.2446871437161633
1128719.184033,3.125586433148691,141.21364282296736,EXTENDED,0,4.688115068189862,176.421275484533,171.73316041634314,170.74328827978292,,EXTENDED,0,171.25409526661016,174.49878241032633,3.2446871437161633
1128719.2512247,6.577843804996221,107.61487921426264,EXTENDED,0,4.688115068189862,176.421275484533,171.73316041634314,170.10320117971295,170.59068908865123,EXTENDED,0,170.59068908865123,174.49878241032633,3.9080933216750964
1128719.318277,8.97990559183073,74.66125932825587,FLEXED,0,4.688115068189862,176.421275484533,171.73316041634314,169.5549527184382,169.8794494422826,EXTENDED,0,169.8794494422826,174.49878241032633,4.619332968043722
1128719.3840696,12.232079655810741,42.10639511716277,FLEXED,0,4.688115068189862,176.421275484533,171.73316041634314,171.22040898012037,170.05737617050502,EXTENDED,0,169.8794494422826,174.49878241032633,4.619332968043722
1128719.4483846,14.90996058348865,9.165075213855006,FLEXED,0,4.688115068189862,176.421275484533,171.73316041634314,170.20790097326366,170.29510827214128,EXTENDED,0,169.8794494422826,174.49878241032633,4.619332968043722
1128719.5174058,15.401771785826341,11.620312284390536,FLEXED,0,4.688115068189862,176.421275484533,171.73316041634314,169.3749500294861,170.09228277620426,EXTENDED,0,169.8794494422826,174.49878241032633,4.619332968043722
1128719.5892331,14.923955426843714,13.289534608760036,FLEXED,0,4.688115068189862,176.421275484533,171.73316041634314,170.28302265296603,170.12824707085485,EXTENDED,0,169.8794494422826,174.49878241032633,4.619332968043722
1128719.6543686,13.72820348060205,14.2391941865143,FLEXED,0,4.688115068189862,176.421275484533,171.73316041634314,169.4054877562998,170.0983540784272,EXTENDED,0,169.8794494422826,174.49878241032633,4.619332968043722
1128719.7342654,11.822366805927874,14.157251616537724,FLEXED,0,4.688115068189862,176.421275484533,171.73316041634314,169.31723625454876,169.71771953331285,EXTENDED,0,169.71771953331285,174.49878241032633,4.781062877013483
1128719.7956143,10.902796332475646,13.355818766335124,FLEXED,0,4.688115068189862,176.421275484533,171.73316041634314,170.56953401324822,169.7900461413098,EXTENDED,0,169.71771953331285,174.49878241032633,4.781062877013483
1128719.8564971,9.494423434250846,12.174349096020027,FLEXED,0,4.688115068189862,176.421275484533,171.73316041634314,171.22252910297055,170.1595619560067,EXTENDED,0,169.71771953331285,174.49878241032633,4.781062877013483
1128719.9326648,7.648512981330878,10.719260606917459,FLEXED,0,4.688115068189862,176.421275484533,171.73316041634314,172.08045700159153,170.51904882573177,EXTENDED,0,169.71771953331285,174.49878241032633,4.781062877013483
1128719.9963444,9.75429245212523,9.924478401222094,FLEXED,0,4.688115068189862,176.421275484533,171.73316041634314,172.05160590074468,171.04827245462076,EXTENDED,0,169.71771953331285,174.49878241032633,4.781062877013483
1128720.0689567,9.496622964171982,9.459329632870917,FLEXED,0,4.688115068189862,176.421275484533,171.73316041634314,172.078749086158,171.60057502094259,EXTENDED,0,169.71771953331285,174.49878241032633,4.781062877013483
1128720.1315486,9.026911404037572,9.0841526471833,FLEXED,0,4.688115068189862,176.421275484533,171.73316041634314,172.52817307545675,171.99230283338431,EXTENDED,0,169.71771953331285,174.49878241032633,4.781062877013483
1128720.1956251,14.263325505719544,10.037933061477041,FLEXED,0,4.688115068189862,176.421275484533,171.73316041634314,172.77164610558694,172.3021262339076,EXTENDED,0,169.71771953331285,174.49878241032633,4.781062877013483
1128720.2495189,77.02227687360538,23.912685839931942,FLEXED,0,4.688115068189862,176.421275484533,171.73316041634314,172.94954109293943,172.47594305217714,EXTENDED,0,169.71771953331285,174.49878241032633,4.781062877013483
1128720.3178205,115.20675784845393,45.00317891919768,FLEXED,0,4.688115068189862,176.421275484533,171.73316041634314,173.39775167898972,172.74517220782616,EXTENDED,0,169.71771953331285,174.49878241032633,4.781062877013483
1128720.3896441,167.53362788270852,76.61057990290499,FLEXED,0,4.688115068189862,176.421275484533,171.73316041634314,168.1289768939744,171.95521776938944,EXTENDED,0,169.71771953331285,174.49878241032633,4.781062877013483
1128720.4545527,177.3605802589452,110.27731367388651,FLEXED,0,4.688115068189862,176.421275484533,171.73316041634314,167.46836256105877,170.94325566650983,EXTENDED,0,169.71771953331285,174.49878241032633,4.781062877013483
1128720.5209874,178.21900960704002,143.0684504941506,FLEXED,0,4.688115068189862,176.421275484533,171.73316041634314,167.40372794077268,169.869672033547,EXTENDED,0,169.71771953331285,174.49878241032633,4.781062877013483
1128720.5816191,176.386184018366,162.94123192310272,EXTENDED,1,4.688115068189862,176.421275484533,171.73316041634314,170.55607465425027,169.39097874580915,EXTENDED,0,169.39097874580915,174.49878241032633,5.107803664517178
1128720.6423018,176.729901632828,175.2458606799775,EXTENDED,1,4.688115068189862,176.421275484533,171.73316041634314,176.08221902275366,169.92787221456197,EXTENDED,0,169.39097874580915,174.49878241032633,5.107803664517178
1128720.7030786,176.74277304029584,177.087689711495,EXTENDED,1,4.688115068189862,177.087689711495,172.39957464330513,177.9607456209664,171.89422595996035,EXTENDED,0,169.39097874580915,174.49878241032633,5.107803664517178
1128720.7668063,178.58875621698473,177.33332490310292,EXTENDED,1,4.688115068189862,177.33332490310292,172.64520983491306,178.85495092414732,174.17154363257805,EXTENDED,0,169.39097874580915,174.49878241032633,5.107803664517178
1128720.8429132,175.8138031183034,176.85228360535558,EXTENDED,1,4.688115068189862,177.33332490310292,172.64520983491306,177.50946496621094,176.19269103766572,EXTENDED,0,169.39097874580915,176.19269103766572,6.801712291856575
1128720.913243,174.1583788674826,176.40672257517892,EXTENDED,1,4.688115068189862,177.33332490310292,172.64520983491306,178.66941800943528,177.81535970870272,EXTENDED,0,169.39097874580915,177.81535970870272,8.424380962893565
1128720.9819345,175.04553869772798,176.06984998815892,EXTENDED,1,4.688115068189862,177.33332490310292,172.64520983491306,176.4073579541851,,EXTENDED,0,169.39097874580915,177.81535970870272,8.424380962893565
1128721.0380348,176.38530027465146,175.99835543503005,EXTENDED,1,4.688115068189862,177.33332490310292,172.64520983491306,178.50266518373485,,EXTENDED,0,169.39097874580915,177.81535970870272,8.424380962893565
1128721.116607,176.90866670314063,175.6623375322612,EXTENDED,1,4.688115068189862,177.33332490310292,172.64520983491306,178.81067027889597,,EXTENDED,0,169.39097874580915,177.81535970870272,8.424380962893565
1128721.1832007,177.55759688161086,176.0110962849227,EXTENDED,1,4.688115068189862,177.33332490310292,172.64520983491306,178.6177196171333,,EXTENDED,0,169.39097874580915,177.81535970870272,8.424380962893565
1128721.2520974,177.93828858310965,176.7670782280481,EXTENDED,1,4.688115068189862,177.33332490310292,172.64520983491306,178.83897087587462,,EXTENDED,0,169.39097874580915,177.81535970870272,8.424380962893565
1128721.3206318,178.32445838556214,177.42286216561496,EXTENDED,1,4.688115068189862,177.42286216561496,172.7347470974251,178.23202946239832,,EXTENDED,0,169.39097874580915,177.81535970870272,8.424380962893565
1128721.3966434,178.47467739876052,,EXTENDED,1,4.688115068189862,177.42286216561496,172.7347470974251,179.48147527741912,,EXTENDED,0,169.39097874580915,177.81535970870272,8.424380962893565
1128721.4608093,178.83317280979966,,EXTENDED,1,4.688115068189862,177.42286216561496,172.7347470974251,178.98290323101895,,EXTENDED,0,169.39097874580915,177.81535970870272,8.424380962893565
1128721.520172,179.49382077128112,,EXTENDED,1,4.688115068189862,177.42286216561496,172.7347470974251,178.7549405316395,,EXTENDED,0,169.39097874580915,177.81535970870272,8.424380962893565
1128721.6062928,179.24312627644125,,EXTENDED,1,4.688115068189862,177.42286216561496,172.7347470974251,177.88410216026654,,EXTENDED,0,169.39097874580915,177.81535970870272,8.424380962893565
1128721.6870605,178.65344376445995,,EXTENDED,1,4.688115068189862,177.42286216561496,172.7347470974251,177.96456113720382,,EXTENDED,0,169.39097874580915,177.81535970870272,8.424380962893565
1128721.757646,179.04800107583367,,EXTENDED,1,4.688115068189862,177.42286216561496,172.7347470974251,177.6363150636059,,EXTENDED,0,169.39097874580915,177.81535970870272,8.424380962893565
1128721.8278488,178.6701534056181,,EXTENDED,1,4.688115068189862,177.42286216561496,172.7347470974251,178.62515178622624,,EXTENDED,0,169.39097874580915,177.81535970870272,8.424380962893565
1128721.9125667,177.8558630076545,,EXTENDED,1,4.688115068189862,177.42286216561496,172.7347470974251,178.6635789913499,,EXTENDED,0,169.39097874580915,177.81535970870272,8.424380962893565
1128722.0078077,177.3149325993163,,EXTENDED,1,4.688115068189862,177.42286216561496,172.7347470974251,178.34912597179536,,EXTENDED,0,169.39097874580915,177.81535970870272,8.424380962893565
1128722.0892384,176.921454976044,,EXTENDED,1,4.688115068189862,177.42286216561496,172.7347470974251,178.73196681021687,,EXTENDED,0,169.39097874580915,177.81535970870272,8.424380962893565
1128722.1682233,177.4816604086397,,EXTENDED,1,4.688115068189862,177.42286216561496,172.7347470974251,178.13754486537158,,EXTENDED,0,169.39097874580915,177.81535970870272,8.424380962893565
1128722.2323161,177.39561575524198,,EXTENDED,1,4.688115068189862,177.42286216561496,172.7347470974251,178.38396074340153,,EXTENDED,0,169.39097874580915,177.81535970870272,8.424380962893565
1128722.2923595,178.02279028626185,,EXTENDED,1,4.688115068189862,177.42286216561496,172.7347470974251,178.29833828763515,,EXTENDED,0,169.39097874580915,177.81535970870272,8.424380962893565
1128722.3497523,178.66296126762998,,EXTENDED,1,4.688115068189862,177.42286216561496,172.7347470974251,179.37759341147486,,EXTENDED,0,169.39097874580915,177.81535970870272,8.424380962893565
1128722.4186189,178.74969155985545,,EXTENDED,1,4.688115068189862,177.42286216561496,172.7347470974251,179.4563087448755,,EXTENDED,0,169.39097874580915,177.81535970870272,8.424380962893565
1128722.4864824,178.9798949110954,,EXTENDED,1,4.688115068189862,177.42286216561496,172.7347470974251,179.32873596373207,,EXTENDED,0,169.39097874580915,177.81535970870272,8.424380962893565
1128722.5473018,179.30330863753542,,EXTENDED,1,4.688115068189862,177.42286216561496,172.7347470974251,179.364324531515,,EXTENDED,0,169.39097874580915,177.81535970870272,8.424380962893565
1128722.61723,179.59904239667674,,EXTENDED,1,4.688115068189862,177.42286216561496,172.7347470974251,179.481030633932,,EXTENDED,0,169.39097874580915,177.81535970870272,8.424380962893565
1128722.6809098,179.8040954532069,,EXTENDED,1,4.688115068189862,177.42286216561496,172.7347470974251,179.83658124375987,,EXTENDED,0,169.39097874580915,177.81535970870272,8.424380962893565
1128722.7431409,179.96489346809673,,EXTENDED,1,4.688115068189862,177.42286216561496,172.7347470974251,179.90455236444026,,EXTENDED,0,169.39097874580915,177.81535970870272,8.424380962893565
1128722.8040656,179.97841029618556,,EXTENDED,1,4.688115068189862,177.42286216561496,172.7347470974251,179.9266116109251,,EXTENDED,0,169.39097874580915,177.81535970870272,8.424380962893565
1128722.8711313,179.96853154234503,,EXTENDED,1,4.688115068189862,177.42286216561496,172.7347470974251,179.91508970274063,,EXTENDED,0,169.39097874580915,177.81535970870272,8.424380962893565
1128722.9430769,179.997029687741,,EXTENDED,1,4.688115068189862,177.42286216561496,172.7347470974251,179.8120786323396,,EXTENDED,0,169.39097874580915,177.81535970870272,8.424380962893565
1128723.0103505,179.82759553083636,,EXTENDED,1,4.688115068189862,177.42286216561496,172.7347470974251,179.58404639198693,,EXTENDED,0,169.39097874580915,177.81535970870272,8.424380962893565
1128723.0854788,179.7340786637651,,EXTENDED,1,4.688115068189862,177.42286216561496,172.7347470974251,179.34790019930963,,EXTENDED,0,169.39097874580915,177.81535970870272,8.424380962893565
1128723.1503448,179.83576308524187,,EXTENDED,1,4.688115068189862,177.42286216561496,172.7347470974251,178.65970561292846,,EXTENDED,0,169.39097874580915,177.81535970870272,8.424380962893565
1128723.2167794,179.10589426345072,,EXTENDED,1,4.688115068189862,177.42286216561496,172.7347470974251,179.30216036550667,,EXTENDED,0,169.39097874580915,177.81535970870272,8.424380962893565
1128723.2731928,178.2598719340338,,EXTENDED,1,4.688115068189862,177.42286216561496,172.7347470974251,179.59966728127338,,EXTENDED,0,169.39097874580915,177.81535970870272,8.424380962893565
1128723.3491314,178.07303723913068,,EXTENDED,1,4.688115068189862,177.42286216561496,172.7347470974251,179.20678779993267,,EXTENDED,0,169.39097874580915,177.81535970870272,8.424380962893565
1128723.4133261,178.35179759774175,,EXTENDED,1,4.688115068189862,177.42286216561496,172.7347470974251,177.73378459663982,,EXTENDED,0,169.39097874580915,177.81535970870272,8.424380962893565
1128723.4833577,178.31011182887818,,EXTENDED,1,4.688115068189862,177.42286216561496,172.7347470974251,176.93259347022615,,EXTENDED,0,169.39097874580915,177.81535970870272,8.424380962893565
1128723.5588994,179.36662115014232,,EXTENDED,1,4.688115068189862,177.42286216561496,172.7347470974251,168.54736795250128,,EXTENDED,0,169.39097874580915,177.81535970870272,8.424380962893565
1128723.6352098,160.23201715300002,,EXTENDED,1,4.688115068189862,177.42286216561496,172.7347470974251,170.1184135892672,,EXTENDED,0,169.39097874580915,177.81535970870272,8.424380962893565
1128723.9733535,6.918007698929204,,EXTENDED,1,4.688115068189862,177.42286216561496,172.7347470974251,174.3144973758639,,EXTENDED,0,169.39097874580915,177.81535970870272,8.424380962893565
1128724.0364279,2.480941702812633,,EXTENDED,1,4.688115068189862,177.42286216561496,172.7347470974251,175.280820433594,,EXTENDED,0,169.39097874580915,177.81535970870272,8.424380962893565
1128724.1092747,0.652544960405228,,EXTENDED,1,4.688115068189862,177.42286216561496,172.7347470974251,174.57417020311127,,EXTENDED,0,169.39097874580915,177.81535970870272,8.424380962893565
1128724.1878054,0.04688618240768738,,EXTENDED,1,4.688115068189862,177.42286216561496,172.7347470974251,173.9861852236641,,EXTENDED,0,169.39097874580915,177.81535970870272,8.424380962893565
1128724.2678992,0.6071807072734435,142.26723825213932,EXTENDED,1,4.688115068189862,177.42286216561496,172.7347470974251,173.45388890761353,,EXTENDED,0,169.39097874580915,177.81535970870272,8.424380962893565
1128724.3559135,2.814021019050722,107.44830911532135,EXTENDED,1,4.688115068189862,177.42286216561496,172.7347470974251,172.4717690132705,177.0932697068061,EXTENDED,0,169.39097874580915,177.81535970870272,8.424380962893565
1128724.4409208,2.712375507674618,72.47926484053411,FLEXED,1,4.688115068189862,177.42286216561496,172.7347470974251,171.63959760109344,175.82904010283147,EXTENDED,0,169.39097874580915,177.81535970870272,8.424380962893565
1128724.5463516,2.7925192098612373,37.450110965884434,FLEXED,1,4.688115068189862,177.42286216561496,172.7347470974251,172.01442387974444,174.46093469395092,EXTENDED,0,169.39097874580915,177.81535970870272,8.424380962893565
1128724.6346971,1.3740547686103695,2.0600302424940784,FLEXED,1,2.0600302424940784,177.42286216561496,175.3628319231209,171.50153815827017,173.25934933236277,EXTENDED,0,169.39097874580915,177.81535970870272,8.424380962893565
1128724.7041519,6.644298559343228,3.2674538129080353,FLEXED,1,2.0600302424940784,177.42286216561496,175.3628319231209,171.56271337970662,171.83800840641703,EXTENDED,0,169.39097874580915,177.81535970870272,8.424380962893565
1128724.8459465,13.630776160824325,5.430804841262756,FLEXED,1,2.0600302424940784,177.42286216561496,175.3628319231209,171.5209294216969,171.6478404881023,EXTENDED,0,169.39097874580915,177.81535970870272,8.424380962893565
1128724.9889223,23.598568885072265,9.608043516742285,FLEXED,1,2.0600302424940784,177.42286216561496,175.3628319231209,172.7589377558825,171.87170851906012,EXTENDED,0,169.39097874580915,177.81535970870272,8.424380962893565
1128725.081386,168.21164749503347,42.69186917377673,FLEXED,1,2.0600302424940784,177.42286216561496,175.3628319231209,172.32394186616494,171.93361211634425,EXTENDED,0,169.39097874580915,177.81535970870272,8.424380962893565
1128725.1644646,172.9871772226314,77.01449366458094,FLEXED,1,2.0600302424940784,177.42286216561496,175.3628319231209,171.99493536485605,172.03229155766138,EXTENDED,0,169.39097874580915,177.81535970870272,8.424380962893565
1128725.2299061,173.13106155234132,110.31184626318057,FLEXED,1,2.0600302424940784,177.42286216561496,175.3628319231209,178.84978274493258,173.48970543070658,EXTENDED,0,169.39097874580915,177.81535970870272,8.424380962893565
1128725.3042493,173.53895900442595,142.2934828319009,FLEXED,1,2.0600302424940784,177.42286216561496,175.3628319231209,176.1287244140996,174.41126442918713,EXTENDED,0,169.39097874580915,177.81535970870272,8.424380962893565
1128725.3740393,174.33194844900285,172.440158744687,EXTENDED,2,2.0600302424940784,177.42286216561496,175.3628319231209,176.6610905198386,175.19169498197834,EXTENDED,0,169.39097874580915,177.81535970870272,8.424380962893565
1128725.4410066,178.06154141515515,174.41013752871135,EXTENDED,2,2.0600302424940784,177.42286216561496,175.3628319231209,177.1636133427912,176.15962927730362,EXTENDED,0,169.39097874580915,177.81535970870272,8.424380962893565
1128725.5208849,176.8545395480041,175.18360999378586,EXTENDED,2,2.0600302424940784,177.42286216561496,175.3628319231209,179.5309052423075,,EXTENDED,0,169.39097874580915,177.81535970870272,8.424380962893565
1128725.5907794,176.9763084295903,175.95265936923568,EXTENDED,2,2.0600302424940784,177.42286216561496,175.3628319231209,179.57121626876815,,EXTENDED,0,169.39097874580915,177.81535970870272,8.424380962893565
1128725.6783933,178.1995219276159,176.88477195387367,EXTENDED,2,2.0600302424940784,177.42286216561496,175.3628319231209,179.78806799785826,,EXTENDED,0,169.39097874580915,177.81535970870272,8.424380962893565
1128725.7547694,178.9666276050751,177.81170778508812,EXTENDED,2,2.0600302424940784,177.81170778508812,175.75167754259405,179.8446122912939,,EXTENDED,0,169.39097874580915,177.81535970870272,8.424380962893565
1128725.8196295,179.4541090954035,178.0902213211378,EXTENDED,2,2.0600302424940784,178.0902213211378,176.03019107864372,179.09293094936177,,EXTENDED,0,169.39097874580915,177.81535970870272,8.424380962893565
1128725.8799907,179.73685834553956,,EXTENDED,2,2.0600302424940784,178.0902213211378,176.03019107864372,179.4451649484618,,EXTENDED,0,169.39097874580915,177.81535970870272,8.424380962893565
1128725.9406458,179.67941431108065,,EXTENDED,2,2.0600302424940784,178.0902213211378,176.03019107864372,178.09963301706924,,EXTENDED,0,169.39097874580915,177.81535970870272,8.424380962893565
1128725.9979745,179.55143833036976,,EXTENDED,2,2.0600302424940784,178.0902213211378,176.03019107864372,177.91692705513057,,EXTENDED,0,169.39097874580915,177.81535970870272,8.424380962893565
1128726.0717792,178.24163735529575,,EXTENDED,2,2.0600302424940784,178.0902213211378,176.03019107864372,178.37388734476934,,EXTENDED,0,169.39097874580915,177.81535970870272,8.424380962893565
1128726.1390326,177.5384289764044,,EXTENDED,2,2.0600302424940784,178.0902213211378,176.03019107864372,178.94559524836222,,EXTENDED,0,169.39097874580915,177.81535970870272,8.424380962893565
1128726.2051086,178.2813751050643,,EXTENDED,2,2.0600302424940784,178.0902213211378,176.03019107864372,178.27621066647225,,EXTENDED,0,169.39097874580915,177.81535970870272,8.424380962893565
1128726.2772001,178.9315871687479,,EXTENDED,2,2.0600302424940784,178.0902213211378,176.03019107864372,177.12210141596717,,EXTENDED,0,169.39097874580915,177.81535970870272,8.424380962893565
1128726.347965,178.22236010312736,,EXTENDED,2,2.0600302424940784,178.0902213211378,176.03019107864372,177.09107477850023,,EXTENDED,0,169.39097874580915,177.81535970870272,8.424380962893565
1128726.4113522,178.0940150978136,,EXTENDED,2,2.0600302424940784,178.0902213211378,176.03019107864372,177.14542552306355,,EXTENDED,0,169.39097874580915,177.81535970870272,8.424380962893565
1128726.4855249,177.65738910086077,,EXTENDED,2,2.0600302424940784,178.0902213211378,176.03019107864372,177.24371809406432,,EXTENDED,0,169.39097874580915,177.81535970870272,8.424380962893565
1128726.5569458,177.38371686439172,,EXTENDED,2,2.0600302424940784,178.0902213211378,176.03019107864372,177.54699886513728,,EXTENDED,0,169.39097874580915,177.81535970870272,8.424380962893565
1128726.6179302,177.52355513788004,,EXTENDED,2,2.0600302424940784,178.0902213211378,176.03019107864372,177.58240920742742,,EXTENDED,0,169.39097874580915,177.81535970870272,8.424380962893565
1128726.685274,177.72352406964265,,EXTENDED,2,2.0600302424940784,178.0902213211378,176.03019107864372,177.84802558782027,,EXTENDED,0,169.39097874580915,177.81535970870272,8.424380962893565
1128726.7587787,177.97139108590954,,EXTENDED,2,2.0600302424940784,178.0902213211378,176.03019107864372,178.25550164864282,,EXTENDED,0,169.39097874580915,177.81535970870272,8.424380962893565
1128726.8287649,178.2301197976567,,EXTENDED,2,2.0600302424940784,178.0902213211378,176.03019107864372,178.69143127369574,,EXTENDED,0,169.39097874580915,177.81535970870272,8.424380962893565
1128726.8941208,178.34776352262392,,EXTENDED,2,2.0600302424940784,178.0902213211378,176.03019107864372,178.26001510938337,,EXTENDED,0,169.39097874580915,177.81535970870272,8.424380962893565
1128726.9584493,178.4045052540572,,EXTENDED,2,2.0600302424940784,178.0902213211378,176.03019107864372,177.05474227653036,,EXTENDED,0,169.39097874580915,177.81535970870272,8.424380962893565
1128727.0242149,178.47816407505502,,EXTENDED,2,2.0600302424940784,178.0902213211378,176.03019107864372,176.6681285015822,,EXTENDED,0,169.39097874580915,177.81535970870272,8.424380962893565
1128727.1032746,178.07462870520922,,EXTENDED,2,2.0600302424940784,178.0902213211378,176.03019107864372,176.85778080024002,,EXTENDED,0,169.39097874580915,177.81535970870272,8.424380962893565
1128727.1745321,177.43868852876912,,EXTENDED,2,2.0600302424940784,178.0902213211378,176.03019107864372,176.20253730699494,,EXTENDED,0,169.39097874580915,177.81535970870272,8.424380962893565
1128727.2412072,177.23545401740907,,EXTENDED,2,2.0600302424940784,178.0902213211378,176.03019107864372,175.3035741251423,,EXTENDED,0,169.39097874580915,177.81535970870272,8.424380962893565
1128727.3018973,177.32310228525623,,EXTENDED,2,2.0600302424940784,178.0902213211378,176.03019107864372,174.84767322011717,,EXTENDED,0,169.39097874580915,177.81535970870272,8.424380962893565
1128727.3702414,176.8708662355391,,EXTENDED,2,2.0600302424940784,178.0902213211378,176.03019107864372,174.3494915991206,,EXTENDED,0,169.39097874580915,177.81535970870272,8.424380962893565
1128727.4425215,176.1597842759194,,EXTENDED,2,2.0600302424940784,178.0902213211378,176.03019107864372,174.21495748398678,,EXTENDED,0,169.39097874580915,177.81535970870272,8.424380962893565
1128727.5247052,175.7870647080484,,EXTENDED,2,2.0600302424940784,178.0902213211378,176.03019107864372,174.18089094737917,,EXTENDED,0,169.39097874580915,177.81535970870272,8.424380962893565
1128727.6053848,175.80042648038673,,EXTENDED,2,2.0600302424940784,178.0902213211378,176.03019107864372,174.0694272036442,,EXTENDED,0,169.39097874580915,177.81535970870272,8.424380962893565
1128727.6802319,175.65103392190898,,EXTENDED,2,2.0600302424940784,178.0902213211378,176.03019107864372,174.2332761686438,,EXTENDED,0,169.39097874580915,177.81535970870272,8.424380962893565
1128727.7624843,175.5257204016275,,EXTENDED,2,2.0600302424940784,178.0902213211378,176.03019107864372,174.19252558493963,,EXTENDED,0,169.39097874580915,177.81535970870272,8.424380962893565
1128727.8363306,175.90347647070328,,EXTENDED,2,2.0600302424940784,178.0902213211378,176.03019107864372,174.2988080504399,,EXTENDED,0,169.39097874580915,177.81535970870272,8.424380962893565
1128727.9043904,176.5446516938106,,EXTENDED,2,2.0600302424940784,178.0902213211378,176.03019107864372,174.63866201447243,,EXTENDED,0,169.39097874580915,177.81535970870272,8.424380962893565
1128727.9708105,177.97374144920346,,EXTENDED,2,2.0600302424940784,178.0902213211378,176.03019107864372,175.22545564111422,,EXTENDED,0,169.39097874580915,177.81535970870272,8.424380962893565
1128728.0339031,178.7181235804858,,EXTENDED,2,2.0600302424940784,178.0902213211378,176.03019107864372,175.6092435060132,,EXTENDED,0,169.39097874580915,177.81535970870272,8.424380962893565
1128728.0988379,178.64030637254584,,EXTENDED,2,2.0600302424940784,178.0902213211378,176.03019107864372,175.88103593633568,,EXTENDED,0,169.39097874580915,177.81535970870272,8.424380962893565
1128728.1677113,178.56091607247077,,EXTENDED,2,2.0600302424940784,178.0902213211378,176.03019107864372,176.11749830446374,,EXTENDED,0,169.39097874580915,177.81535970870272,8.424380962893565
1128728.2353837,178.2956114299959,,EXTENDED,2,2.0600302424940784,178.0902213211378,176.03019107864372,174.41015321599434,,EXTENDED,0,169.39097874580915,177.81535970870272,8.424380962893565
1128728.2963962,179.89292398580778,,EXTENDED,2,2.0600302424940784,178.0902213211378,176.03019107864372,160.9363392572121,,EXTENDED,0,169.39097874580915,177.81535970870272,8.424380962893565
1128728.3761018,179.83426492147117,,EXTENDED,2,2.0600302424940784,178.0902213211378,176.03019107864372,153.77471254264,,EXTENDED,0,169.39097874580915,177.81535970870272,8.424380962893565
1128728.4403103,179.74589096004453,,EXTENDED,2,2.0600302424940784,178.0902213211378,176.03019107864372,154.6014517788855,,EXTENDED,0,169.39097874580915,177.81535970870272,8.424380962893565
1128728.5076093,176.3430013147012,177.9879136744772,EXTENDED,2,2.0600302424940784,178.0902213211378,176.03019107864372,149.19090398746988,,EXTENDED,0,169.39097874580915,177.81535970870272,8.424380962893565
1128728.5816318,175.2473888309066,177.64212975474047,EXTENDED,2,2.0600302424940784,178.0902213211378,176.03019107864372,150.43034393424256,,EXTENDED,0,169.39097874580915,177.81535970870272,8.424380962893565
1128728.6463903,174.5391297835544,176.91005132592815,EXTENDED,2,2.0600302424940784,178.0902213211378,176.03019107864372,150.36918018884285,,EXTENDED,0,169.39097874580915,177.81535970870272,8.424380962893565
1128728.7070221,175.00752639600887,176.1182310841149,EXTENDED,2,2.0600302424940784,178.0902213211378,176.03019107864372,144.81707175612846,,EXTENDED,0,169.39097874580915,177.81535970870272,8.424380962893565
1128728.7712217,175.2581680662084,175.2790428782759,EXTENDED,2,2.0600302424940784,178.0902213211378,176.03019107864372,134.31940299522913,,EXTENDED,0,169.39097874580915,177.81535970870272,8.424380962893565
1128728.8426965,175.34428544041043,175.07929970341775,EXTENDED,2,2.0600302424940784,178.0902213211378,176.03019107864372,135.004582721979,,EXTENDED,0,169.39097874580915,177.81535970870272,8.424380962893565
1128728.9101126,175.45107582070875,175.12003710137816,EXTENDED,2,2.0600302424940784,178.0902213211378,176.03019107864372,61.15425651734775,,EXTENDED,0,169.39097874580915,177.81535970870272,8.424380962893565
1128728.9767569,172.81575189940503,174.77536152454832,EXTENDED,2,2.0600302424940784,178.0902213211378,176.03019107864372,24.37258155025364,,EXTENDED,0,169.39097874580915,177.81535970870272,8.424380962893565
1128729.0445715,171.83622554372315,174.14110135409118,EXTENDED,2,2.0600302424940784,178.0902213211378,176.03019107864372,24.072580084666978,,EXTENDED,0,169.39097874580915,177.81535970870272,8.424380962893565
1128729.1288268,168.33816883094485,172.7571015070384,EXTENDED,2,2.0600302424940784,178.0902213211378,176.03019107864372,22.95886695395945,146.3524155951243,EXTENDED,0,146.3524155951243,177.81535970870272,31.462944113578402
1128729.1974843,166.95644318330167,171.07953305561668,EXTENDED,2,2.0600302424940784,178.0902213211378,176.03019107864372,22.251653447331318,115.03278973560404,EXTENDED,0,115.03278973560404,177.81535970870272,62.782569973098674
1128729.2668783,166.78232798427996,169.34578348833094,EXTENDED,2,2.0600302424940784,178.0902213211378,176.03019107864372,22.66989692300784,84.34102423738568,FLEXED,0,84.34102423738568,177.81535970870272,93.47433547131703
1128729.5790675,166.74084052597215,168.13080121364436,EXTENDED,2,2.0600302424940784,178.0902213211378,176.03019107864372,24.059429964604874,53.820692126338926,FLEXED,0,53.820692126338926,177.81535970870272,123.99466758236379
1128729.6580952,169.41481698258573,167.6465195014169,EXTENDED,2,2.0600302424940784,178.0902213211378,176.03019107864372,27.94617462344007,23.97720438246871,FLEXED,0,23.97720438246871,177.81535970870272,153.83815532623402
1128729.7270267,170.8519670776989,168.14927915076765,EXTENDED,2,2.0600302424940784,178.0902213211378,176.03019107864372,36.99290883069363,26.78401275781555,FLEXED,0,23.97720438246871,177.81535970870272,153.83815532623402
1128729.7921275,171.6152099864651,169.08103251140034,EXTENDED,2,2.0600302424940784,178.0902213211378,176.03019107864372,40.772507564357646,30.488183581220813,FLEXED,0,23.97720438246871,177.81535970870272,153.83815532623402
1128729.8540571,172.70059531186797,170.26468597691797,EXTENDED,2,2.0600302424940784,178.0902213211378,176.03019107864372,98.31369318489185,45.61694283359761,FLEXED,0,23.97720438246871,177.81535970870272,153.83815532623402
1128729.9209149,173.0759909355365,171.53171605883085,EXTENDED,2,2.0600302424940784,178.0902213211378,176.03019107864372,140.33621683785736,68.8723002082481,FLEXED,0,23.97720438246871,177.81535970870272,153.83815532623402
1128729.9884669,172.67499740309148,172.183752142932,EXTENDED,2,2.0600302424940784,178.0902213211378,176.03019107864372,139.86843667387888,91.25675261833587,FLEXED,0,23.97720438246871,177.81535970870272,153.83815532623402
1128730.0541029,173.55861642887194,172.72508201316663,EXTENDED,2,2.0600302424940784,178.0902213211378,176.03019107864372,151.97874697172463,114.25392024654207,FLEXED,0,23.97720438246871,177.81535970870272,153.83815532623402
1128730.1208486,174.70427287509156,173.34289459089186,EXTENDED,2,2.0600302424940784,178.0902213211378,176.03019107864372,160.18310424231805,138.13603958213417,FLEXED,0,23.97720438246871,177.81535970870272,153.83815532623402
1128730.1875987,175.005349260313,173.80384538058087,EXTENDED,2,2.0600302424940784,178.0902213211378,176.03019107864372,163.4957355091485,151.1724480469855,FLEXED,0,23.97720438246871,177.81535970870272,153.83815532623402
1128730.2539602,178.07555067753904,174.8037573289814,EXTENDED,2,2.0600302424940784,178.0902213211378,176.03019107864372,175.77413531352605,158.26003174211922,FLEXED,0,23.97720438246871,177.81535970870272,153.83815532623402
1128730.320113,179.6955513275726,176.20786811387762,EXTENDED,2,2.0600302424940784,178.0902213211378,176.03019107864372,179.74363085750068,,FLEXED,0,23.97720438246871,177.81535970870272,153.83815532623402
1128730.3903765,179.45714599848873,177.387574027801,EXTENDED,2,2.0600302424940784,178.0902213211378,176.03019107864372,179.34897717210026,,FLEXED,0,23.97720438246871,177.81535970870272,153.83815532623402
1128730.4538235,179.6491725620152,178.3765539651857,EXTENDED,2,2.0600302424940784,178.3765539651857,176.31652372269164,176.82557909439257,,FLEXED,0,23.97720438246871,177.81535970870272,153.83815532623402
1128730.5098203,179.4945172757683,179.27438756827678,EXTENDED,2,2.0600302424940784,179.27438756827678,177.21435732578271,176.68442360557168,,FLEXED,0,23.97720438246871,177.81535970870272,153.83815532623402
1128730.5852496,179.09480338876028,179.47823811052103,EXTENDED,2,2.0600302424940784,179.47823811052103,177.41820786802697,176.95827558299993,,FLEXED,0,23.97720438246871,177.81535970870272,153.83815532623402
1128730.6551281,179.22470024335507,179.38406789367752,EXTENDED,2,2.0600302424940784,179.47823811052103,177.41820786802697,176.68185734370064,,FLEXED,0,23.97720438246871,177.81535970870272,153.83815532623402
1128730.7292375,179.2731299460367,179.34726468318712,EXTENDED,2,2.0600302424940784,179.47823811052103,177.41820786802697,177.41036368480633,,FLEXED,0,23.97720438246871,177.81535970870272,153.83815532623402
1128730.8018577,179.22684679615364,179.26279953001477,EXTENDED,2,2.0600302424940784,179.47823811052103,177.41820786802697,178.04731086371984,,FLEXED,0,23.97720438246871,177.81535970870272,153.83815532623402
1128730.8765904,178.7035092649634,179.10459792785383,EXTENDED,2,2.0600302424940784,179.47823811052103,177.41820786802697,177.03759877530157,,FLEXED,0,23.97720438246871,177.81535970870272,153.83815532623402
1128730.9543767,178.46466864385886,,EXTENDED,2,2.0600302424940784,179.47823811052103,177.41820786802697,177.7540072201003,,FLEXED,0,23.97720438246871,177.81535970870272,153.83815532623402
1128731.0194767,178.46143080842518,,EXTENDED,2,2.0600302424940784,179.47823811052103,177.41820786802697,178.23709184682832,,FLEXED,0,23.97720438246871,177.81535970870272,153.83815532623402
1128731.0905811,178.37270285685065,,EXTENDED,2,2.0600302424940784,179.47823811052103,177.41820786802697,179.36104420315814,,FLEXED,0,23.97720438246871,177.81535970870272,153.83815532623402
1128731.1559947,178.70198158107218,,EXTENDED,2,2.0600302424940784,179.47823811052103,177.41820786802697,179.5801207266126,,FLEXED,0,23.97720438246871,177.81535970870272,153.83815532623402
1128731.22051,178.89250204597172,,EXTENDED,2,2.0600302424940784,179.47823811052103,177.41820786802697,179.09467702465534,,FLEXED,0,23.97720438246871,177.81535970870272,153.83815532623402
1128731.2777223,178.85970869590946,,EXTENDED,2,2.0600302424940784,179.47823811052103,177.41820786802697,179.01136743238078,,FLEXED,0,23.97720438246871,177.81535970870272,153.83815532623402
1128731.3600292,179.02619791332197,,EXTENDED,2,2.0600302424940784,179.47823811052103,177.41820786802697,178.7430338621853,,FLEXED,0,23.97720438246871,177.81535970870272,153.83815532623402
1128731.4235323,179.26151230547399,,EXTENDED,2,2.0600302424940784,179.47823811052103,177.41820786802697,178.62259155675414,,FLEXED,0,23.97720438246871,177.81535970870272,153.83815532623402
1128731.4983284,179.24807237579734,,EXTENDED,2,2.0600302424940784,179.47823811052103,177.41820786802697,178.8337485962666,,FLEXED,0,23.97720438246871,177.81535970870272,153.83815532623402
1128731.5721038,179.23796400551228,,EXTENDED,2,2.0600302424940784,179.47823811052103,177.41820786802697,178.88025752093253,,FLEXED,0,23.97720438246871,177.81535970870272,153.83815532623402
1128731.6418794,179.22987531057913,,EXTENDED,2,2.0600302424940784,179.47823811052103,177.41820786802697,178.92168808663737,,FLEXED,0,23.97720438246871,177.81535970870272,153.83815532623402
1128731.7037727,179.23606134323603,,EXTENDED,2,2.0600302424940784,179.47823811052103,177.41820786802697,178.8978079987415,,FLEXED,0,23.97720438246871,177.81535970870272,153.83815532623402
1128731.770098,179.2776577669947,,EXTENDED,2,2.0600302424940784,179.47823811052103,177.41820786802697,178.68859802367786,,FLEXED,0,23.97720438246871,177.81535970870272,153.83815532623402
1128731.8487737,179.46914171599204,,EXTENDED,2,2.0600302424940784,179.47823811052103,177.41820786802697,178.7242634270992,,FLEXED,0,23.97720438246871,177.81535970870272,153.83815532623402
1128731.912335,179.57109770387248,,EXTENDED,2,2.0600302424940784,179.47823811052103,177.41820786802697,178.69975528310852,,FLEXED,0,23.97720438246871,177.81535970870272,153.83815532623402
1128731.9818478,179.7234180126195,,EXTENDED,2,2.0600302424940784,179.47823811052103,177.41820786802697,178.54636623763176,,FLEXED,0,23.97720438246871,177.81535970870272,153.83815532623402
1128732.0560802,179.99497005873428,,EXTENDED,2,2.0600302424940784,179.47823811052103,177.41820786802697,178.20289869277676,,FLEXED,0,23.97720438246871,177.81535970870272,153.83815532623402
1128732.1184059,179.80038768881283,,EXTENDED,2,2.0600302424940784,179.47823811052103,177.41820786802697,177.9687249632903,,FLEXED,0,23.97720438246871,177.81535970870272,153.83815532623402
1128732.1890715,179.6537754002705,,EXTENDED,2,2.0600302424940784,179.47823811052103,177.41820786802697,178.08773806833582,,FLEXED,0,23.97720438246871,177.81535970870272,153.83815532623402
1128732.2644855,179.38266878504297,,EXTENDED,2,2.0600302424940784,179.47823811052103,177.41820786802697,178.2588185622946,,FLEXED,0,23.97720438246871,177.81535970870272,153.83815532623402
1128732.3260357,179.2902631090225,,EXTENDED,2,2.0600302424940784,179.47823811052103,177.41820786802697,178.35636596540357,,FLEXED,0,23.97720438246871,177.81535970870272,153.83815532623402
1128732.378678,179.59609298871993,,EXTENDED,2,2.0600302424940784,179.47823811052103,177.41820786802697,178.57929829482717,,FLEXED,0,23.97720438246871,177.81535970870272,153.83815532623402
1128732.4518155,179.93413857793396,,EXTENDED,2,2.0600302424940784,179.47823811052103,177.41820786802697,178.55328471484248,,FLEXED,0,23.97720438246871,177.81535970870272,153.83815532623402
1128732.5283783,179.651958390431,,EXTENDED,2,2.0600302424940784,179.47823811052103,177.41820786802697,178.48141020445453,,FLEXED,0,23.97720438246871,177.81535970870272,153.83815532623402
1128732.5972783,179.48616964142184,,EXTENDED,2,2.0600302424940784,179.47823811052103,177.41820786802697,178.70591302973148,,FLEXED,0,23.97720438246871,177.81535970870272,153.83815532623402
1128732.6659438,179.55227000256644,,EXTENDED,2,2.0600302424940784,179.47823811052103,177.41820786802697,178.35519088179493,,FLEXED,0,23.97720438246871,177.81535970870272,153.83815532623402
1128732.7438725,179.56906382022476,,EXTENDED,2,2.0600302424940784,179.47823811052103,177.41820786802697,178.18666099337216,,FLEXED,0,23.97720438246871,177.81535970870272,153.83815532623402
1128732.8178887,179.8958925254861,,EXTENDED,2,2.0600302424940784,179.47823811052103,177.41820786802697,171.74184415877517,,FLEXED,0,23.97720438246871,177.81535970870272,153.83815532623402
1128732.8881743,179.23768763513053,,EXTENDED,2,2.0600302424940784,179.47823811052103,177.41820786802697,156.42209548777075,,FLEXED,0,23.97720438246871,177.81535970870272,153.83815532623402
1128732.9629703,178.90080805632132,,EXTENDED,2,2.0600302424940784,179.47823811052103,177.41820786802697,153.4291298425568,,FLEXED,0,23.97720438246871,177.81535970870272,153.83815532623402
1128733.0322343,176.38895665238616,178.563428580579,EXTENDED,2,2.0600302424940784,179.47823811052103,177.41820786802697,141.98215435852478,,FLEXED,0,23.97720438246871,177.81535970870272,153.83815532623402
1128733.0979749,175.67118518889126,177.85272556968624,EXTENDED,2,2.0600302424940784,179.47823811052103,177.41820786802697,136.39778139490738,,FLEXED,0,23.97720438246871,177.81535970870272,153.83815532623402
1128733.1680998,175.8202781921934,177.16215521891758,EXTENDED,2,2.0600302424940784,179.47823811052103,177.41820786802697,133.74339513269143,,FLEXED,0,23.97720438246871,177.81535970870272,153.83815532623402
1128733.2381172,175.97875160043813,176.5125361797745,EXTENDED,2,2.0600302424940784,179.47823811052103,177.41820786802697,88.0820902037656,,FLEXED,0,23.97720438246871,177.81535970870272,153.83815532623402
1128733.3106236,174.22052554949207,175.6159394366802,EXTENDED,2,2.0600302424940784,179.47823811052103,177.41820786802697,63.57929868937124,,FLEXED,0,23.97720438246871,177.81535970870272,153.83815532623402
1128733.3826673,173.89075995914715,175.11630009803238,EXTENDED,2,2.0600302424940784,179.47823811052103,177.41820786802697,51.87073811896504,,FLEXED,0,23.97720438246871,177.81535970870272,153.83815532623402
1128733.4422665,172.59311684329447,174.500686428913,EXTENDED,2,2.0600302424940784,179.47823811052103,177.41820786802697,51.55855522093132,140.59805545152972,FLEXED,0,23.97720438246871,177.81535970870272,153.83815532623402
1128733.5194275,171.3135133285275,173.59933345617986,EXTENDED,2,2.0600302424940784,179.47823811052103,177.41820786802697,46.022690997447725,119.40684425667432,FLEXED,0,23.97720438246871,177.81535970870272,153.83815532623402
1128733.5856726,167.12749351468145,171.8290818390285,EXTENDED,2,2.0600302424940784,179.47823811052103,177.41820786802697,40.324145477756424,95.43505250376201,FLEXED,0,23.97720438246871,177.81535970870272,153.83815532623402
1128733.6449794,165.8498008547717,170.15493690008446,EXTENDED,2,2.0600302424940784,179.47823811052103,177.41820786802697,39.47678983257173,70.63126336844665,FLEXED,0,23.97720438246871,177.81535970870272,153.83815532623402
1128733.7075538,165.48416244180413,168.47361739661588,EXTENDED,2,2.0600302424940784,179.47823811052103,177.41820786802697,35.968370946793534,42.67011049510015,FLEXED,0,23.97720438246871,177.81535970870272,153.83815532623402
1128733.7789044,163.4221772128305,166.63942947052305,EXTENDED,2,2.0600302424940784,179.47823811052103,177.41820786802697,35.25763611156442,39.409926673226764,FLEXED,0,23.97720438246871,177.81535970870272,153.83815532623402
1128733.8512101,161.9484041285608,164.76640763052973,EXTENDED,2,2.0600302424940784,179.47823811052103,177.41820786802697,35.45426700294369,37.29624187432596,FLEXED,0,23.97720438246871,177.81535970870272,153.83815532623402
1128733.9362886,162.12407043622844,163.7657230148391,EXTENDED,2,2.0600302424940784,179.47823811052103,177.41820786802697,35.89543690699674,36.410500160174024,FLEXED,0,23.97720438246871,177.81535970870272,153.83815532623402
1128734.0192297,162.25397812680882,163.04655846924652,EXTENDED,2,2.0600302424940784,179.47823811052103,177.41820786802697,35.84362781185188,35.683867756030054,FLEXED,0,23.97720438246871,177.81535970870272,153.83815532623402
1128734.0928682,162.7274284137315,162.495211663632,EXTENDED,2,2.0600302424940784,179.47823811052103,177.41820786802697,35.87205003671808,35.66460357401496,FLEXED,0,23.97720438246871,177.81535970870272,153.83815532623402
1128734.1698906,162.83427156244272,162.37763053355445,EXTENDED,2,2.0600302424940784,179.47823811052103,177.41820786802697,35.808505919712,35.774777535644475,FLEXED,0,23.97720438246871,177.81535970870272,153.83815532623402
1128734.2396343,161.9634263727859,162.38063498239947,EXTENDED,2,2.0600302424940784,179.47823811052103,177.41820786802697,35.71073474053083,35.82607108316191,FLEXED,0,23.97720438246871,177.81535970870272,153.83815532623402
1128734.3055383,161.87791185909094,162.331403266972,EXTENDED,2,2.0600302424940784,179.47823811052103,177.41820786802697,35.69661363034357,35.78630642783126,FLEXED,0,23.97720438246871,177.81535970870272,153.83815532623402
1128734.3649809,162.61610136556706,162.40382791472365,EXTENDED,2,2.0600302424940784,179.47823811052103,177.41820786802697,35.81901212717815,35.78138329089653,FLEXED,0,23.97720438246871,177.81535970870272,153.83815532623402
1128734.4260484,163.57244176562648,162.57283058510262,EXTENDED,2,2.0600302424940784,179.47823811052103,177.41820786802697,35.469065442335854,35.70078637202008,FLEXED,0,23.97720438246871,177.81535970870272,153.83815532623402
1128734.494661,164.34936129662077,162.87584853193826,EXTENDED,2,2.0600302424940784,179.47823811052103,177.41820786802697,35.2318063896053,35.58544646599874,FLEXED,0,23.97720438246871,177.81535970870272,153.83815532623402
1128734.5665235,165.27190772356502,163.53754480209406,EXTENDED,2,2.0600302424940784,179.47823811052103,177.41820786802697,35.00386223542818,35.444071964978214,FLEXED,0,23.97720438246871,177.81535970870272,153.83815532623402
1128734.6429097,166.61671126036285,164.48530468234844,EXTENDED,2,2.0600302424940784,179.47823811052103,177.41820786802697,34.341362249505025,35.1730216888105,FLEXED,0,23.97720438246871,177.81535970870272,153.83815532623402
1128734.7027694,167.33600615860513,165.42928564095604,EXTENDED,2,2.0600302424940784,179.47823811052103,177.41820786802697,34.13331862784227,34.835882988943325,FLEXED,0,23.97720438246871,177.81535970870272,153.83815532623402
1128734.7679749,167.68684511564902,166.25216631096055,EXTENDED,2,2.0600302424940784,179.47823811052103,177.41820786802697,34.36316153443413,34.61470220736298,FLEXED,0,23.97720438246871,177.81535970870272,153.83815532623402
1128734.8329661,168.0268806729223,166.98767018622087,EXTENDED,2,2.0600302424940784,179.47823811052103,177.41820786802697,34.87342006866524,34.54302494317497,FLEXED,0,23.97720438246871,177.81535970870272,153.83815532623402
1128734.9011475,168.44766436002396,167.62282151351263,EXTENDED,2,2.0600302424940784,179.47823811052103,177.41820786802697,35.47820830920177,34.637894157929686,FLEXED,0,23.97720438246871,177.81535970870272,153.83815532623402
1128735.1914527,173.9370737181804,169.08689400507618,EXTENDED,2,2.0600302424940784,179.47823811052103,177.41820786802697,72.02876070797733,42.175373849624144,FLEXED,0,23.97720438246871,177.81535970870272,153.83815532623402
1128735.2574489,174.14962513755793,170.44961780086672,EXTENDED,2,2.0600302424940784,179.47823811052103,177.41820786802697,138.91301084296995,63.13131229264968,FLEXED,0,23.97720438246871,177.81535970870272,153.83815532623402
1128735.334974,174.32952626987185,171.77815403171127,EXTENDED,2,2.0600302424940784,179.47823811052103,177.41820786802697,157.6338335627384,87.78544669831055,FLEXED,0,23.97720438246871,177.81535970870272,153.83815532623402
1128735.4228012,174.93934160502127,173.16064621813106,EXTENDED,2,2.0600302424940784,179.47823811052103,177.41820786802697,164.75592788509172,113.76194826159583,FLEXED,0,23.97720438246871,177.81535970870272,153.83815532623402
1128735.4978864,175.28583674373627,174.52828069487353,EXTENDED,2,2.0600302424940784,179.47823811052103,177.41820786802697,170.12610942433517,140.69152848462252,FLEXED,0,23.97720438246871,177.81535970870272,153.83815532623402
1128735.5785022,178.35179185571857,175.41122432238117,EXTENDED,2,2.0600302424940784,179.47823811052103,177.41820786802697,176.7753142610675,161.64083919524055,EXTENDED,1,23.97720438246871,177.81535970870272,153.83815532623402
1128735.6567106,177.99818660566586,176.18093661600275,EXTENDED,2,2.0600302424940784,179.47823811052103,177.41820786802697,179.52048261609815,169.76233354986616,EXTENDED,1,23.97720438246871,177.81535970870272,153.83815532623402
1128735.726644,177.12914382126908,176.7408601262822,EXTENDED,2,2.0600302424940784,179.47823811052103,177.41820786802697,179.7075074773993,174.17706833279834,EXTENDED,1,23.97720438246871,177.81535970870272,153.83815532623402
1128735.8010818,178.29107370780255,177.41120654683846,EXTENDED,2,2.0600302424940784,179.47823811052103,177.41820786802697,179.53678989058295,177.13324073389663,EXTENDED,1,23.97720438246871,177.81535970870272,153.83815532623402
1128735.8648533,178.73164271910903,178.100367741913,EXTENDED,2,2.0600302424940784,179.47823811052103,177.41820786802697,179.68212521787726,,EXTENDED,1,23.97720438246871,177.81535970870272,153.83815532623402
1128735.9313557,178.30750580341316,178.09151053145192,EXTENDED,2,2.0600302424940784,179.47823811052103,177.41820786802697,179.39598833362078,,EXTENDED,1,23.97720438246871,177.81535970870272,153.83815532623402
1128736.0073217,178.00523095008316,178.0929194003354,EXTENDED,2,2.0600302424940784,179.47823811052103,177.41820786802697,176.9701989440747,,EXTENDED,1,23.97720438246871,177.81535970870272,153.83815532623402
1128736.0792966,177.80033055402484,178.22715674688658,EXTENDED,2,2.0600302424940784,179.47823811052103,177.41820786802697,178.11321353634764,,EXTENDED,1,23.97720438246871,177.81535970870272,153.83815532623402
1128736.1499554,177.04626236698707,177.97819447872345,EXTENDED,2,2.0600302424940784,179.47823811052103,177.41820786802697,179.0122793716684,,EXTENDED,1,23.97720438246871,177.81535970870272,153.83815532623402
1128736.2358447,176.97914803249776,177.6276955414012,EXTENDED,2,2.0600302424940784,179.47823811052103,177.41820786802697,179.6549920578378,,EXTENDED,1,23.97720438246871,177.81535970870272,153.83815532623402
1128736.3117988,176.7015144541348,177.30649727154554,EXTENDED,2,2.0600302424940784,179.47823811052103,177.41820786802697,179.93225313067921,,EXTENDED,1,23.97720438246871,177.81535970870272,153.83815532623402
1128736.381005,176.63267149517478,,EXTENDED,2,2.0600302424940784,179.47823811052103,177.41820786802697,179.72364483396169,,EXTENDED,1,23.97720438246871,177.81535970870272,153.83815532623402
1128736.4527276,176.68117539585657,,EXTENDED,2,2.0600302424940784,179.47823811052103,177.41820786802697,179.73664967004126,,EXTENDED,1,23.97720438246871,177.81535970870272,153.83815532623402
1128736.5163636,176.51553398880097,,EXTENDED,2,2.0600302424940784,179.47823811052103,177.41820786802697,179.82859901391924,,EXTENDED,1,23.97720438246871,177.81535970870272,153.83815532623402
1128736.5847224,176.7784920271882,,EXTENDED,2,2.0600302424940784,179.47823811052103,177.41820786802697,179.3613575340904,,EXTENDED,1,23.97720438246871,177.81535970870272,153.83815532623402
1128736.6595099,176.67747049609247,,EXTENDED,2,2.0600302424940784,179.47823811052103,177.41820786802697,178.31422549899648,,EXTENDED,1,23.97720438246871,177.81535970870272,153.83815532623402
1128736.7344405,176.5573864056863,,EXTENDED,2,2.0600302424940784,179.47823811052103,177.41820786802697,177.51219489870084,,EXTENDED,1,23.97720438246871,177.81535970870272,153.83815532623402
1128736.8105675,175.72774838186515,,EXTENDED,2,2.0600302424940784,179.47823811052103,177.41820786802697,176.86695975428904,,EXTENDED,1,23.97720438246871,177.81535970870272,153.83815532623402
1128736.8825246,175.2339911662841,,EXTENDED,2,2.0600302424940784,179.47823811052103,177.41820786802697,176.65480516877255,,EXTENDED,1,23.97720438246871,177.81535970870272,153.83815532623402
1128736.9501069,175.26545214855068,,EXTENDED,2,2.0600302424940784,179.47823811052103,177.41820786802697,176.93494552292114,,EXTENDED,1,23.97720438246871,177.81535970870272,153.83815532623402
1128737.0243033,175.33231299701532,,EXTENDED,2,2.0600302424940784,179.47823811052103,177.41820786802697,177.15114776997427,,EXTENDED,1,23.97720438246871,177.81535970870272,153.83815532623402
1128737.0926559,175.41281676580263,,EXTENDED,2,2.0600302424940784,179.47823811052103,177.41820786802697,177.41343392587788,,EXTENDED,1,23.97720438246871,177.81535970870272,153.83815532623402
1128737.1667836,175.04470964346467,,EXTENDED,2,2.0600302424940784,179.47823811052103,177.41820786802697,177.625753848749,,EXTENDED,1,23.97720438246871,177.81535970870272,153.83815532623402
1128737.2337804,174.99351403796794,,EXTENDED,2,2.0600302424940784,179.47823811052103,177.41820786802697,177.81218471827592,,EXTENDED,1,23.97720438246871,177.81535970870272,153.83815532623402
1128737.3042336,174.98890065082142,,EXTENDED,2,2.0600302424940784,179.47823811052103,177.41820786802697,178.010182295216,,EXTENDED,1,23.97720438246871,177.81535970870272,153.83815532623402
1128737.3684292,175.0399308660795,,EXTENDED,2,2.0600302424940784,179.47823811052103,177.41820786802697,178.09422669694146,,EXTENDED,1,23.97720438246871,177.81535970870272,153.83815532623402
1128737.4424033,175.09231159312534,,EXTENDED,2,2.0600302424940784,179.47823811052103,177.41820786802697,178.15255876715543,,EXTENDED,1,23.97720438246871,177.81535970870272,153.83815532623402
1128737.5054891,175.13808237777144,,EXTENDED,2,2.0600302424940784,179.47823811052103,177.41820786802697,178.23054816363026,,EXTENDED,1,23.97720438246871,177.81535970870272,153.83815532623402
1128737.5789068,176.1293325692403,,EXTENDED,2,2.0600302424940784,179.47823811052103,177.41820786802697,178.37561877186505,,EXTENDED,1,23.97720438246871,177.81535970870272,153.83815532623402
1128737.6433061,176.94537536209342,,EXTENDED,2,2.0600302424940784,179.47823811052103,177.41820786802697,177.99263208139644,,EXTENDED,1,23.97720438246871,177.81535970870272,153.83815532623402
1128737.7237923,177.4244752476919,,EXTENDED,2,2.0600302424940784,179.47823811052103,177.41820786802697,179.13697196524538,,EXTENDED,1,23.97720438246871,177.81535970870272,153.83815532623402
1128737.8038091,177.34894539457954,,EXTENDED,2,2.0600302424940784,179.47823811052103,177.41820786802697,179.98385221416277,,EXTENDED,1,23.97720438246871,177.81535970870272,153.83815532623402
1128737.8713544,177.40885840053213,,EXTENDED,2,2.0600302424940784,179.47823811052103,177.41820786802697,175.24394019688862,,EXTENDED,1,23.97720438246871,177.81535970870272,153.83815532623402
1128737.9369804,179.45780482258235,,EXTENDED,2,2.0600302424940784,179.47823811052103,177.41820786802697,165.35720677248318,,EXTENDED,1,23.97720438246871,177.81535970870272,153.83815532623402
1128738.0006889,179.0518793966523,,EXTENDED,2,2.0600302424940784,179.47823811052103,177.41820786802697,165.66325852658358,,EXTENDED,1,23.97720438246871,177.81535970870272,153.83815532623402
1128738.0819561,177.73794726237847,,EXTENDED,2,2.0600302424940784,179.47823811052103,177.41820786802697,156.03247249929115,,EXTENDED,1,23.97720438246871,177.81535970870272,153.83815532623402
1128738.1459804,176.77180189358572,177.05981146024604,EXTENDED,2,2.0600302424940784,179.47823811052103,177.41820786802697,153.3266614294336,,EXTENDED,1,23.97720438246871,177.81535970870272,153.83815532623402
1128738.2095255,175.9854523847463,176.69683582639033,EXTENDED,2,2.0600302424940784,179.47823811052103,177.41820786802697,145.81794657632634,,EXTENDED,1,23.97720438246871,177.81535970870272,153.83815532623402
1128738.2800881,174.30869587095572,176.14932252718407,EXTENDED,2,2.0600302424940784,179.47823811052103,177.41820786802697,139.3867041508422,,EXTENDED,1,23.97720438246871,177.81535970870272,153.83815532623402
1128738.3451173,173.64211981882636,175.4819168844498,EXTENDED,2,2.0600302424940784,179.47823811052103,177.41820786802697,125.15430439531411,,EXTENDED,1,23.97720438246871,177.81535970870272,153.83815532623402
1128738.412915,172.8372453582327,174.7090630652694,EXTENDED,2,2.0600302424940784,179.47823811052103,177.41820786802697,124.79315372981081,,EXTENDED,1,23.97720438246871,177.81535970870272,153.83815532623402
1128738.5108491,168.7032661590314,173.0953559183585,EXTENDED,2,2.0600302424940784,179.47823811052103,177.41820786802697,62.5195626364617,,EXTENDED,1,23.97720438246871,177.81535970870272,153.83815532623402
1128738.5951745,168.04859016634495,171.50798347467824,EXTENDED,2,2.0600302424940784,179.47823811052103,177.41820786802697,42.61301034597695,,EXTENDED,1,23.97720438246871,177.81535970870272,153.83815532623402
1128738.6682577,167.54289909739302,170.1548241199657,EXTENDED,2,2.0600302424940784,179.47823811052103,177.41820786802697,42.92923364940485,151.69386557891056,EXTENDED,1,23.97720438246871,177.81535970870272,153.83815532623402
1128738.7310094,166.61906341634625,168.75021283946967,EXTENDED,2,2.0600302424940784,179.47823811052103,177.41820786802697,37.683122437202,123.87542721413745,EXTENDED,1,23.97720438246871,177.81535970870272,153.83815532623402
1128738.7955094,164.84638676854956,167.15204112153305,EXTENDED,2,2.0600302424940784,179.47823811052103,177.41820786802697,31.88423549088771,94.34817778909537,FLEXED,1,23.97720438246871,177.81535970870272,153.83815532623402
1128738.8594856,163.83706862027552,166.17880161378187,EXTENDED,2,2.0600302424940784,179.47823811052103,177.41820786802697,30.72578168285967,64.55183263018745,FLEXED,1,23.97720438246871,177.81535970870272,153.83815532623402
1128738.9247085,163.55951624362174,165.2809868292372,EXTENDED,2,2.0600302424940784,179.47823811052103,177.41820786802697,30.971623056625354,34.83879926339592,FLEXED,1,23.97720438246871,177.81535970870272,153.83815532623402
1128738.9877855,163.18836759326703,164.410080528412,EXTENDED,2,2.0600302424940784,179.47823811052103,177.41820786802697,31.353559397578326,32.52366441303061,FLEXED,1,23.97720438246871,177.81535970870272,153.83815532623402
1128739.0507165,162.9829005730257,163.6828479597479,EXTENDED,2,2.0600302424940784,179.47823811052103,177.41820786802697,31.313217697792467,31.2496834651487,FLEXED,1,23.97720438246871,177.81535970870272,153.83815532623402
1128739.1254855,162.46307322125816,163.20618525028962,EXTENDED,2,2.0600302424940784,179.47823811052103,177.41820786802697,31.809506132295795,31.23473759343032,FLEXED,1,23.97720438246871,177.81535970870272,153.83815532623402
1128739.2007286,162.8159689342509,163.0019653130847,EXTENDED,2,2.0600302424940784,179.47823811052103,177.41820786802697,31.073377993847146,31.30425685562782,FLEXED,1,23.97720438246871,177.81535970870272,153.83815532623402
1128739.2785486,162.58593648522668,162.8072493614057,EXTENDED,2,2.0600302424940784,179.47823811052103,177.41820786802697,30.152803847472047,31.14049301379716,FLEXED,1,23.97720438246871,177.81535970870272,153.83815532623402
1128739.3433554,162.359498134493,162.64147546965089,EXTENDED,2,2.0600302424940784,179.47823811052103,177.41820786802697,29.86880143869909,30.84354142202131,FLEXED,1,23.97720438246871,177.81535970870272,153.83815532623402
1128739.4128701,161.64725660210095,162.37434667546592,EXTENDED,2,2.0600302424940784,179.47823811052103,177.41820786802697,29.785885940940513,30.538075070650915,FLEXED,1,23.97720438246871,177.81535970870272,153.83815532623402
1128739.4935178,161.97931922619532,162.27759587645338,EXTENDED,2,2.0600302424940784,179.47823811052103,177.41820786802697,29.800377065004692,30.136249257192695,FLEXED,1,23.97720438246871,177.81535970870272,153.83815532623402
1128739.5586177,162.0757216196993,162.12954641354304,EXTENDED,2,2.0600302424940784,179.47823811052103,177.41820786802697,29.394535875374245,29.80048083349812,FLEXED,1,23.97720438246871,177.81535970870272,153.83815532623402
1128739.6282206,162.5437214601542,162.12110340852854,EXTENDED,2,2.0600302424940784,179.47823811052103,177.41820786802697,28.812625205351534,29.532445105074014,FLEXED,1,23.97720438246871,177.81535970870272,153.83815532623402
1128739.6960677,162.79729462316146,162.20866270626226,EXTENDED,2,2.0600302424940784,179.47823811052103,177.41820786802697,27.687562240118154,29.09619726535783,FLEXED,1,23.97720438246871,177.81535970870272,153.83815532623402
1128739.7690624,162.7658107303816,162.4323735319184,EXTENDED,2,2.0600302424940784,179.47823811052103,177.41820786802697,27.405427960348607,28.62010566923945,FLEXED,1,23.97720438246871,177.81535970870272,153.83815532623402
1128739.837252,162.61810254347648,162.5601301953746,EXTENDED,2,2.0600302424940784,179.47823811052103,177.41820786802697,27.3199212267172,28.12401450158195,FLEXED,1,23.97720438246871,177.81535970870272,153.83815532623402
1128739.9006283,162.61650706006566,162.6682872834479,EXTENDED,2,2.0600302424940784,179.47823811052103,177.41820786802697,27.279609469342606,27.70102922037562,FLEXED,1,23.97720438246871,177.81535970870272,153.83815532623402
1128739.962316,162.8858304322243,162.73670907786192,EXTENDED,2,2.0600302424940784,179.47823811052103,177.41820786802697,27.58395190743505,27.45529456079232,FLEXED,1,23.97720438246871,177.81535970870272,153.83815532623402
1128740.028147,164.80562812536888,163.13837577830338,EXTENDED,2,2.0600302424940784,179.47823811052103,177.41820786802697,32.375243498928626,28.392830812554415,FLEXED,1,23.97720438246871,177.81535970870272,153.83815532623402
1128740.0981897,165.1386255290596,163.612938738039,EXTENDED,2,2.0600302424940784,179.47823811052103,177.41820786802697,34.45552768372843,29.80285075723038,FLEXED,1,23.97720438246871,177.81535970870272,153.83815532623402
1128740.1676449,171.1322641500255,165.3157710593488,EXTENDED,2,2.0600302424940784,179.47823811052103,177.41820786802697,48.66484044074766,34.071834600036475,FLEXED,1,23.97720438246871,177.81535970870272,153.83815532623402
1128740.2432508,172.2067496741542,167.23381958216652,EXTENDED,2,2.0600302424940784,179.47823811052103,177.41820786802697,80.57652508913884,44.73121772399573,FLEXED,1,23.97720438246871,177.81535970870272,153.83815532623402
1128740.3109678,173.27874357993312,169.31240221170827,EXTENDED,2,2.0600302424940784,179.47823811052103,177.41820786802697,159.31359668434547,71.0771466793778,FLEXED,1,23.97720438246871,177.81535970870272,153.83815532623402
1128740.3916004,173.3805282979565,171.02738224622578,EXTENDED,2,2.0600302424940784,179.47823811052103,177.41820786802697,162.54084826620618,97.11026763283331,FLEXED,1,23.97720438246871,177.81535970870272,153.83815532623402
1128740.4625412,174.57167547938687,172.91399223629122,EXTENDED,2,2.0600302424940784,179.47823811052103,177.41820786802697,172.41182183487913,124.70152646306346,FLEXED,1,23.97720438246871,177.81535970870272,153.83815532623402
1128740.53092,177.68367288095985,174.2242739824781,EXTENDED,2,2.0600302424940784,179.47823811052103,177.41820786802697,176.1018652326898,150.18893142145185,FLEXED,1,23.97720438246871,177.81535970870272,153.83815532623402
1128740.8922314,178.14192045509768,175.4113081386668,EXTENDED,2,2.0600302424940784,179.47823811052103,177.41820786802697,176.95573310316868,169.46477302425782,EXTENDED,2,23.97720438246871,177.81535970870272,153.83815532623402
1128740.9674763,176.53308420139416,176.062176262959,EXTENDED,2,2.0600302424940784,179.47823811052103,177.41820786802697,175.8488470114166,172.77182308967207,EXTENDED,2,23.97720438246871,177.81535970870272,153.83815532623402
1128741.0439006,178.43053123166638,177.07217684970098,EXTENDED,2,2.0600302424940784,179.47823811052103,177.41820786802697,175.59547902761275,175.3827492419534,EXTENDED,2,23.97720438246871,177.81535970870272,153.83815532623402
1128741.1087262,179.4990313227624,178.05764801837609,EXTENDED,2,2.0600302424940784,179.47823811052103,177.41820786802697,177.00365570108602,,EXTENDED,2,23.97720438246871,177.81535970870272,153.83815532623402
1128741.1846495,179.82546134330016,178.48600571084415,EXTENDED,2,2.0600302424940784,179.47823811052103,177.41820786802697,177.710092635503,,EXTENDED,2,23.97720438246871,177.81535970870272,153.83815532623402
1128741.2746324,179.66900842893594,178.79142330561183,EXTENDED,2,2.0600302424940784,179.47823811052103,177.41820786802697,177.4381057690817,,EXTENDED,2,23.97720438246871,177.81535970870272,153.83815532623402
1128741.3652231,179.55837834804947,179.3964821349429,EXTENDED,2,2.0600302424940784,179.47823811052103,177.41820786802697,178.27599699284707,,EXTENDED,2,23.97720438246871,177.81535970870272,153.83815532623402
1128741.4451599,179.47818429985531,179.60601274858067,EXTENDED,2,2.0600302424940784,179.60601274858067,177.5459825060866,178.75417490789582,,EXTENDED,2,23.97720438246871,177.81535970870272,153.83815532623402
1128741.5110401,179.90811105478681,179.68782869498554,EXTENDED,2,2.0600302424940784,179.68782869498554,177.62779845249148,178.85322426808588,,EXTENDED,2,23.97720438246871,177.81535970870272,153.83815532623402
1128741.5956496,179.9892878397029,,EXTENDED,2,2.0600302424940784,179.68782869498554,177.62779845249148,179.1736636866238,,EXTENDED,2,23.97720438246871,177.81535970870272,153.83815532623402
1128741.6630935,179.6129080461755,,EXTENDED,2,2.0600302424940784,179.68782869498554,177.62779845249148,179.24516251039236,,EXTENDED,2,23.97720438246871,177.81535970870272,153.83815532623402
1128741.7265854,179.50539256750872,,EXTENDED,2,2.0600302424940784,179.68782869498554,177.62779845249148,179.19923868782607,,EXTENDED,2,23.97720438246871,177.81535970870272,153.83815532623402
1128741.7909701,179.41192899415356,,EXTENDED,2,2.0600302424940784,179.68782869498554,177.62779845249148,179.19232490181085,,EXTENDED,2,23.97720438246871,177.81535970870272,153.83815532623402
1128741.8530995,179.30191981292757,,EXTENDED,2,2.0600302424940784,179.68782869498554,177.62779845249148,179.19760937220533,,EXTENDED,2,23.97720438246871,177.81535970870272,153.83815532623402
1128741.9260105,179.22515714633263,,EXTENDED,2,2.0600302424940784,179.68782869498554,177.62779845249148,179.17592219414493,,EXTENDED,2,23.97720438246871,177.81535970870272,153.83815532623402
1128742.0010523,179.119514738954,,EXTENDED,2,2.0600302424940784,179.68782869498554,177.62779845249148,179.51597295027577,,EXTENDED,2,23.97720438246871,177.81535970870272,153.83815532623402
1128742.0636305,179.05556978251244,,EXTENDED,2,2.0600302424940784,179.68782869498554,177.62779845249148,179.6153342247921,,EXTENDED,2,23.97720438246871,177.81535970870272,153.83815532623402
1128742.1351253,179.0411007832839,,EXTENDED,2,2.0600302424940784,179.68782869498554,177.62779845249148,179.66156779096008,,EXTENDED,2,23.97720438246871,177.81535970870272,153.83815532623402
1128742.2154338,179.041686995153,,EXTENDED,2,2.0600302424940784,179.68782869498554,177.62779845249148,179.71534974347892,,EXTENDED,2,23.97720438246871,177.81535970870272,153.83815532623402
1128742.2924411,179.06702653635472,,EXTENDED,2,2.0600302424940784,179.68782869498554,177.62779845249148,179.75637570233337,,EXTENDED,2,23.97720438246871,177.81535970870272,153.83815532623402
1128742.3761096,178.9415498686754,,EXTENDED,2,2.0600302424940784,179.68782869498554,177.62779845249148,179.6696496348034,,EXTENDED,2,23.97720438246871,177.81535970870272,153.83815532623402
1128742.4470668,178.80979176218582,,EXTENDED,2,2.0600302424940784,179.68782869498554,177.62779845249148,179.33383757424068,,EXTENDED,2,23.97720438246871,177.81535970870272,153.83815532623402
1128742.5270008,178.79749077824826,,EXTENDED,2,2.0600302424940784,179.68782869498554,177.62779845249148,179.2822616969257,,EXTENDED,2,23.97720438246871,177.81535970870272,153.83815532623402
1128742.5990266,178.77236230101673,,EXTENDED,2,2.0600302424940784,179.68782869498554,177.62779845249148,179.36069699425215,,EXTENDED,2,23.97720438246871,177.81535970870272,153.83815532623402
1128742.677549,178.68092985245033,,EXTENDED,2,2.0600302424940784,179.68782869498554,177.62779845249148,179.40992680272075,,EXTENDED,2,23.97720438246871,177.81535970870272,153.83815532623402
1128742.7521247,178.65763558993714,,EXTENDED,2,2.0600302424940784,179.68782869498554,177.62779845249148,179.42691031831683,,EXTENDED,2,23.97720438246871,177.81535970870272,153.83815532623402
1128742.8320067,178.58496750415404,,EXTENDED,2,2.0600302424940784,179.68782869498554,177.62779845249148,179.42292744598782,,EXTENDED,2,23.97720438246871,177.81535970870272,153.83815532623402
1128742.9086546,178.62800369078676,,EXTENDED,2,2.0600302424940784,179.68782869498554,177.62779845249148,179.9519258586631,,EXTENDED,2,23.97720438246871,177.81535970870272,153.83815532623402
1128742.981608,178.67104907671904,,EXTENDED,2,2.0600302424940784,179.68782869498554,177.62779845249148,179.77571816170897,,EXTENDED,2,23.97720438246871,177.81535970870272,153.83815532623402
1128743.0554172,179.0878391473803,,EXTENDED,2,2.0600302424940784,179.68782869498554,177.62779845249148,178.03872330001434,,EXTENDED,2,23.97720438246871,177.81535970870272,153.83815532623402
1128743.138383,178.86549027401819,,EXTENDED,2,2.0600302424940784,179.68782869498554,177.62779845249148,178.310671401799,,EXTENDED,2,23.97720438246871,177.81535970870272,153.83815532623402
1128743.2114162,179.78003846011995,,EXTENDED,2,2.0600302424940784,179.68782869498554,177.62779845249148,168.2515308993147,,EXTENDED,2,23.97720438246871,177.81535970870272,153.83815532623402
1128743.2859159,179.70679884646492,,EXTENDED,2,2.0600302424940784,179.68782869498554,177.62779845249148,165.22055070225812,,EXTENDED,2,23.97720438246871,177.81535970870272,153.83815532623402
1128743.3615648,178.99839197473398,,EXTENDED,2,2.0600302424940784,179.68782869498554,177.62779845249148,154.6207497454843,,EXTENDED,2,23.97720438246871,177.81535970870272,153.83815532623402
1128743.4334634,175.46848496384564,,EXTENDED,2,2.0600302424940784,179.68782869498554,177.62779845249148,151.30009081025293,,EXTENDED,2,23.97720438246871,177.81535970870272,153.83815532623402
1128743.5064136,173.8020633551366,178.48314909735285,EXTENDED,2,2.0600302424940784,179.68782869498554,177.62779845249148,150.0242272678804,,EXTENDED,2,23.97720438246871,177.81535970870272,153.83815532623402
1128743.5748063,174.57623904711346,177.46459522098834,EXTENDED,2,2.0600302424940784,179.68782869498554,177.62779845249148,140.34768465730403,,EXTENDED,2,23.97720438246871,177.81535970870272,153.83815532623402
1128743.6435693,174.11488497363518,176.37589654610548,EXTENDED,2,2.0600302424940784,179.68782869498554,177.62779845249148,116.78027533445872,,EXTENDED,2,23.97720438246871,177.81535970870272,153.83815532623402
1128743.7130123,173.62852418167662,175.20596452246974,EXTENDED,2,2.0600302424940784,179.68782869498554,177.62779845249148,126.98060034638621,,EXTENDED,2,23.97720438246871,177.81535970870272,153.83815532623402
1128743.7782186,173.55063739218605,173.93446978994956,EXTENDED,2,2.0600302424940784,179.68782869498554,177.62779845249148,57.344109473137095,,EXTENDED,2,23.97720438246871,177.81535970870272,153.83815532623402
1128743.8476719,173.26169003668898,173.82639512626002,EXTENDED,2,2.0600302424940784,179.68782869498554,177.62779845249148,42.083404220656455,,EXTENDED,2,23.97720438246871,177.81535970870272,153.83815532623402
1128743.9181031,172.997047979386,173.51055691271455,EXTENDED,2,2.0600302424940784,179.68782869498554,177.62779845249148,40.473331516076605,,EXTENDED,2,23.97720438246871,177.81535970870272,153.83815532623402
1128743.9909931,171.25372888039232,172.938325694066,EXTENDED,2,2.0600302424940784,179.68782869498554,177.62779845249148,31.66849119587265,147.2340831141521,EXTENDED,2,23.97720438246871,177.81535970870272,153.83815532623402
1128744.0692025,167.2116732935636,171.6549555164434,EXTENDED,2,2.0600302424940784,179.68782869498554,177.62779845249148,26.887791395327596,117.39126834667965,EXTENDED,2,23.97720438246871,177.81535970870272,153.83815532623402
1128744.1512065,164.23983591833408,169.79279522167298,EXTENDED,2,2.0600302424940784,179.68782869498554,177.62779845249148,27.060252888611927,87.4121723037683,FLEXED,2,23.97720438246871,177.81535970870272,153.83815532623402
1128744.236177,162.29427178612835,167.59931157156086,EXTENDED,2,2.0600302424940784,179.68782869498554,177.62779845249148,28.396461450890566,57.92169519166309,FLEXED,2,23.97720438246871,177.81535970870272,153.83815532623402
1128744.3129327,160.43008236419792,165.08591844852324,EXTENDED,2,2.0600302424940784,179.68782869498554,177.62779845249148,27.13067364785794,28.228734115712136,FLEXED,2,23.97720438246871,177.81535970870272,153.83815532623402
1128744.3797062,160.81198146045503,162.9975689645358,EXTENDED,2,2.0600302424940784,179.68782869498554,177.62779845249148,25.95896042259399,27.086827961056407,FLEXED,2,23.97720438246871,177.81535970870272,153.83815532623402
1128744.4514763,160.28034663742207,161.6113036333075,EXTENDED,2,2.0600302424940784,179.68782869498554,177.62779845249148,24.93474160247879,26.696218002486642,FLEXED,2,23.97720438246871,177.81535970870272,153.83815532623402
1128744.5114662,159.1916526259286,160.6016669748264,EXTENDED,2,2.0600302424940784,179.68782869498554,177.62779845249148,24.51281800107232,26.186731024978723,FLEXED,2,23.97720438246871,177.81535970870272,153.83815532623402
1128744.5800718,160.82384363643243,160.30758134488724,EXTENDED,2,2.0600302424940784,179.68782869498554,177.62779845249148,24.04585537750344,25.316609810301294,FLEXED,2,23.97720438246871,177.81535970870272,153.83815532623402
1128744.6434651,161.7234823522432,160.56626134249626,EXTENDED,2,2.0600302424940784,179.68782869498554,177.62779845249148,23.687368270796682,24.627948734889046,FLEXED,2,23.97720438246871,177.81535970870272,153.83815532623402
1128744.7083754,162.36411283747327,160.8766876178999,EXTENDED,2,2.0600302424940784,179.68782869498554,177.62779845249148,23.529107934075842,24.141978237185416,FLEXED,2,23.97720438246871,177.81535970870272,153.83815532623402
1128744.7783419,162.84759618253082,161.39013752692168,EXTENDED,2,2.0600302424940784,179.68782869498554,177.62779845249148,23.128985165170914,23.78082694972384,FLEXED,2,23.78082694972384,177.81535970870272,154.03453275897888
1128744.8440935,163.05463342386906,162.16273368650977,EXTENDED,2,2.0600302424940784,179.68782869498554,177.62779845249148,22.959543307989104,23.4701720111072,FLEXED,2,23.4701720111072,177.81535970870272,154.34518769759552
1128744.9110771,163.7512918572913,162.74822333068155,EXTENDED,2,2.0600302424940784,179.68782869498554,177.62779845249148,23.369442130114,23.33488936162931,FLEXED,2,23.33488936162931,177.81535970870272,154.4804703470734
1128744.9777007,164.25323054987174,163.25417297020724,EXTENDED,2,2.0600302424940784,179.68782869498554,177.62779845249148,24.06826046916127,23.411067801302227,FLEXED,2,23.33488936162931,177.81535970870272,154.4804703470734
1128745.0539885,164.64332979745157,163.7100163622029,EXTENDED,2,2.0600302424940784,179.68782869498554,177.62779845249148,24.51905475596384,23.609057165679825,FLEXED,2,23.33488936162931,177.81535970870272,154.4804703470734
1128745.1115862,167.772893121017,164.69507574990013,EXTENDED,2,2.0600302424940784,179.68782869498554,177.62779845249148,30.776328511430822,25.138525834931805,FLEXED,2,23.33488936162931,177.81535970870272,154.4804703470734
1128745.1861765,171.03918068564525,166.29198520225538,EXTENDED,2,2.0600302424940784,179.68782869498554,177.62779845249148,35.05835024035981,27.558287221405948,FLEXED,2,23.33488936162931,177.81535970870272,154.4804703470734
1128745.2443332,171.98739575618995,167.93920598203508,EXTENDED,2,2.0600302424940784,179.68782869498554,177.62779845249148,35.18837135297296,29.922073065977735,FLEXED,2,23.33488936162931,177.81535970870272,154.4804703470734
1128745.3249769,172.75685489615367,169.63993085129147,EXTENDED,2,2.0600302424940784,179.68782869498554,177.62779845249148,136.61120251978858,52.430661476103204,FLEXED,2,23.33488936162931,177.81535970870272,154.4804703470734
1128745.3895479,173.3600898194974,171.38328285570066,EXTENDED,2,2.0600302424940784,179.68782869498554,177.62779845249148,162.91009483568064,80.10886949204657,FLEXED,2,23.33488936162931,177.81535970870272,154.4804703470734
1128745.4589904,174.03620469354402,172.63594517020607,EXTENDED,2,2.0600302424940784,179.68782869498554,177.62779845249148,166.92597597761676,107.33879898528376,FLEXED,2,23.33488936162931,177.81535970870272,154.4804703470734
1128745.5224673,174.47425423451995,173.322959879981,EXTENDED,2,2.0600302424940784,179.68782869498554,177.62779845249148,169.29661040884096,134.18645101898,FLEXED,2,23.33488936162931,177.81535970870272,154.4804703470734
1128745.5823794,175.65337246759364,174.05615522226174,EXTENDED,2,2.0600302424940784,179.68782869498554,177.62779845249148,174.90912246842686,162.13060124207075,EXTENDED,3,23.33488936162931,177.81535970870272,154.4804703470734
1128745.6547653,176.32604847503734,174.76999393803845,EXTENDED,2,2.0600302424940784,179.68782869498554,177.62779845249148,175.7183054810434,169.9520218343217,EXTENDED,3,23.33488936162931,177.81535970870272,154.4804703470734
1128745.7336808,176.89558923511635,175.47709382116227,EXTENDED,2,2.0600302424940784,179.68782869498554,177.62779845249148,177.35216062535594,172.84043499225677,EXTENDED,3,23.33488936162931,177.81535970870272,154.4804703470734
1128745.8030008,179.91454540951466,176.6527619643564,EXTENDED,2,2.0600302424940784,179.68782869498554,177.62779845249148,177.57919980032742,174.97107975679893,EXTENDED,3,23.33488936162931,177.81535970870272,154.4804703470734
1128745.875566,178.42012613656112,177.4419363447646,EXTENDED,2,2.0600302424940784,179.68782869498554,177.62779845249148,175.853045887949,,EXTENDED,3,23.33488936162931,177.81535970870272,154.4804703470734
1128745.9543325,178.15750130674633,177.94276211259518,EXTENDED,2,2.0600302424940784,179.68782869498554,177.62779845249148,176.1627786896109,,EXTENDED,3,23.33488936162931,177.81535970870272,154.4804703470734
1128746.0331291,177.9706031267661,178.2716730429409,EXTENDED,2,2.0600302424940784,179.68782869498554,177.62779845249148,177.33463826225935,,EXTENDED,3,23.33488936162931,177.81535970870272,154.4804703470734
1128746.0978067,177.6011186224338,178.4127789204044,EXTENDED,2,2.0600302424940784,179.68782869498554,177.62779845249148,177.40785199531757,,EXTENDED,3,23.33488936162931,177.81535970870272,154.4804703470734
1128746.1706911,177.54833369526094,177.93953657755364,EXTENDED,2,2.0600302424940784,179.68782869498554,177.62779845249148,177.11618331371005,,EXTENDED,3,23.33488936162931,177.81535970870272,154.4804703470734
1128746.478053,176.99361786940906,177.65423492412324,EXTENDED,2,2.0600302424940784,179.68782869498554,177.62779845249148,177.05953918666836,,EXTENDED,3,23.33488936162931,177.81535970870272,154.4804703470734
1128746.5541536,176.89242630675,177.40121992412395,EXTENDED,2,2.0600302424940784,179.68782869498554,177.62779845249148,177.73214903935695,,EXTENDED,3,23.33488936162931,177.81535970870272,154.4804703470734
1128746.630245,176.84672132218193,,EXTENDED,2,2.0600302424940784,179.68782869498554,177.62779845249148,178.21301817669274,,EXTENDED,3,23.33488936162931,177.81535970870272,154.4804703470734
1128746.7019673,176.82351661039021,,EXTENDED,2,2.0600302424940784,179.68782869498554,177.62779845249148,178.25567481132583,,EXTENDED,3,23.33488936162931,177.81535970870272,154.4804703470734
1128746.7783066,176.8585460144183,,EXTENDED,2,2.0600302424940784,179.68782869498554,177.62779845249148,178.11869565684844,,EXTENDED,3,23.33488936162931,177.81535970870272,154.4804703470734
1128746.8551304,176.740653407072,,EXTENDED,2,2.0600302424940784,179.68782869498554,177.62779845249148,178.03628884570796,,EXTENDED,3,23.33488936162931,177.81535970870272,154.4804703470734
1128746.9367721,176.85616500309163,,EXTENDED,2,2.0600302424940784,179.68782869498554,177.62779845249148,178.15255813589627,,EXTENDED,3,23.33488936162931,177.81535970870272,154.4804703470734
1128747.0186594,176.98640273871914,,EXTENDED,2,2.0600302424940784,179.68782869498554,177.62779845249148,178.2580624454325,,EXTENDED,3,23.33488936162931,177.81535970870272,154.4804703470734
1128747.0881849,177.13681366809598,,EXTENDED,2,2.0600302424940784,179.68782869498554,177.62779845249148,178.18109137425498,,EXTENDED,3,23.33488936162931,177.81535970870272,154.4804703470734
1128747.1462076,177.4376877200926,,EXTENDED,2,2.0600302424940784,179.68782869498554,177.62779845249148,178.42856874360274,,EXTENDED,3,23.33488936162931,177.81535970870272,154.4804703470734
1128747.2141453,177.7557088232925,,EXTENDED,2,2.0600302424940784,179.68782869498554,177.62779845249148,178.62076285516088,,EXTENDED,3,23.33488936162931,177.81535970870272,154.4804703470734
1128747.2834733,178.317894506563,,EXTENDED,2,2.0600302424940784,179.68782869498554,177.62779845249148,179.7496556558486,,EXTENDED,3,23.33488936162931,177.81535970870272,154.4804703470734
1128747.3406493,178.15487820756556,,EXTENDED,2,2.0600302424940784,179.68782869498554,177.62779845249148,179.3438270514649,,EXTENDED,3,23.33488936162931,177.81535970870272,154.4804703470734
1128747.4103211,178.11186096472116,,EXTENDED,2,2.0600302424940784,179.68782869498554,177.62779845249148,179.14406948010893,,EXTENDED,3,23.33488936162931,177.81535970870272,154.4804703470734
1128747.4720508,177.10095521346855,,EXTENDED,2,2.0600302424940784,179.68782869498554,177.62779845249148,179.74333985917247,,EXTENDED,3,23.33488936162931,177.81535970870272,154.4804703470734
1128747.5361477,176.33130254985832,,EXTENDED,2,2.0600302424940784,179.68782869498554,177.62779845249148,179.29161548404707,,EXTENDED,3,23.33488936162931,177.81535970870272,154.4804703470734
1128747.6104981,176.11834199353908,,EXTENDED,2,2.0600302424940784,179.68782869498554,177.62779845249148,179.30573755958525,,EXTENDED,3,23.33488936162931,177.81535970870272,154.4804703470734
1128747.6857275,177.65721594150287,,EXTENDED,2,2.0600302424940784,179.68782869498554,177.62779845249148,177.52871614260147,,EXTENDED,3,23.33488936162931,177.81535970870272,154.4804703470734
1128747.7692866,176.11733870606912,,EXTENDED,2,2.0600302424940784,179.68782869498554,177.62779845249148,177.07297187512407,,EXTENDED,3,23.33488936162931,177.81535970870272,154.4804703470734
1128747.8568624,175.81433883178903,,EXTENDED,2,2.0600302424940784,179.68782869498554,177.62779845249148,176.75915458510033,,EXTENDED,3,23.33488936162931,177.81535970870272,154.4804703470734
1128747.9319586,179.07384601166788,,EXTENDED,2,2.0600302424940784,179.68782869498554,177.62779845249148,178.6462852330223,,EXTENDED,3,23.33488936162931,177.81535970870272,154.4804703470734
1128748.0110608,173.34501381893708,,EXTENDED,2,2.0600302424940784,179.68782869498554,177.62779845249148,171.4939123100581,,EXTENDED,3,23.33488936162931,177.81535970870272,154.4804703470734
1128748.084419,160.2535231948492,,EXTENDED,2,2.0600302424940784,179.68782869498554,177.62779845249148,169.70007547015652,,EXTENDED,3,23.33488936162931,177.81535970870272,154.4804703470734
1128748.1505366,163.39402074632014,,EXTENDED,2,2.0600302424940784,179.68782869498554,177.62779845249148,170.12928510183426,,EXTENDED,3,23.33488936162931,177.81535970870272,154.4804703470734
1128748.2045766,140.48423592649044,,EXTENDED,2,2.0600302424940784,179.68782869498554,177.62779845249148,170.8965955624812,,EXTENDED,3,23.33488936162931,177.81535970870272,154.4804703470734
1128748.2651015,106.9191803386809,,EXTENDED,2,2.0600302424940784,179.68782869498554,177.62779845249148,170.0221444536287,,EXTENDED,3,23.33488936162931,177.81535970870272,154.4804703470734
1128748.3265819,127.19210691438174,167.2455206816471,EXTENDED,2,2.0600302424940784,179.68782869498554,177.62779845249148,169.7731853804218,,EXTENDED,3,23.33488936162931,177.81535970870272,154.4804703470734
1128748.3868617,33.872192990066004,138.49973555517354,EXTENDED,2,2.0600302424940784,179.68782869498554,177.62779845249148,171.22272466081193,,EXTENDED,3,23.33488936162931,177.81535970870272,154.4804703470734
1128748.448991,39.615952296113626,110.91325927534407,EXTENDED,2,2.0600302424940784,179.68782869498554,177.62779845249148,170.96197581948982,,EXTENDED,3,23.33488936162931,177.81535970870272,154.4804703470734
1128748.5215273,19.043464933719736,79.32322868820623,FLEXED,2,2.0600302424940784,179.68782869498554,177.62779845249148,172.01065163800286,175.5138880026313,EXTENDED,3,23.33488936162931,177.81535970870272,154.4804703470734
1128748.5970205,4.6642710140239885,44.877597629661025,FLEXED,2,2.0600302424940784,179.68782869498554,177.62779845249148,172.03391724603998,174.9388469581539,EXTENDED,3,23.33488936162931,177.81535970870272,154.4804703470734
1128748.6694172,6.7452497980883885,20.78822620640235,FLEXED,2,2.0600302424940784,179.68782869498554,177.62779845249148,172.1979077660469,174.23476741515464,EXTENDED,3,23.33488936162931,177.81535970870272,154.4804703470734
1128748.7456989,6.662317996720502,15.34625120773325,FLEXED,2,2.0600302424940784,179.68782869498554,177.62779845249148,172.69140388063332,173.30261606621008,EXTENDED,3,23.33488936162931,177.81535970870272,154.4804703470734
1128748.8118292,7.96681278618423,9.016423305747368,FLEXED,2,2.0600302424940784,179.68782869498554,177.62779845249148,172.52556709684382,172.29188952551337,EXTENDED,3,23.33488936162931,177.81535970870272,154.4804703470734
1128748.8776613,7.957252939388088,6.799180906881039,FLEXED,2,2.0600302424940784,179.68782869498554,177.62779845249148,173.2439938364678,172.53855796520637,EXTENDED,3,23.33488936162931,177.81535970870272,154.4804703470734
1128748.9559689,9.07079350796628,7.680485405669498,FLEXED,2,2.0600302424940784,179.68782869498554,177.62779845249148,173.53937408339056,172.8396493326765,EXTENDED,3,23.33488936162931,177.81535970870272,154.4804703470734
1128749.0418404,10.56791215705131,8.445017877462082,FLEXED,2,2.0600302424940784,179.68782869498554,177.62779845249148,173.99974685733116,173.20001715093332,EXTENDED,3,23.33488936162931,177.81535970870272,154.4804703470734
1128749.1249784,10.586271088137849,9.229808495745552,FLEXED,2,2.0600302424940784,179.68782869498554,177.62779845249148,174.45137626243988,173.55201162729466,EXTENDED,3,23.33488936162931,177.81535970870272,154.4804703470734
1128749.1992936,10.679351589612509,9.772316256431207,FLEXED,2,2.0600302424940784,179.68782869498554,177.62779845249148,174.3131343743111,173.9095250827881,EXTENDED,3,23.33488936162931,177.81535970870272,154.4804703470734
1128749.2798204,10.416721222267556,10.2642099130071,FLEXED,2,2.0600302424940784,179.68782869498554,177.62779845249148,174.22534469915948,174.10579525532643,EXTENDED,3,23.33488936162931,177.81535970870272,154.4804703470734
1128749.3586637,11.4912743049269,10.748306072399226,FLEXED,2,2.0600302424940784,179.68782869498554,177.62779845249148,173.99564913805267,174.19705026625883,EXTENDED,3,23.33488936162931,177.81535970870272,154.4804703470734
1128749.427557,16.5932416863488,11.953371978258724,FLEXED,2,2.0600302424940784,179.68782869498554,177.62779845249148,173.93900103420546,174.18490110163373,EXTENDED,3,23.33488936162931,177.81535970870272,154.4804703470734
1128749.4979743,19.354772005862237,13.707072161803604,FLEXED,2,2.0600302424940784,179.68782869498554,177.62779845249148,173.85863495822971,174.0663528407917,EXTENDED,3,23.33488936162931,177.81535970870272,154.4804703470734
1128749.5689206,68.90868885691224,25.352939615263544,FLEXED,2,2.0600302424940784,179.68782869498554,177.62779845249148,173.56162521413512,173.91605100875648,EXTENDED,3,23.33488936162931,177.81535970870272,154.4804703470734
1128749.6339204,164.71663197969932,56.2129217667499,FLEXED,2,2.0600302424940784,179.68782869498554,177.62779845249148,171.06456847468274,173.28389576386112,EXTENDED,3,23.33488936162931,177.81535970870272,154.4804703470734
1128749.698408,161.27956346934366,86.17057959963324,FLEXED,2,2.0600302424940784,179.68782869498554,177.62779845249148,171.20048482723325,172.72486290169724,EXTENDED,3,23.33488936162931,177.81535970870272,154.4804703470734
1128749.7719621,177.3049844795072,118.31292815826494,FLEXED,2,2.0600302424940784,179.68782869498554,177.62779845249148,175.99732460201795,173.13652761525978,EXTENDED,3,23.33488936162931,177.81535970870272,154.4804703470734
1128749.8395601,176.03377572507327,149.64872890210714,FLEXED,2,2.0600302424940784,179.68782869498554,177.62779845249148,178.80135684507914,174.12507199262961,EXTENDED,3,23.33488936162931,177.81535970870272,154.4804703470734
1128749.9081187,173.6590503943552,170.5988012095957,EXTENDED,3,2.0600302424940784,179.68782869498554,177.62779845249148,179.4120100055733,175.29514895091728,EXTENDED,3,23.33488936162931,177.81535970870272,154.4804703470734
1128749.9715062,173.57989960310715,172.37145473427728,EXTENDED,3,2.0600302424940784,179.68782869498554,177.62779845249148,174.8947950848909,176.06119427295891,EXTENDED,3,23.33488936162931,177.81535970870272,154.4804703470734
1128750.0444178,174.19120040647647,174.95378212170385,EXTENDED,3,2.0600302424940784,179.68782869498554,177.62779845249148,172.98952919590712,176.41900314669368,EXTENDED,3,23.33488936162931,177.81535970870272,154.4804703470734
1128750.1133821,174.5076604184493,174.39431730949227,EXTENDED,3,2.0600302424940784,179.68782869498554,177.62779845249148,172.55080408010969,,EXTENDED,3,23.33488936162931,177.81535970870272,154.4804703470734
1128750.1771472,177.86287292419823,174.76013674931727,EXTENDED,3,2.0600302424940784,179.68782869498554,177.62779845249148,174.47476630508453,,EXTENDED,3,23.33488936162931,177.81535970870272,154.4804703470734
1128750.2491904,178.88604557231034,175.80553578490827,EXTENDED,3,2.0600302424940784,179.68782869498554,177.62779845249148,174.58706868280004,,EXTENDED,3,23.33488936162931,177.81535970870272,154.4804703470734
1128750.3184435,179.31660865707957,176.95287759570277,EXTENDED,3,2.0600302424940784,179.68782869498554,177.62779845249148,175.14555877385436,,EXTENDED,3,23.33488936162931,177.81535970870272,154.4804703470734
1128750.3897217,178.44432892741528,,EXTENDED,3,2.0600302424940784,179.68782869498554,177.62779845249148,173.0016598715655,,EXTENDED,3,23.33488936162931,177.81535970870272,154.4804703470734
1128750.4720194,178.25806128964496,,EXTENDED,3,2.0600302424940784,179.68782869498554,177.62779845249148,173.04440039759285,,EXTENDED,3,23.33488936162931,177.81535970870272,154.4804703470734
1128750.5888431,179.3795392225608,,EXTENDED,3,2.0600302424940784,179.68782869498554,177.62779845249148,173.13090662831868,,EXTENDED,3,23.33488936162931,177.81535970870272,154.4804703470734
1128750.6712558,178.62895011393778,,EXTENDED,3,2.0600302424940784,179.68782869498554,177.62779845249148,173.17400683389778,,EXTENDED,3,23.33488936162931,177.81535970870272,154.4804703470734
1128750.7655492,178.277677577264,,EXTENDED,3,2.0600302424940784,179.68782869498554,177.62779845249148,173.19141063669684,,EXTENDED,3,23.33488936162931,177.81535970870272,154.4804703470734
1128750.8583313,177.57905541768713,,EXTENDED,3,2.0600302424940784,179.68782869498554,177.62779845249148,173.58512523742837,,EXTENDED,3,23.33488936162931,177.81535970870272,154.4804703470734
1128750.9316651,177.39800381727366,,EXTENDED,3,2.0600302424940784,179.68782869498554,177.62779845249148,173.6055666615602,,EXTENDED,3,23.33488936162931,177.81535970870272,154.4804703470734
1128750.9994479,178.03490405751563,,EXTENDED,3,2.0600302424940784,179.68782869498554,177.62779845249148,174.2931110256104,,EXTENDED,3,23.33488936162931,177.81535970870272,154.4804703470734
1128751.0781039,178.60613088880464,,EXTENDED,3,2.0600302424940784,179.68782869498554,177.62779845249148,174.9739488915997,,EXTENDED,3,23.33488936162931,177.81535970870272,154.4804703470734
1128751.1582394,178.6084619213595,,EXTENDED,3,2.0600302424940784,179.68782869498554,177.62779845249148,175.4871979734313,,EXTENDED,3,23.33488936162931,177.81535970870272,154.4804703470734
1128751.2416081,178.58520751114222,,EXTENDED,3,2.0600302424940784,179.68782869498554,177.62779845249148,175.67435947377396,,EXTENDED,3,23.33488936162931,177.81535970870272,154.4804703470734
1128751.3257298,178.8899724010158,,EXTENDED,3,2.0600302424940784,179.68782869498554,177.62779845249148,175.94131023473534,,EXTENDED,3,23.33488936162931,177.81535970870272,154.4804703470734
1128751.3879712,179.14321342762517,,EXTENDED,3,2.0600302424940784,179.68782869498554,177.62779845249148,176.26761896953897,,EXTENDED,3,23.33488936162931,177.81535970870272,154.4804703470734
1128751.4532778,179.53374088551308,,EXTENDED,3,2.0600302424940784,179.68782869498554,177.62779845249148,175.8873840637748,,EXTENDED,3,23.33488936162931,177.81535970870272,154.4804703470734
1128751.5169966,179.79484172879833,,EXTENDED,3,2.0600302424940784,179.68782869498554,177.62779845249148,175.53848285955428,,EXTENDED,3,23.33488936162931,177.81535970870272,154.4804703470734
1128751.5912105,177.25483522001534,,EXTENDED,3,2.0600302424940784,179.68782869498554,177.62779845249148,176.08794479089315,,EXTENDED,3,23.33488936162931,177.81535970870272,154.4804703470734
1128751.6610919,179.58955492479114,,EXTENDED,3,2.0600302424940784,179.68782869498554,177.62779845249148,175.6501550627685,,EXTENDED,3,23.33488936162931,177.81535970870272,154.4804703470734
1128751.7315107,179.3387364612973,,EXTENDED,3,2.0600302424940784,179.68782869498554,177.62779845249148,175.5599287692089,,EXTENDED,3,23.33488936162931,177.81535970870272,154.4804703470734
1128751.7969276,179.18951642799166,,EXTENDED,3,2.0600302424940784,179.68782869498554,177.62779845249148,177.5805739643832,,EXTENDED,3,23.33488936162931,177.81535970870272,154.4804703470734
1128752.1208008,176.14112855893637,,EXTENDED,3,2.0600302424940784,179.68782869498554,177.62779845249148,176.8112166561106,,EXTENDED,3,23.33488936162931,177.81535970870272,154.4804703470734
1128752.19219,179.8317315133931,,EXTENDED,3,2.0600302424940784,179.68782869498554,177.62779845249148,178.0447919634415,,EXTENDED,3,23.33488936162931,177.81535970870272,154.4804703470734
1128752.2803914,174.92176651017067,,EXTENDED,3,2.0600302424940784,179.68782869498554,177.62779845249148,176.16986156452822,,EXTENDED,3,23.33488936162931,177.81535970870272,154.4804703470734
1128752.3654722,172.6838013336102,,EXTENDED,3,2.0600302424940784,179.68782869498554,177.62779845249148,176.15059397982176,,EXTENDED,3,23.33488936162931,177.81535970870272,154.4804703470734
1128752.4451901,174.05428898487466,,EXTENDED,3,2.0600302424940784,179.68782869498554,177.62779845249148,174.26675761165382,,EXTENDED,3,23.33488936162931,177.81535970870272,154.4804703470734
1128752.5095985,173.36738543394978,,EXTENDED,3,2.0600302424940784,179.68782869498554,177.62779845249148,173.88274068045064,,EXTENDED,3,23.33488936162931,177.81535970870272,154.4804703470734
1128752.5740092,173.93045427919145,,EXTENDED,3,2.0600302424940784,179.68782869498554,177.62779845249148,173.53068739538287,,EXTENDED,3,23.33488936162931,177.81535970870272,154.4804703470734
1128752.6372763,175.14789572085937,,EXTENDED,3,2.0600302424940784,179.68782869498554,177.62779845249148,174.51580103450237,,EXTENDED,3,23.33488936162931,177.81535970870272,154.4804703470734
1128752.7051443,177.53789367384204,,EXTENDED,3,2.0600302424940784,179.68782869498554,177.62779845249148,175.02642362195752,,EXTENDED,3,23.33488936162931,177.81535970870272,154.4804703470734
1128752.7672915,178.80257940859184,,EXTENDED,3,2.0600302424940784,179.68782869498554,177.62779845249148,175.05899296287208,,EXTENDED,3,23.33488936162931,177.81535970870272,154.4804703470734
1128752.8342743,178.97644740011077,,EXTENDED,3,2.0600302424940784,179.68782869498554,177.62779845249148,173.16815933248094,,EXTENDED,3,23.33488936162931,177.81535970870272,154.4804703470734
1128752.9039576,179.72005834453577,,EXTENDED,3,2.0600302424940784,179.68782869498554,177.62779845249148,173.66387775573622,,EXTENDED,3,23.33488936162931,177.81535970870272,154.4804703470734
1128752.9709549,179.9553475924663,,EXTENDED,3,2.0600302424940784,179.68782869498554,177.62779845249148,173.63937640779702,,EXTENDED,3,23.33488936162931,177.81535970870272,154.4804703470734
1128753.0353209,177.29960507913992,,EXTENDED,3,2.0600302424940784,179.68782869498554,177.62779845249148,170.54877076736628,,EXTENDED,3,23.33488936162931,177.81535970870272,154.4804703470734
1128753.1010023,177.42310122065982,,EXTENDED,3,2.0600302424940784,179.68782869498554,177.62779845249148,171.69323899784004,,EXTENDED,3,23.33488936162931,177.81535970870272,154.4804703470734
1128753.1847448,177.68420681193635,,EXTENDED,3,2.0600302424940784,179.68782869498554,177.62779845249148,172.69458444357278,,EXTENDED,3,23.33488936162931,177.81535970870272,154.4804703470734
1128753.2608817,177.04409568340557,,EXTENDED,3,2.0600302424940784,179.68782869498554,177.62779845249148,173.13133646719697,,EXTENDED,3,23.33488936162931,177.81535970870272,154.4804703470734
1128753.3347477,179.13517733275887,,EXTENDED,3,2.0600302424940784,179.68782869498554,177.62779845249148,174.3337792658901,,EXTENDED,3,23.33488936162931,177.81535970870272,154.4804703470734
1128753.4102629,176.28981737655138,,EXTENDED,3,2.0600302424940784,179.68782869498554,177.62779845249148,174.07634974361216,,EXTENDED,3,23.33488936162931,177.81535970870272,154.4804703470734
1128753.4786096,175.51291979267327,,EXTENDED,3,2.0600302424940784,179.68782869498554,177.62779845249148,174.50056638339785,,EXTENDED,3,23.33488936162931,177.81535970870272,154.4804703470734
1128753.5582803,178.57976069519995,,EXTENDED,3,2.0600302424940784,179.68782869498554,177.62779845249148,176.27085367282916,,EXTENDED,3,23.33488936162931,177.81535970870272,154.4804703470734
1128753.6367595,179.4898497778264,,EXTENDED,3,2.0600302424940784,179.68782869498554,177.62779845249148,177.2703034466681,,EXTENDED,3,23.33488936162931,177.81535970870272,154.4804703470734
1128753.7078384,178.51681833795925,,EXTENDED,3,2.0600302424940784,179.68782869498554,177.62779845249148,178.44336137945223,,EXTENDED,3,23.33488936162931,177.81535970870272,154.4804703470734
1128753.7812047,179.6238966295294,,EXTENDED,3,2.0600302424940784,179.68782869498554,177.62779845249148,178.43358475288142,,EXTENDED,3,23.33488936162931,177.81535970870272,154.4804703470734
1128753.8459204,179.10740899368943,,EXTENDED,3,2.0600302424940784,179.68782869498554,177.62779845249148,178.19317814886386,,EXTENDED,3,23.33488936162931,177.81535970870272,154.4804703470734
1128753.9322723,178.9682933545983,,EXTENDED,3,2.0600302424940784,179.68782869498554,177.62779845249148,178.32068947819675,,EXTENDED,3,23.33488936162931,177.81535970870272,154.4804703470734
