timestamp,left_raw_left_shoulder,left_smoothed_left_shoulder,left_state,left_repetitions,left_rom_min,left_rom_max,left_rom,right_raw_right_shoulder,right_smoothed_right_shoulder,right_state,right_repetitions,right_rom_min,right_rom_max,right_rom
1129180.583614,15.27245527237017,15.27245527237017,UNKNOWN,0,15.27245527237017,15.27245527237017,0.0,19.04174596977617,19.04174596977617,UNKNOWN,0,19.04174596977617,19.04174596977617,0.0
1129180.91662,15.21066114159251,15.24155820698134,UNKNOWN,0,15.24155820698134,15.27245527237017,0.03089706538882986,19.005638138229934,19.02369205400305,UNKNOWN,0,19.02369205400305,19.04174596977617,0.018053915773119655
1129181.005187,15.442486392874466,15.308534268945715,UNKNOWN,0,15.24155820698134,15.308534268945715,0.06697606196437533,19.04774083933897,19.03170831578169,UNKNOWN,0,19.02369205400305,19.04174596977617,0.018053915773119655
1129181.0976875,15.380393890007307,15.326499174211113,UNKNOWN,0,15.24155820698134,15.326499174211113,0.08494096722977318,19.074991204229136,19.04252903789355,UNKNOWN,0,19.02369205400305,19.04252903789355,0.018836983890501813
1129181.1760953,15.494746465654414,15.360148632499772,UNKNOWN,0,15.24155820698134,15.360148632499772,0.11859042551843224,18.941748306343502,19.02237289158354,UNKNOWN,0,19.02237289158354,19.04252903789355,0.02015614631001128
1129181.2631609,15.553321151982372,15.416321808422214,UNKNOWN,0,15.24155820698134,15.416321808422214,0.17476360144087444,18.834747592673672,18.980973216163044,UNKNOWN,0,18.980973216163044,19.04252903789355,0.06155582173050789
1129181.3523534,15.449187089536766,15.464026998011065,UNKNOWN,0,15.24155820698134,15.464026998011065,0.2224687910297245,18.56211934403587,18.892269457324225,UNKNOWN,0,18.892269457324225,19.04252903789355,0.1502595805693261
1129181.4304437,15.463744754267733,15.468278670289717,UNKNOWN,0,15.24155820698134,15.468278670289717,0.2267204633083768,18.5998042811105,18.802682145678535,UNKNOWN,0,18.802682145678535,19.04252903789355,0.23984689221501654
1129181.5153546,15.580144941017588,15.508228880491776,UNKNOWN,0,15.24155820698134,15.508228880491776,0.2666706735104363,18.649136643314268,18.717511233495564,UNKNOWN,0,18.717511233495564,19.04252903789355,0.3250178043979872
1129181.589755,15.596114889486508,15.528502565258194,UNKNOWN,0,15.24155820698134,15.528502565258194,0.2869443582768536,18.62460047746804,18.65408166772047,UNKNOWN,0,18.65408166772047,19.04252903789355,0.3884473701730826
1129181.6752309,15.51945115728575,15.52172856631887,UNKNOWN,0,15.24155820698134,15.528502565258194,0.2869443582768536,18.62260594341212,18.61165333786816,UNKNOWN,0,18.61165333786816,19.04252903789355,0.43087570002539266
1129181.7658258,15.633845072301922,15.558660162871899,UNKNOWN,0,15.24155820698134,15.558660162871899,0.3171019558905588,18.606056460610482,18.620440761183083,UNKNOWN,0,18.61165333786816,19.04252903789355,0.43087570002539266
1129181.8623016,15.585803056504213,15.583071823319196,UNKNOWN,0,15.24155820698134,15.583071823319196,0.34151361633785626,18.526542732869075,18.605788451534796,UNKNOWN,0,18.605788451534796,19.04252903789355,0.4367405863587557
1129181.9719018,16.12914148664215,15.692871132444107,UNKNOWN,0,15.24155820698134,15.692871132444107,0.45131292546276747,18.373467399310854,18.550654602734117,UNKNOWN,0,18.550654602734117,19.04252903789355,0.49187443515943485
1129182.0999723,20.68682735054209,16.711013624655227,UNKNOWN,0,15.24155820698134,16.711013624655227,1.4694554176738865,17.502953650149752,18.326325237270456,UNKNOWN,0,18.326325237270456,19.04252903789355,0.7162038006230951
1129182.1827032,23.33659611158284,18.27444261551464,UNKNOWN,0,15.24155820698134,18.27444261551464,3.0328844085333007,17.017236204150976,18.00525128941823,UNKNOWN,0,18.00525128941823,19.04252903789355,1.0372777484753222
1129182.2406816,32.08514265668718,21.564702132391695,UNKNOWN,0,15.24155820698134,21.564702132391695,6.3231439254103545,17.113224098063142,17.70668481690876,UNKNOWN,0,17.70668481690876,19.04252903789355,1.335844220984793
1129182.3085442,38.697603085098265,26.1870621381105,UNKNOWN,0,15.24155820698134,26.1870621381105,10.945503931129162,17.378207855606068,17.477017841456156,UNKNOWN,0,17.477017841456156,19.04252903789355,1.5655111964373951
1129182.3996289,43.26964345736189,31.615162532254452,UNKNOWN,0,15.24155820698134,31.615162532254452,16.373604325273114,17.448676355765414,17.29205963274707,UNKNOWN,0,17.29205963274707,19.04252903789355,1.7504694051464824
1129182.481661,53.26113018535009,38.13002309921605,UNKNOWN,0,15.24155820698134,38.13002309921605,22.88846489223471,16.801764032011487,17.151821709119417,UNKNOWN,0,17.151821709119417,19.04252903789355,1.890707328774134
1129182.5547564,55.9765971652339,44.658023309946266,UNKNOWN,0,15.24155820698134,44.658023309946266,29.416465102964928,16.669339253308657,17.082242318950954,UNKNOWN,0,17.082242318950954,19.04252903789355,1.9602867189425979
1129182.6225057,64.20205906317265,51.08140659124335,UNKNOWN,0,15.24155820698134,51.08140659124335,35.83984838426201,16.375384735794132,16.93467444649715,UNKNOWN,0,16.93467444649715,19.04252903789355,2.1078545913964
1129182.6949146,65.33219400853837,56.408324775931376,UNKNOWN,0,15.24155820698134,56.408324775931376,41.16676656895004,16.081860702231253,16.67540501582219,UNKNOWN,0,16.67540501582219,19.04252903789355,2.367124022071362
1129182.7780694,68.13608943827592,61.38161397211418,UNKNOWN,0,15.24155820698134,61.38161397211418,46.14005576513284,16.194961771141863,16.42466209889748,UNKNOWN,0,16.42466209889748,19.04252903789355,2.617866938996073
1129182.8480775,70.92499451022078,64.91438683708832,UNKNOWN,0,15.24155820698134,64.91438683708832,49.67282863010698,15.951441637471598,16.254597619989504,UNKNOWN,0,16.254597619989504,19.04252903789355,2.7879314179040477
1129182.9359038,76.30255143620846,68.97957769128323,UNKNOWN,0,15.24155820698134,68.97957769128323,53.73801948430189,15.868741839761373,16.094478137280042,UNKNOWN,0,16.094478137280042,19.04252903789355,2.9480509006135094
1129183.0109067,78.97362684189801,71.9338912470283,UNKNOWN,0,15.24155820698134,71.9338912470283,56.69233304004696,15.851655918544557,15.989732373830128,UNKNOWN,0,15.989732373830128,19.04252903789355,3.0527966640634236
1129183.0814326,80.55186857811344,74.97782616094332,UNKNOWN,0,15.24155820698134,74.97782616094332,59.736267953961985,15.954801259198485,15.964320485223576,UNKNOWN,0,15.964320485223576,19.04252903789355,3.0782085526699756
1129183.1621702,81.08912393761793,77.56843306081173,UNKNOWN,0,15.24155820698134,77.56843306081173,62.32687485383039,16.052207686852682,15.93576966836574,UNKNOWN,0,15.93576966836574,19.04252903789355,3.1067593695278113
1129183.2369568,81.34660034347567,79.6527542274627,UNKNOWN,0,15.24155820698134,79.6527542274627,64.41119602048136,15.99188147197615,15.943857635266648,UNKNOWN,0,15.93576966836574,19.04252903789355,3.1067593695278113
1129183.3078561,84.5214023163645,81.29652440349392,UNKNOWN,0,15.24155820698134,81.29652440349392,66.05496619651258,15.917483104857343,15.953605888285844,UNKNOWN,0,15.93576966836574,19.04252903789355,3.1067593695278113
1129183.3873132,85.57661789249354,82.61712261361302,UNKNOWN,0,15.24155820698134,82.61712261361302,67.37556440663168,15.938297342655055,15.97093417310794,UNKNOWN,0,15.93576966836574,19.04252903789355,3.1067593695278113
1129183.4667575,84.57498788835943,83.42174647566222,UNKNOWN,0,15.24155820698134,83.42174647566222,68.18018826868088,16.00074358521945,15.980122638312135,UNKNOWN,0,15.93576966836574,19.04252903789355,3.1067593695278113
1129183.5361314,85.51452150047966,84.30682598823455,UNKNOWN,0,15.24155820698134,84.30682598823455,69.06526778125321,16.08397859057929,15.986476819057458,UNKNOWN,0,15.93576966836574,19.04252903789355,3.1067593695278113
1129183.6166842,85.46573329043348,85.13065257762612,UNKNOWN,0,15.24155820698134,85.13065257762612,69.88909437064478,16.1466846400349,16.017437452669206,UNKNOWN,0,15.93576966836574,19.04252903789355,3.1067593695278113
1129183.6989161,88.58765600914917,85.94390331618305,UNKNOWN,0,15.24155820698134,85.94390331618305,70.70234510920172,16.587023775050596,16.151345586707855,UNKNOWN,0,15.93576966836574,19.04252903789355,3.1067593695278113
1129183.7868233,90.04504932079719,86.83758960184379,UNKNOWN,0,15.24155820698134,86.83758960184379,71.59603139486245,16.877818958128742,16.339249909802597,UNKNOWN,0,15.93576966836574,19.04252903789355,3.1067593695278113
1129183.8601874,96.26116399212808,89.17482482259751,UNKNOWN,0,15.24155820698134,89.17482482259751,73.93326661561618,18.05492139826583,16.75008547241187,UNKNOWN,0,15.93576966836574,19.04252903789355,3.1067593695278113
1129183.9453225,101.99116929431119,92.47015438136383,UNKNOWN,0,15.24155820698134,92.47015438136383,77.22859617438249,19.164993067589773,17.36628836781397,UNKNOWN,0,15.93576966836574,19.04252903789355,3.1067593695278113
1129184.0358662,105.00140784742503,96.37728929276213,UNKNOWN,0,15.24155820698134,96.37728929276213,81.13573108578079,20.142404830757435,18.165432405958477,UNKNOWN,0,15.93576966836574,19.04252903789355,3.1067593695278113
1129184.1050198,107.2371415424866,100.10718639942961,UNKNOWN,0,15.24155820698134,100.10718639942961,84.86562819244827,20.89604842549176,19.02723733604671,UNKNOWN,0,15.93576966836574,19.04252903789355,3.1067593695278113
1129184.1829383,117.77675367648196,105.65352727056657,UNKNOWN,0,15.24155820698134,105.65352727056657,90.41196906358523,20.903451854231935,19.832363915267344,UNKNOWN,0,15.93576966836574,19.832363915267344,3.8965942469016035
1129184.26703,120.47844933680953,110.49698433950286,UNKNOWN,0,15.24155820698134,110.49698433950286,95.25542613252152,20.92438946176738,20.406257527967654,UNKNOWN,0,15.93576966836574,20.406257527967654,4.4704878596019135
1129184.3424094,124.0902730774316,114.91680509612695,UNKNOWN,0,15.24155820698134,114.91680509612695,99.67524688914561,21.15635027792261,20.804528970034223,UNKNOWN,0,15.93576966836574,20.804528970034223,4.868759301668483
1129184.4171947,126.62966998992582,119.24245752462711,UNKNOWN,0,15.24155820698134,119.24245752462711,104.00089931764577,21.652635650550707,21.10657513399288,UNKNOWN,0,15.93576966836574,21.10657513399288,5.17080546562714
1129184.495534,135.03438172624587,124.80190556137896,UNKNOWN,0,15.24155820698134,124.80190556137896,109.56034735439762,21.94252627149751,21.31587070319403,UNKNOWN,0,15.93576966836574,21.31587070319403,5.380101034828289
1129184.576838,139.64347644672327,129.17525011542722,UNKNOWN,0,15.24155820698134,129.17525011542722,113.93369190844588,22.271975657270982,21.58957546380184,UNKNOWN,0,15.93576966836574,21.58957546380184,5.653805795436099
1129184.65676,145.7411982750815,134.2277999030816,UNKNOWN,0,15.24155820698134,134.2277999030816,118.98624169610027,22.743516268235496,21.953400825095464,UNKNOWN,0,15.93576966836574,21.953400825095464,6.017631156729724
1129184.7421857,146.52579690066807,138.71490466772892,UNKNOWN,0,15.24155820698134,138.71490466772892,123.47334646074758,23.135341706840187,22.349199110878978,UNKNOWN,0,15.93576966836574,22.349199110878978,6.413429442513237
1129184.8171074,151.08195384028502,143.60536143780072,UNKNOWN,0,15.24155820698134,143.60536143780072,128.36380323081937,24.411978412872084,22.90106766334325,UNKNOWN,0,15.93576966836574,22.90106766334325,6.965297994977512
1129184.8959625,159.49930895128364,148.4983468828083,UNKNOWN,0,15.24155820698134,148.4983468828083,133.25678867582695,24.819016103602205,23.476365629764192,UNKNOWN,0,15.93576966836574,23.476365629764192,7.540595961398452
1129184.9798941,161.96706123800806,152.96306384106524,UNKNOWN,0,15.24155820698134,152.96306384106524,137.72150563408388,25.366010770297578,24.09517265236951,UNKNOWN,0,15.93576966836574,24.09517265236951,8.15940298400377
1129185.0646602,166.05348271495464,157.0255207290399,UNKNOWN,0,15.24155820698134,157.0255207290399,141.78396252205854,25.70180865320869,24.686831129364148,UNKNOWN,0,15.93576966836574,24.686831129364148,8.751061460998407
1129185.190028,170.80435446826232,161.88123224255872,EXTENDED,0,15.24155820698134,161.88123224255872,146.63967403557737,25.228503620663407,25.10546351212879,UNKNOWN,0,15.93576966836574,25.10546351212879,9.16969384376305
1129185.3071817,172.8731535610678,166.2394721867153,EXTENDED,0,15.24155820698134,166.2394721867153,150.99791397973394,24.72638600706999,25.168345030968375,UNKNOWN,0,15.93576966836574,25.168345030968375,9.232575362602635
1129185.399076,173.52128291068107,169.04386697859476,EXTENDED,0,15.24155820698134,169.04386697859476,153.8023087716134,24.55873851406886,25.116289513061705,UNKNOWN,0,15.93576966836574,25.168345030968375,9.232575362602635
1129185.4819428,174.94212110321016,171.6388789516352,EXTENDED,0,15.24155820698134,171.6388789516352,156.39732074465385,24.172839636357754,24.877655286273743,UNKNOWN,0,15.93576966836574,25.168345030968375,9.232575362602635
1129185.5647678,175.21183110008408,173.47054862866108,EXTENDED,0,15.24155820698134,173.47054862866108,158.22899042167973,24.007900370509844,24.53887362973397,UNKNOWN,0,15.93576966836574,25.168345030968375,9.232575362602635
1129185.6467602,175.28912354606103,174.36750244422083,EXTENDED,0,15.24155820698134,174.36750244422083,159.12594423723948,24.002636765279984,24.29370025865729,UNKNOWN,0,15.93576966836574,25.168345030968375,9.232575362602635
1129185.7445865,174.9762206314725,174.78811585830178,EXTENDED,0,15.24155820698134,174.78811585830178,159.54655765132043,24.27975198762069,24.204373454767428,UNKNOWN,0,15.93576966836574,25.168345030968375,9.232575362602635
1129185.8420223,174.75073719580274,175.03400671532614,EXTENDED,0,15.24155820698134,175.03400671532614,159.7924485083448,24.624050671072407,24.217435886168136,UNKNOWN,0,15.93576966836574,25.168345030968375,9.232575362602635
1129185.9326243,173.29325647953016,174.7042337905901,EXTENDED,0,15.24155820698134,175.03400671532614,159.7924485083448,24.6171738176087,24.306302722418327,UNKNOWN,0,15.93576966836574,25.168345030968375,9.232575362602635
1129186.03437,172.63756931864168,174.1893814343016,EXTENDED,0,15.24155820698134,175.03400671532614,159.7924485083448,24.646031834049708,24.4339290151263,UNKNOWN,0,15.93576966836574,25.168345030968375,9.232575362602635
1129186.1204198,172.4962488751336,173.63080650011614,EXTENDED,0,15.24155820698134,175.03400671532614,159.7924485083448,24.741451686196836,24.58169199930967,UNKNOWN,0,15.93576966836574,25.168345030968375,9.232575362602635
1129186.1916352,172.30161406017163,173.09588518585596,EXTENDED,0,15.24155820698134,175.03400671532614,159.7924485083448,24.789952788659438,24.68373215951742,UNKNOWN,0,15.93576966836574,25.168345030968375,9.232575362602635
1129186.2541178,172.01745647613473,172.5492290419224,EXTENDED,0,15.24155820698134,175.03400671532614,159.7924485083448,24.956038009415742,24.750129627186084,UNKNOWN,0,15.93576966836574,25.168345030968375,9.232575362602635
1129186.3131328,171.90365807099357,172.27130936021504,EXTENDED,0,15.24155820698134,175.03400671532614,159.7924485083448,24.933812101323056,24.813457283928958,UNKNOWN,0,15.93576966836574,25.168345030968375,9.232575362602635
1129186.3726392,171.6134911942838,172.06649373534347,EXTENDED,0,15.24155820698134,175.03400671532614,159.7924485083448,24.95003542264472,24.874258001647956,UNKNOWN,0,15.93576966836574,25.168345030968375,9.232575362602635
1129186.4376469,170.97887611723797,171.76301918376436,EXTENDED,0,15.24155820698134,175.03400671532614,159.7924485083448,24.885813009044867,24.903130266217566,UNKNOWN,0,15.93576966836574,25.168345030968375,9.232575362602635
1129186.5270163,170.1192322428166,171.32654282029333,EXTENDED,0,15.24155820698134,175.03400671532614,159.7924485083448,24.95478248371638,24.936096205228957,UNKNOWN,0,15.93576966836574,25.168345030968375,9.232575362602635
1129186.5965567,168.96945638712728,170.71694280249181,EXTENDED,0,15.24155820698134,175.03400671532614,159.7924485083448,24.835460989718232,24.911980801289452,UNKNOWN,0,15.93576966836574,25.168345030968375,9.232575362602635
1129186.6620384,167.72848366024888,169.8819079203429,EXTENDED,0,15.24155820698134,175.03400671532614,159.7924485083448,24.729045302001158,24.871027441425067,UNKNOWN,0,15.93576966836574,25.168345030968375,9.232575362602635
1129186.7258304,165.96034435701046,168.75127855288824,EXTENDED,0,15.24155820698134,175.03400671532614,159.7924485083448,24.829890095631946,24.846998376022515,UNKNOWN,0,15.93576966836574,25.168345030968375,9.232575362602635
1129186.8368911,165.10148039202176,167.57579940784498,EXTENDED,0,15.24155820698134,175.03400671532614,159.7924485083448,24.573142463078426,24.78446426682923,UNKNOWN,0,15.93576966836574,25.168345030968375,9.232575362602635
1129186.9213728,165.20436294763869,166.59282554880943,EXTENDED,0,15.24155820698134,175.03400671532614,159.7924485083448,24.51191624057084,24.695891018200122,UNKNOWN,0,15.93576966836574,25.168345030968375,9.232575362602635
1129186.9910738,164.553653655439,165.70966500247175,EXTENDED,0,15.24155820698134,175.03400671532614,159.7924485083448,24.654789463542915,24.659756712965056,UNKNOWN,0,15.93576966836574,25.168345030968375,9.232575362602635
1129187.0668779,163.9744145943018,164.95885118928237,EXTENDED,0,15.24155820698134,175.03400671532614,159.7924485083448,24.732906981501852,24.660529048865193,UNKNOWN,0,15.93576966836574,25.168345030968375,9.232575362602635
1129187.1369507,163.16040050121413,164.3988624181231,EXTENDED,0,15.24155820698134,175.03400671532614,159.7924485083448,25.27838953587293,24.750228936913395,UNKNOWN,0,15.93576966836574,25.168345030968375,9.232575362602635
1129187.2074764,162.2778717732274,163.83414069436418,EXTENDED,0,15.24155820698134,175.03400671532614,159.7924485083448,25.762695385365724,24.98813952137085,UNKNOWN,0,15.93576966836574,25.168345030968375,9.232575362602635
1129187.3019636,160.50325380200445,162.89391886523737,EXTENDED,0,15.24155820698134,175.03400671532614,159.7924485083448,26.1145409427473,25.308664461806146,UNKNOWN,0,15.93576966836574,25.308664461806146,9.372894793440405
1129187.3678922,156.96046734831367,161.3752816038123,EXTENDED,0,15.24155820698134,175.03400671532614,159.7924485083448,26.06802962952774,25.59131249500311,UNKNOWN,0,15.93576966836574,25.59131249500311,9.655542826637369
1129187.435798,156.0381586672734,159.7880304184066,EXTENDED,0,15.24155820698134,175.03400671532614,159.7924485083448,26.06568612455182,25.857868323613104,UNKNOWN,0,15.93576966836574,25.857868323613104,9.922098655247364
1129187.5063647,151.8427463173422,157.52449958163223,EXTENDED,0,15.24155820698134,175.03400671532614,159.7924485083448,25.946419785878476,25.99147437361421,UNKNOWN,0,15.93576966836574,25.99147437361421,10.05570470524847
1129187.5859196,150.0938487544364,155.08769497787404,EXTENDED,0,15.24155820698134,175.03400671532614,159.7924485083448,26.058143226126568,26.05056394176638,UNKNOWN,0,15.93576966836574,26.05056394176638,10.11479427340064
1129187.6718677,150.44458653707932,153.075961524889,EXTENDED,0,15.24155820698134,175.03400671532614,159.7924485083448,26.03428296357792,26.0345123459325,UNKNOWN,0,15.93576966836574,26.05056394176638,10.11479427340064
1129187.7532877,150.32537748884252,151.74894355299477,EXTENDED,0,15.24155820698134,175.03400671532614,159.7924485083448,25.93928615789598,26.008763651606152,UNKNOWN,0,15.93576966836574,26.05056394176638,10.11479427340064
1129187.8409034,150.86041656866806,150.71339513327368,EXTENDED,0,15.24155820698134,175.03400671532614,159.7924485083448,25.74596102644161,25.944818631984113,UNKNOWN,0,15.93576966836574,26.05056394176638,10.11479427340064
1129187.9201687,36.4318238164576,127.63121063309677,EXTENDED,0,15.24155820698134,175.03400671532614,159.7924485083448,25.411742565153233,25.83788318783906,UNKNOWN,0,15.93576966836574,26.05056394176638,10.11479427340064
1129187.9837466,146.75686415341713,126.96381371289291,EXTENDED,0,15.24155820698134,175.03400671532614,159.7924485083448,25.15864893740393,25.657984330094536,UNKNOWN,0,15.93576966836574,26.05056394176638,10.11479427340064
1129188.0559048,155.35424651624695,127.94574570872643,EXTENDED,0,15.24155820698134,175.03400671532614,159.7924485083448,24.98055766569569,25.447239270518093,UNKNOWN,0,15.93576966836574,26.05056394176638,10.11479427340064
1129188.1284679,157.13906724440915,129.30848365983977,EXTENDED,0,15.24155820698134,175.03400671532614,159.7924485083448,24.980872333521877,25.25555650564327,UNKNOWN,0,15.93576966836574,26.05056394176638,10.11479427340064
1129188.1888981,157.23292392865122,130.5829851318364,EXTENDED,0,15.24155820698134,175.03400671532614,159.7924485083448,25.383716645090498,25.183107629373048,UNKNOWN,0,15.93576966836574,26.05056394176638,10.11479427340064
1129188.2507957,157.45286756674162,154.7871938818932,EXTENDED,0,15.24155820698134,175.03400671532614,159.7924485083448,25.419616201114497,25.184682356565297,UNKNOWN,0,15.93576966836574,26.05056394176638,10.11479427340064
1129188.3203473,157.53419454398264,156.9426599600063,EXTENDED,0,15.24155820698134,175.03400671532614,159.7924485083448,25.383683177460554,25.229689204576623,UNKNOWN,0,15.93576966836574,26.05056394176638,10.11479427340064
1129188.3932381,158.07120734223733,157.48605212520437,EXTENDED,0,15.24155820698134,175.03400671532614,159.7924485083448,25.415719452473432,25.316721561932173,UNKNOWN,0,15.93576966836574,26.05056394176638,10.11479427340064
1129188.4598881,157.62764855995485,157.58376838831356,EXTENDED,0,15.24155820698134,175.03400671532614,159.7924485083448,25.577571423717895,25.436061379971374,UNKNOWN,0,15.93576966836574,26.05056394176638,10.11479427340064
1129188.5382048,156.82977249641425,157.5031381018661,EXTENDED,0,15.24155820698134,175.03400671532614,159.7924485083448,25.89365045624231,25.53804814220174,UNKNOWN,0,15.93576966836574,26.05056394176638,10.11479427340064
1129188.6039226,152.8794004345943,156.58844467543668,EXTENDED,0,15.24155820698134,175.03400671532614,159.7924485083448,25.69575214122537,25.59327533022391,UNKNOWN,0,15.93576966836574,26.05056394176638,10.11479427340064
1129188.6682176,151.9624439003342,155.47409454670697,EXTENDED,0,15.24155820698134,175.03400671532614,159.7924485083448,25.77782812974828,25.672104320681456,UNKNOWN,0,15.93576966836574,26.05056394176638,10.11479427340064
1129188.7372446,149.89857956108776,153.83956899047706,EXTENDED,0,15.24155820698134,175.03400671532614,159.7924485083448,25.877053638505913,25.764371157887958,UNKNOWN,0,15.93576966836574,26.05056394176638,10.11479427340064
1129188.8072876,146.19102692840912,151.55224466416792,EXTENDED,0,15.24155820698134,175.03400671532614,159.7924485083448,25.332112107010655,25.71527929454651,UNKNOWN,0,15.93576966836574,26.05056394176638,10.11479427340064
1129188.8728971,139.76360256487877,148.13901067786082,EXTENDED,0,15.24155820698134,175.03400671532614,159.7924485083448,24.95393836078546,25.527336875455138,UNKNOWN,0,15.93576966836574,26.05056394176638,10.11479427340064
1129188.9411115,137.45947297192478,145.0550251853269,EXTENDED,0,15.24155820698134,175.03400671532614,159.7924485083448,25.128060982537516,25.413798643717563,UNKNOWN,0,15.93576966836574,26.05056394176638,10.11479427340064
1129189.01358,7.697209992303927,116.20197840372086,EXTENDED,0,15.24155820698134,175.03400671532614,159.7924485083448,23.704132993998588,24.999059616567628,UNKNOWN,0,15.93576966836574,26.05056394176638,10.11479427340064
1129189.0879615,7.128028590446172,87.64786820959254,EXTENDED,0,15.24155820698134,175.03400671532614,159.7924485083448,23.411448698731267,24.505938628612697,UNKNOWN,0,15.93576966836574,26.05056394176638,10.11479427340064
1129189.3422456,7.759295765021851,59.96152197691511,FLEXED,0,15.24155820698134,175.03400671532614,159.7924485083448,22.07102716397885,23.853721640006334,UNKNOWN,0,15.93576966836574,26.05056394176638,10.11479427340064
1129189.4192426,5.253893243287576,33.05958011259686,FLEXED,0,15.24155820698134,175.03400671532614,159.7924485083448,21.410688374194557,23.14507164268816,UNKNOWN,0,15.93576966836574,26.05056394176638,10.11479427340064
1129189.5024889,4.271402899592224,6.4219660981303495,FLEXED,0,6.4219660981303495,175.03400671532614,168.6120406171958,20.945077271275576,22.308474900435765,UNKNOWN,0,15.93576966836574,26.05056394176638,10.11479427340064
1129189.5701216,0.46878129511910865,4.976280358693386,FLEXED,0,4.976280358693386,175.03400671532614,170.05772635663277,20.95315654597202,21.758279610830456,UNKNOWN,0,15.93576966836574,26.05056394176638,10.11479427340064
1129189.6347582,1.1075947272753506,3.7721935860592217,FLEXED,0,3.7721935860592217,175.03400671532614,171.26181312926693,20.77030429013807,21.230050729111817,UNKNOWN,0,15.93576966836574,26.05056394176638,10.11479427340064
1129189.6943083,0.7462687240971654,2.369588177874285,FLEXED,0,2.369588177874285,175.03400671532614,172.66441853745187,20.579551054815344,20.931755507279114,UNKNOWN,0,15.93576966836574,26.05056394176638,10.11479427340064
1129189.7592811,2.7745214627694823,1.8737138217706661,FLEXED,0,1.8737138217706661,175.03400671532614,173.16029289355546,22.642710018603267,21.178159836160855,UNKNOWN,0,15.93576966836574,26.05056394176638,10.11479427340064
1129189.8483381,5.41632997786196,2.1026992374246136,FLEXED,0,1.8737138217706661,175.03400671532614,173.16029289355546,22.98517612215535,21.58617960633681,UNKNOWN,0,15.93576966836574,26.05056394176638,10.11479427340064
1129189.9271117,5.667541076330309,3.1424511936668535,FLEXED,0,1.8737138217706661,175.03400671532614,173.16029289355546,24.191135042063802,22.233775305555167,UNKNOWN,0,15.93576966836574,26.05056394176638,10.11479427340064
1129190.0239356,5.699520525103583,4.0608363532325,FLEXED,0,1.8737138217706661,175.03400671532614,173.16029289355546,26.04046987919224,23.287808423366002,UNKNOWN,0,15.93576966836574,26.05056394176638,10.11479427340064
1129190.121207,4.1059880237476145,4.73278021316259,FLEXED,0,1.8737138217706661,175.03400671532614,173.16029289355546,25.65360648855984,24.3026195101149,UNKNOWN,0,15.93576966836574,26.05056394176638,10.11479427340064
1129190.1878534,6.82344565785532,5.542565052179757,FLEXED,0,1.8737138217706661,175.03400671532614,173.16029289355546,26.63350762855369,25.100779032104988,UNKNOWN,0,15.93576966836574,26.05056394176638,10.11479427340064
1129190.267882,7.307029669639085,5.9207049905351825,FLEXED,0,1.8737138217706661,175.03400671532614,173.16029289355546,26.737392433926022,25.85122229445912,UNKNOWN,0,15.93576966836574,26.05056394176638,10.11479427340064
1129190.346022,6.659601699345897,6.1191171151383,FLEXED,0,1.8737138217706661,175.03400671532614,173.16029289355546,30.218027009079098,27.05660068786218,UNKNOWN,0,15.93576966836574,27.05660068786218,11.120831019496439
1129190.415838,5.992004368143782,6.177613883746339,FLEXED,0,1.8737138217706661,175.03400671532614,173.16029289355546,31.957310837820064,28.239968879587742,UNKNOWN,0,15.93576966836574,28.239968879587742,12.304199211222002
1129190.4764223,2.4586267696060786,5.848141632918032,FLEXED,0,1.8737138217706661,175.03400671532614,173.16029289355546,30.530955379843842,29.215438657844544,UNKNOWN,0,15.93576966836574,29.215438657844544,13.279668989478804
1129190.5388922,0.322833633862142,4.548019228119396,FLEXED,0,1.8737138217706661,175.03400671532614,173.16029289355546,29.361493513504396,29.761035834834683,UNKNOWN,0,15.93576966836574,29.761035834834683,13.825266166468943
1129190.5994617,3.764906694717334,3.8395946331350475,FLEXED,0,1.8737138217706661,175.03400671532614,173.16029289355546,30.14948294352289,30.44345393675406,UNKNOWN,0,15.93576966836574,30.44345393675406,14.50768426838832
1129190.6775634,1.5977398426597442,2.827222261797816,FLEXED,0,1.8737138217706661,175.03400671532614,173.16029289355546,29.227858604081433,30.245420255754528,UNKNOWN,0,15.93576966836574,30.44345393675406,14.50768426838832
1129190.7508911,0.12989500239538054,1.6548003886481362,FLEXED,0,1.6548003886481362,175.03400671532614,173.379206326678,30.19950406977281,29.893858902145077,UNKNOWN,0,15.93576966836574,30.44345393675406,14.50768426838832
1129190.8176359,0.6906875491029388,1.3012125445475078,FLEXED,0,1.3012125445475078,175.03400671532614,173.73279417077865,30.875338155455978,29.962735457267502,UNKNOWN,0,15.93576966836574,30.44345393675406,14.50768426838832
1129190.9066428,1.0245306199928241,1.4415519417736444,FLEXED,0,1.3012125445475078,175.03400671532614,173.73279417077865,32.009711753223435,30.492379105211306,UNKNOWN,0,15.93576966836574,30.492379105211306,14.556609436845566
1129191.0060266,1.045307950478694,0.8976321929259162,FLEXED,0,0.8976321929259162,175.03400671532614,174.13637452240022,32.07490810077028,30.877464136660784,UNKNOWN,0,15.93576966836574,30.877464136660784,14.941694468295044
1129191.0956715,3.1283244853852903,1.2037491214710256,FLEXED,0,0.8976321929259162,175.03400671532614,174.13637452240022,31.654336514992213,31.362759718842945,UNKNOWN,0,15.93576966836574,31.362759718842945,15.426990050477205
1129191.19959,3.87229028103771,1.9522281771994912,FLEXED,0,0.8976321929259162,175.03400671532614,174.13637452240022,31.43098765646131,31.60905643618064,UNKNOWN,0,15.93576966836574,31.60905643618064,15.6732867678149
1129191.2909664,3.6029197090319043,2.5346746091852843,FLEXED,0,0.8976321929259162,175.03400671532614,174.13637452240022,31.53829789513379,31.741648384116207,UNKNOWN,0,15.93576966836574,31.741648384116207,15.805878715750467
1129191.384385,2.7366370458087808,2.877095894348476,FLEXED,0,0.8976321929259162,175.03400671532614,174.13637452240022,31.264697299266164,31.592645493324756,UNKNOWN,0,15.93576966836574,31.741648384116207,15.805878715750467
1129191.4592984,2.4952359814272764,3.1670815005381923,FLEXED,0,0.8976321929259162,175.03400671532614,174.13637452240022,30.45125730701548,31.267915334573793,UNKNOWN,0,15.93576966836574,31.741648384116207,15.805878715750467
1129191.5261612,1.2301200630096287,2.7874406160630603,FLEXED,0,0.8976321929259162,175.03400671532614,174.13637452240022,29.688111089063536,30.874670249388053,UNKNOWN,0,15.93576966836574,31.741648384116207,15.805878715750467
1129191.6193864,0.2643395989754169,2.065850479650601,FLEXED,0,0.8976321929259162,175.03400671532614,174.13637452240022,29.55003210700297,30.49847913949639,UNKNOWN,0,15.93576966836574,31.741648384116207,15.805878715750467
1129191.7256687,0.4283460170139435,1.4309357412470092,FLEXED,0,0.8976321929259162,175.03400671532614,174.13637452240022,29.359523426992947,30.062724245868218,UNKNOWN,0,15.93576966836574,31.741648384116207,15.805878715750467
1129191.7835064,0.9037485201194269,1.0643580361091385,FLEXED,0,0.8976321929259162,175.03400671532614,174.13637452240022,28.598396829367218,29.52946415188843,UNKNOWN,0,15.93576966836574,31.741648384116207,15.805878715750467
1129191.8482872,3.4245576392912653,1.2502223676819362,FLEXED,0,0.8976321929259162,175.03400671532614,174.13637452240022,28.091841359262077,29.05758096233775,UNKNOWN,0,15.93576966836574,31.741648384116207,15.805878715750467
1129191.9291306,4.335843208165255,1.8713669967130613,FLEXED,0,0.8976321929259162,175.03400671532614,174.13637452240022,28.516365794948577,28.823231903514756,UNKNOWN,0,15.93576966836574,31.741648384116207,15.805878715750467
1129191.9951462,3.3522004838458432,2.488939173687147,FLEXED,0,0.8976321929259162,175.03400671532614,174.13637452240022,29.0062776473675,28.71448101158767,UNKNOWN,0,15.93576966836574,31.741648384116207,15.805878715750467
1129192.0686116,4.526630045469061,3.3085959793781705,FLEXED,0,0.8976321929259162,175.03400671532614,174.13637452240022,28.771065175881734,28.59678936136542,UNKNOWN,0,15.93576966836574,31.741648384116207,15.805878715750467
1129192.1297663,4.853485389531282,4.098543353260542,FLEXED,0,0.8976321929259162,175.03400671532614,174.13637452240022,28.388002607883234,28.55471051706862,UNKNOWN,0,15.93576966836574,31.741648384116207,15.805878715750467
1129192.2044401,5.051292787641066,4.423890382930502,FLEXED,0,0.8976321929259162,175.03400671532614,174.13637452240022,28.450683179129353,28.62647888104208,UNKNOWN,0,15.93576966836574,31.741648384116207,15.805878715750467
1129192.2715827,6.838713876021361,4.924464516501724,FLEXED,0,0.8976321929259162,175.03400671532614,174.13637452240022,27.803664933105985,28.48393870867356,UNKNOWN,0,15.93576966836574,31.741648384116207,15.805878715750467
1129192.3337473,7.578530480639701,5.769730515860493,FLEXED,0,0.8976321929259162,175.03400671532614,174.13637452240022,27.489039882052502,28.180491155610564,UNKNOWN,0,15.93576966836574,31.741648384116207,15.805878715750467
1129192.3950485,7.946780682510247,6.453760643268732,FLEXED,0,0.8976321929259162,175.03400671532614,174.13637452240022,27.445613074907193,27.915400735415652,UNKNOWN,0,15.93576966836574,31.741648384116207,15.805878715750467
1129192.4600025,8.146591675192203,7.112381900400915,FLEXED,0,0.8976321929259162,175.03400671532614,174.13637452240022,26.57593853712471,27.552987921263945,UNKNOWN,0,15.93576966836574,31.741648384116207,15.805878715750467
1129192.520345,9.337171856900008,7.969557714252704,FLEXED,0,0.8976321929259162,175.03400671532614,174.13637452240022,25.072792299953495,26.877409745428775,UNKNOWN,0,15.93576966836574,31.741648384116207,15.805878715750467
1129192.5898332,10.013805137957997,8.60457596664003,FLEXED,0,0.8976321929259162,175.03400671532614,174.13637452240022,24.55992881959706,26.228662522726996,UNKNOWN,0,15.93576966836574,31.741648384116207,15.805878715750467
1129192.6560782,10.377734295994982,9.164416729711087,FLEXED,0,0.8976321929259162,175.03400671532614,174.13637452240022,24.330300786971968,25.596914703710883,UNKNOWN,0,15.93576966836574,31.741648384116207,15.805878715750467
1129192.7321133,11.473054628686766,9.869671518946392,FLEXED,0,0.8976321929259162,175.03400671532614,174.13637452240022,24.388259291345342,24.985443946998515,UNKNOWN,0,15.93576966836574,31.741648384116207,15.805878715750467
1129192.7909372,11.388970052574521,10.518147194422856,FLEXED,0,0.8976321929259162,175.03400671532614,174.13637452240022,24.333318666748692,24.536919972923315,UNKNOWN,0,15.93576966836574,31.741648384116207,15.805878715750467
1129192.8638328,11.682078846605542,10.987128592363963,FLEXED,0,0.8976321929259162,175.03400671532614,174.13637452240022,24.35362658006084,24.39308682894478,UNKNOWN,0,15.93576966836574,31.741648384116207,15.805878715750467
1129192.9266647,11.63764680913748,11.311896926599859,FLEXED,0,0.8976321929259162,175.03400671532614,174.13637452240022,24.48885285433026,24.37887163589142,UNKNOWN,0,15.93576966836574,31.741648384116207,15.805878715750467
1129193.0028092,12.067810513345853,11.649912170070033,FLEXED,0,0.8976321929259162,175.03400671532614,174.13637452240022,25.012034089021117,24.51521829630125,UNKNOWN,0,15.93576966836574,31.741648384116207,15.805878715750467
1129193.0792676,11.929347165065222,11.741170677345725,FLEXED,0,0.8976321929259162,175.03400671532614,174.13637452240022,25.679777828896036,24.773522003811387,UNKNOWN,0,15.93576966836574,31.741648384116207,15.805878715750467
1129193.1497069,11.392956961766853,11.741968059184192,FLEXED,0,0.8976321929259162,175.03400671532614,174.13637452240022,26.061695721114543,25.11919741468456,UNKNOWN,0,15.93576966836574,31.741648384116207,15.805878715750467
1129193.2186012,10.359291895093241,11.47741066888173,FLEXED,0,0.8976321929259162,175.03400671532614,174.13637452240022,26.251987313455267,25.498869561363442,UNKNOWN,0,15.93576966836574,31.741648384116207,15.805878715750467
1129193.2894989,6.406385506362134,10.431158408326661,FLEXED,0,0.8976321929259162,175.03400671532614,174.13637452240022,26.841578237785864,25.969414638054566,UNKNOWN,0,15.93576966836574,31.741648384116207,15.805878715750467
1129193.3586566,2.251614632345718,8.467919232126635,FLEXED,0,0.8976321929259162,175.03400671532614,174.13637452240022,27.641690971099557,26.495346014470254,UNKNOWN,0,15.93576966836574,31.741648384116207,15.805878715750467
1129193.4319996,0.857451504944877,6.253540100102564,FLEXED,0,0.8976321929259162,175.03400671532614,174.13637452240022,29.21802303969248,27.20299505662954,UNKNOWN,0,15.93576966836574,31.741648384116207,15.805878715750467
1129193.5185909,3.054274176089617,4.585803542967117,FLEXED,0,0.8976321929259162,175.03400671532614,174.13637452240022,30.133727244853247,28.017401361377278,UNKNOWN,0,15.93576966836574,31.741648384116207,15.805878715750467
1129193.5775336,3.623309061192755,,FLEXED,0,0.8976321929259162,175.03400671532614,174.13637452240022,30.012773736314433,28.769558645949115,UNKNOWN,0,15.93576966836574,31.741648384116207,15.805878715750467
1129193.6397966,5.062311425089859,,FLEXED,0,0.8976321929259162,175.03400671532614,174.13637452240022,30.589063153235564,29.519055629039052,UNKNOWN,0,15.93576966836574,31.741648384116207,15.805878715750467
1129193.7042943,5.045781866697563,,FLEXED,0,0.8976321929259162,175.03400671532614,174.13637452240022,30.10061877296401,30.010841189411945,UNKNOWN,0,15.93576966836574,31.741648384116207,15.805878715750467
1129193.7804797,4.813002587320321,,FLEXED,0,0.8976321929259162,175.03400671532614,174.13637452240022,29.803878952800446,30.128012372033538,UNKNOWN,0,15.93576966836574,31.741648384116207,15.805878715750467
1129193.8395757,5.279748181953497,,FLEXED,0,0.8976321929259162,175.03400671532614,174.13637452240022,29.991072615266432,30.09948144611618,UNKNOWN,0,15.93576966836574,31.741648384116207,15.805878715750467
1129193.9087293,5.30228887278156,,FLEXED,0,0.8976321929259162,175.03400671532614,174.13637452240022,29.798729908423542,30.056672680537996,UNKNOWN,0,15.93576966836574,31.741648384116207,15.805878715750467
1129193.9768983,5.475935462030316,,FLEXED,0,0.8976321929259162,175.03400671532614,174.13637452240022,29.53068963951827,29.844997977794538,UNKNOWN,0,15.93576966836574,31.741648384116207,15.805878715750467
1129194.0499653,6.902737656833113,,FLEXED,0,0.8976321929259162,175.03400671532614,174.13637452240022,28.673098841395046,29.559493991480746,UNKNOWN,0,15.93576966836574,31.741648384116207,15.805878715750467
1129194.1189376,7.336152341592156,,FLEXED,0,0.8976321929259162,175.03400671532614,174.13637452240022,28.303867683910173,29.259491737702696,UNKNOWN,0,15.93576966836574,31.741648384116207,15.805878715750467
1129194.185257,7.361170605906887,,FLEXED,0,0.8976321929259162,175.03400671532614,174.13637452240022,28.175447944474655,28.896366803544332,UNKNOWN,0,15.93576966836574,31.741648384116207,15.805878715750467
1129194.2506905,7.111230132755004,,FLEXED,0,0.8976321929259162,175.03400671532614,174.13637452240022,28.002303089704366,28.5370814398005,UNKNOWN,0,15.93576966836574,31.741648384116207,15.805878715750467
1129194.3203605,6.872951514134325,,FLEXED,0,0.8976321929259162,175.03400671532614,174.13637452240022,27.87196934948341,28.205337381793534,UNKNOWN,0,15.93576966836574,31.741648384116207,15.805878715750467
1129194.3880857,6.716011373532293,,FLEXED,0,0.8976321929259162,175.03400671532614,174.13637452240022,27.840483602866865,28.038814334087892,UNKNOWN,0,15.93576966836574,31.741648384116207,15.805878715750467
1129194.4630215,6.686537692644741,,FLEXED,0,0.8976321929259162,175.03400671532614,174.13637452240022,27.832087404154674,27.944458278136796,UNKNOWN,0,15.93576966836574,31.741648384116207,15.805878715750467
1129194.5294095,6.934937900305132,,FLEXED,0,0.8976321929259162,175.03400671532614,174.13637452240022,27.87845308875429,27.885059306992723,UNKNOWN,0,15.93576966836574,31.741648384116207,15.805878715750467
1129194.5931446,6.943292135001614,,FLEXED,0,0.8976321929259162,175.03400671532614,174.13637452240022,27.93875138926588,27.872348966905026,UNKNOWN,0,15.93576966836574,31.741648384116207,15.805878715750467
1129194.6607125,6.615043653496678,,FLEXED,0,0.8976321929259162,175.03400671532614,174.13637452240022,27.838698340925056,27.865694765193354,UNKNOWN,0,15.93576966836574,31.741648384116207,15.805878715750467
1129194.7265816,6.835459594130433,,FLEXED,0,0.8976321929259162,175.03400671532614,174.13637452240022,27.88046698661693,27.873691441943368,UNKNOWN,0,15.93576966836574,31.741648384116207,15.805878715750467
1129195.0161123,6.888775800576027,,FLEXED,0,0.8976321929259162,175.03400671532614,174.13637452240022,27.62321369718669,27.831916700549773,UNKNOWN,0,15.93576966836574,31.741648384116207,15.805878715750467
1129195.0840503,6.902099863852393,,FLEXED,0,0.8976321929259162,175.03400671532614,174.13637452240022,27.45786699612801,27.747799482024515,UNKNOWN,0,15.93576966836574,31.741648384116207,15.805878715750467
1129195.1527036,6.862593166524276,,FLEXED,0,0.8976321929259162,175.03400671532614,174.13637452240022,27.388128411902425,27.63767488655182,UNKNOWN,0,15.93576966836574,31.741648384116207,15.805878715750467
1129195.2162186,6.822209816753212,,FLEXED,0,0.8976321929259162,175.03400671532614,174.13637452240022,27.303318070031974,27.530598832373208,UNKNOWN,0,15.93576966836574,31.741648384116207,15.805878715750467
1129195.2862199,6.78363162320865,,FLEXED,0,0.8976321929259162,175.03400671532614,174.13637452240022,27.130357709390402,27.380576976927905,UNKNOWN,0,15.93576966836574,31.741648384116207,15.805878715750467
1129195.3686741,6.800515518762933,,FLEXED,0,0.8976321929259162,175.03400671532614,174.13637452240022,27.10354701485498,27.276643640461554,UNKNOWN,0,15.93576966836574,31.741648384116207,15.805878715750467
1129195.440159,6.789330665863303,,FLEXED,0,0.8976321929259162,175.03400671532614,174.13637452240022,27.092880513988362,27.203646344033633,UNKNOWN,0,15.93576966836574,31.741648384116207,15.805878715750467
1129195.5135957,6.784151235170916,,FLEXED,0,0.8976321929259162,175.03400671532614,174.13637452240022,27.108929804160955,27.147806622485337,UNKNOWN,0,15.93576966836574,31.741648384116207,15.805878715750467
1129195.5805626,6.756510277797508,,FLEXED,0,0.8976321929259162,175.03400671532614,174.13637452240022,27.141648384056797,27.115472685290296,UNKNOWN,0,15.93576966836574,31.741648384116207,15.805878715750467
1129195.6465191,6.731259452420664,,FLEXED,0,0.8976321929259162,175.03400671532614,174.13637452240022,27.138838578088265,27.117168859029867,UNKNOWN,0,15.93576966836574,31.741648384116207,15.805878715750467
1129195.7280417,6.7212421346893265,,FLEXED,0,0.8976321929259162,175.03400671532614,174.13637452240022,27.13419714573381,27.12329888520564,UNKNOWN,0,15.93576966836574,31.741648384116207,15.805878715750467
1129195.7905031,6.763915512837593,,FLEXED,0,0.8976321929259162,175.03400671532614,174.13637452240022,27.229695700058624,27.150661922419687,UNKNOWN,0,15.93576966836574,31.741648384116207,15.805878715750467
1129195.8606314,6.682984181991022,,FLEXED,0,0.8976321929259162,175.03400671532614,174.13637452240022,27.444409397500124,27.217757841087526,UNKNOWN,0,15.93576966836574,31.741648384116207,15.805878715750467
1129195.939822,6.6499859669138885,,FLEXED,0,0.8976321929259162,175.03400671532614,174.13637452240022,27.585260958508215,27.306480355977804,UNKNOWN,0,15.93576966836574,31.741648384116207,15.805878715750467
1129196.004653,6.7568105228208015,,FLEXED,0,0.8976321929259162,175.03400671532614,174.13637452240022,27.88669287220201,27.456051214800556,UNKNOWN,0,15.93576966836574,31.741648384116207,15.805878715750467
1129196.0759159,6.623423965918977,,FLEXED,0,0.8976321929259162,175.03400671532614,174.13637452240022,27.893565697992962,27.607924925252387,UNKNOWN,0,15.93576966836574,31.741648384116207,15.805878715750467
1129196.1454961,6.457769670273593,,FLEXED,0,0.8976321929259162,175.03400671532614,174.13637452240022,27.902418021988172,27.742469389638295,UNKNOWN,0,15.93576966836574,31.741648384116207,15.805878715750467
1129196.2228487,6.110484166512299,,FLEXED,0,0.8976321929259162,175.03400671532614,174.13637452240022,27.92620159848145,27.83882782983456,UNKNOWN,0,15.93576966836574,31.741648384116207,15.805878715750467
1129196.2855019,5.77830098936171,,FLEXED,0,0.8976321929259162,175.03400671532614,174.13637452240022,27.96816341463053,27.915408321059026,UNKNOWN,0,15.93576966836574,31.741648384116207,15.805878715750467
1129196.3555506,5.678749728437019,,FLEXED,0,0.8976321929259162,175.03400671532614,174.13637452240022,28.13141853308765,27.96435345323615,UNKNOWN,0,15.93576966836574,31.741648384116207,15.805878715750467
1129196.4168489,5.5589022559371015,,FLEXED,0,0.8976321929259162,175.03400671532614,174.13637452240022,28.180445016282395,28.021729316894046,UNKNOWN,0,15.93576966836574,31.741648384116207,15.805878715750467
1129196.479,5.431477532257103,,FLEXED,0,0.8976321929259162,175.03400671532614,174.13637452240022,28.33088484417067,28.107422681330537,UNKNOWN,0,15.93576966836574,31.741648384116207,15.805878715750467
1129196.5425997,5.379112704602916,,FLEXED,0,0.8976321929259162,175.03400671532614,174.13637452240022,28.336700287162934,28.189522419066833,UNKNOWN,0,15.93576966836574,31.741648384116207,15.805878715750467
1129196.6083286,5.338877754758262,,FLEXED,0,0.8976321929259162,175.03400671532614,174.13637452240022,28.360872492683043,28.268064234677343,UNKNOWN,0,15.93576966836574,31.741648384116207,15.805878715750467
1129196.6670984,5.329975358462928,,FLEXED,0,0.8976321929259162,175.03400671532614,174.13637452240022,28.536895283306222,28.349159584721054,UNKNOWN,0,15.93576966836574,31.741648384116207,15.805878715750467
1129196.7367212,5.306245455822829,,FLEXED,0,0.8976321929259162,175.03400671532614,174.13637452240022,28.60921766051992,28.43491411356856,UNKNOWN,0,15.93576966836574,31.741648384116207,15.805878715750467
1129196.8105858,5.338024874049326,,FLEXED,0,0.8976321929259162,175.03400671532614,174.13637452240022,28.58732465533175,28.486202075800776,UNKNOWN,0,15.93576966836574,31.741648384116207,15.805878715750467
1129196.8978343,5.3964301159384025,,FLEXED,0,0.8976321929259162,175.03400671532614,174.13637452240022,28.63429448270688,28.54572091490956,UNKNOWN,0,15.93576966836574,31.741648384116207,15.805878715750467
1129196.9669153,5.32001780238537,,FLEXED,0,0.8976321929259162,175.03400671532614,174.13637452240022,28.573033505977644,28.58815311756848,UNKNOWN,0,15.93576966836574,31.741648384116207,15.805878715750467
1129197.0301181,5.2717743733276485,,FLEXED,0,0.8976321929259162,175.03400671532614,174.13637452240022,28.533375746809096,28.587449210269057,UNKNOWN,0,15.93576966836574,31.741648384116207,15.805878715750467
1129197.0991609,5.166286609929929,,FLEXED,0,0.8976321929259162,175.03400671532614,174.13637452240022,28.50015256994279,28.565636192153637,UNKNOWN,0,15.93576966836574,31.741648384116207,15.805878715750467
1129197.1688959,5.024202112190361,,FLEXED,0,0.8976321929259162,175.03400671532614,174.13637452240022,28.431169591570892,28.53440517940146,UNKNOWN,0,15.93576966836574,31.741648384116207,15.805878715750467
1129197.2452213,4.914401933001192,,FLEXED,0,0.8976321929259162,175.03400671532614,174.13637452240022,28.392108985052182,28.48596807987052,UNKNOWN,0,15.93576966836574,31.741648384116207,15.805878715750467
1129197.3313006,4.9274393793693365,,FLEXED,0,0.8976321929259162,175.03400671532614,174.13637452240022,28.270482039104255,28.425457786495844,UNKNOWN,0,15.93576966836574,31.741648384116207,15.805878715750467
1129197.4323418,4.861875238343575,,FLEXED,0,0.8976321929259162,175.03400671532614,174.13637452240022,28.10988566563459,28.340759770260938,UNKNOWN,0,15.93576966836574,31.741648384116207,15.805878715750467
1129197.4978673,4.813888154276871,,FLEXED,0,0.8976321929259162,175.03400671532614,174.13637452240022,27.986905089303573,28.2381102741331,UNKNOWN,0,15.93576966836574,31.741648384116207,15.805878715750467
1129197.5757874,4.784364366209411,,FLEXED,0,0.8976321929259162,175.03400671532614,174.13637452240022,27.897218064259718,28.13131996867087,UNKNOWN,0,15.93576966836574,31.741648384116207,15.805878715750467
1129197.6407647,4.871361029968904,,FLEXED,0,0.8976321929259162,175.03400671532614,174.13637452240022,27.828584051074507,28.018614981875327,UNKNOWN,0,15.93576966836574,31.741648384116207,15.805878715750467
1129197.7043437,4.926101336763529,,FLEXED,0,0.8976321929259162,175.03400671532614,174.13637452240022,27.73679278500339,27.911877131055157,UNKNOWN,0,15.93576966836574,31.741648384116207,15.805878715750467
1129197.7709438,4.918671116745143,,FLEXED,0,0.8976321929259162,175.03400671532614,174.13637452240022,27.648323252660543,27.819564648460346,UNKNOWN,0,15.93576966836574,31.741648384116207,15.805878715750467
1129197.8317974,5.191509166083812,,FLEXED,0,0.8976321929259162,175.03400671532614,174.13637452240022,27.594983449543594,27.741180320508352,UNKNOWN,0,15.93576966836574,31.741648384116207,15.805878715750467
1129197.9009388,5.4694795734163995,,FLEXED,0,0.8976321929259162,175.03400671532614,174.13637452240022,27.356632679212687,27.633063243498945,UNKNOWN,0,15.93576966836574,31.741648384116207,15.805878715750467
1129197.9798847,5.617151486089761,,FLEXED,0,0.8976321929259162,175.03400671532614,174.13637452240022,27.219734685070264,27.511293370298098,UNKNOWN,0,15.93576966836574,31.741648384116207,15.805878715750467
1129198.0444297,5.944655259593353,,FLEXED,0,0.8976321929259162,175.03400671532614,174.13637452240022,27.09144425779501,27.38222366485642,UNKNOWN,0,15.93576966836574,31.741648384116207,15.805878715750467
1129198.1139161,6.951315854240706,,FLEXED,0,0.8976321929259162,175.03400671532614,174.13637452240022,27.146431112938483,27.281845236912005,UNKNOWN,0,15.93576966836574,31.741648384116207,15.805878715750467
1129198.1694903,7.47527513430223,,FLEXED,0,0.8976321929259162,175.03400671532614,174.13637452240022,27.19095550797964,27.20103964859922,UNKNOWN,0,15.93576966836574,31.741648384116207,15.805878715750467
1129198.2289597,7.4832170617873475,,FLEXED,0,0.8976321929259162,175.03400671532614,174.13637452240022,26.967156268916742,27.123144366540025,UNKNOWN,0,15.93576966836574,31.741648384116207,15.805878715750467
1129198.2983534,7.57874394660885,,FLEXED,0,0.8976321929259162,175.03400671532614,174.13637452240022,26.940046701558003,27.067206769837572,UNKNOWN,0,15.93576966836574,31.741648384116207,15.805878715750467
1129198.3683811,7.661925481925774,,FLEXED,0,0.8976321929259162,175.03400671532614,174.13637452240022,26.939131254762543,27.03674416923108,UNKNOWN,0,15.93576966836574,31.741648384116207,15.805878715750467
1129198.4361761,7.554170743574398,,FLEXED,0,0.8976321929259162,175.03400671532614,174.13637452240022,26.7720915773657,26.961876262116526,UNKNOWN,0,15.93576966836574,31.741648384116207,15.805878715750467
1129198.494139,7.329843244302621,,FLEXED,0,0.8976321929259162,175.03400671532614,174.13637452240022,26.704252866233823,26.86453573376736,UNKNOWN,0,15.93576966836574,31.741648384116207,15.805878715750467
1129198.5676859,7.187314338966321,,FLEXED,0,0.8976321929259162,175.03400671532614,174.13637452240022,26.679933807262437,26.807091241436503,UNKNOWN,0,15.93576966836574,31.741648384116207,15.805878715750467
1129198.6376253,7.096163899920564,,FLEXED,0,0.8976321929259162,175.03400671532614,174.13637452240022,26.640499535130502,26.747181808151005,UNKNOWN,0,15.93576966836574,31.741648384116207,15.805878715750467
1129198.7009877,6.479196923722286,,FLEXED,0,0.8976321929259162,175.03400671532614,174.13637452240022,26.549388221559028,26.6692332015103,UNKNOWN,0,15.93576966836574,31.741648384116207,15.805878715750467
1129198.7689899,6.153944156878586,,FLEXED,0,0.8976321929259162,175.03400671532614,174.13637452240022,26.479177863029406,26.61065045864304,UNKNOWN,0,15.93576966836574,31.741648384116207,15.805878715750467
1129198.8522422,5.703385894331296,,FLEXED,0,0.8976321929259162,175.03400671532614,174.13637452240022,26.325680361434877,26.534935957683253,UNKNOWN,0,15.93576966836574,31.741648384116207,15.805878715750467
1129198.9304675,5.415926381230644,,FLEXED,0,0.8976321929259162,175.03400671532614,174.13637452240022,26.321173538902684,26.4631839040113,UNKNOWN,0,15.93576966836574,31.741648384116207,15.805878715750467
1129198.9918909,5.305489625934106,,FLEXED,0,0.8976321929259162,175.03400671532614,174.13637452240022,26.33563472248791,26.40221094148278,UNKNOWN,0,15.93576966836574,31.741648384116207,15.805878715750467
1129199.0591077,5.30893658577572,,FLEXED,0,0.8976321929259162,175.03400671532614,174.13637452240022,26.3437073771941,26.361074772609793,UNKNOWN,0,15.93576966836574,31.741648384116207,15.805878715750467
1129199.1459711,5.261170540841238,,FLEXED,0,0.8976321929259162,175.03400671532614,174.13637452240022,26.571781254235546,26.379595450851024,UNKNOWN,0,15.93576966836574,31.741648384116207,15.805878715750467
1129199.2147896,5.238005066730168,,FLEXED,0,0.8976321929259162,175.03400671532614,174.13637452240022,26.750831062367357,26.46462559103752,UNKNOWN,0,15.93576966836574,31.741648384116207,15.805878715750467
1129199.2920372,5.320250705569641,,FLEXED,0,0.8976321929259162,175.03400671532614,174.13637452240022,26.63949958799993,26.52829080085697,UNKNOWN,0,15.93576966836574,31.741648384116207,15.805878715750467
1129199.3613508,5.458534335998679,,FLEXED,0,0.8976321929259162,175.03400671532614,174.13637452240022,26.868509739264326,26.634865804212257,UNKNOWN,0,15.93576966836574,31.741648384116207,15.805878715750467
1129199.4226339,5.335020538098944,,FLEXED,0,0.8976321929259162,175.03400671532614,174.13637452240022,26.80740200652059,26.72760473007755,UNKNOWN,0,15.93576966836574,31.741648384116207,15.805878715750467
1129199.489191,5.292713822006424,,FLEXED,0,0.8976321929259162,175.03400671532614,174.13637452240022,26.795496410211555,26.772347761272748,UNKNOWN,0,15.93576966836574,31.741648384116207,15.805878715750467
1129199.5454536,5.269888841333022,,FLEXED,0,0.8976321929259162,175.03400671532614,174.13637452240022,26.676018252465475,26.75738519929238,UNKNOWN,0,15.93576966836574,31.741648384116207,15.805878715750467
1129199.6150135,5.207139178560121,,FLEXED,0,0.8976321929259162,175.03400671532614,174.13637452240022,26.449296383592227,26.719344558410832,UNKNOWN,0,15.93576966836574,31.741648384116207,15.805878715750467
1129199.6833724,5.177532223962711,,FLEXED,0,0.8976321929259162,175.03400671532614,174.13637452240022,26.396260075372467,26.624894625632464,UNKNOWN,0,15.93576966836574,31.741648384116207,15.805878715750467
1129199.7490301,5.224552481434385,,FLEXED,0,0.8976321929259162,175.03400671532614,174.13637452240022,26.394589945057636,26.54233221333987,UNKNOWN,0,15.93576966836574,31.741648384116207,15.805878715750467
1129199.8254621,5.3759349728535275,,FLEXED,0,0.8976321929259162,175.03400671532614,174.13637452240022,26.368440740740386,26.456921079445635,UNKNOWN,0,15.93576966836574,31.741648384116207,15.805878715750467
1129199.892792,5.422327431360789,,FLEXED,0,0.8976321929259162,175.03400671532614,174.13637452240022,26.348679441806883,26.39145331731392,UNKNOWN,0,15.93576966836574,31.741648384116207,15.805878715750467
1129199.9616304,5.651113783448592,,FLEXED,0,0.8976321929259162,175.03400671532614,174.13637452240022,26.577710863402533,26.417136213275977,UNKNOWN,0,15.93576966836574,31.741648384116207,15.805878715750467
1129200.0295139,5.935812374572482,,FLEXED,0,0.8976321929259162,175.03400671532614,174.13637452240022,26.75351073144932,26.488586344491353,UNKNOWN,0,15.93576966836574,31.741648384116207,15.805878715750467
1129200.1486823,6.028337607270506,,FLEXED,0,0.8976321929259162,175.03400671532614,174.13637452240022,26.937364070628014,26.59714116960543,UNKNOWN,0,15.93576966836574,31.741648384116207,15.805878715750467
1129200.2454448,6.406491605320142,,FLEXED,0,0.8976321929259162,175.03400671532614,174.13637452240022,27.100320929992012,26.743517207455756,UNKNOWN,0,15.93576966836574,31.741648384116207,15.805878715750467
1129200.3097628,6.470867682249195,,FLEXED,0,0.8976321929259162,175.03400671532614,174.13637452240022,27.683768749233565,27.01053506894109,UNKNOWN,0,15.93576966836574,31.741648384116207,15.805878715750467
1129200.6348299,5.835195933932619,,FLEXED,0,0.8976321929259162,175.03400671532614,174.13637452240022,27.705763521183343,27.236145600497252,UNKNOWN,0,15.93576966836574,31.741648384116207,15.805878715750467
1129200.7150528,5.31581200934293,,FLEXED,0,0.8976321929259162,175.03400671532614,174.13637452240022,27.68742849459522,27.422929153126432,UNKNOWN,0,15.93576966836574,31.741648384116207,15.805878715750467
1129200.7797935,5.387494238380372,,FLEXED,0,0.8976321929259162,175.03400671532614,174.13637452240022,27.885112894176896,27.612478917836206,UNKNOWN,0,15.93576966836574,31.741648384116207,15.805878715750467
1129200.852553,3.0181299616557458,,FLEXED,0,0.8976321929259162,175.03400671532614,174.13637452240022,27.4454460837411,27.681503948586027,UNKNOWN,0,15.93576966836574,31.741648384116207,15.805878715750467
1129200.9449651,2.1946336209804036,,FLEXED,0,0.8976321929259162,175.03400671532614,174.13637452240022,26.48161652140985,27.441073503021283,UNKNOWN,0,15.93576966836574,31.741648384116207,15.805878715750467
1129201.0258637,2.6154299599769644,,FLEXED,0,0.8976321929259162,175.03400671532614,174.13637452240022,26.694582008300436,27.2388372004447,UNKNOWN,0,15.93576966836574,31.741648384116207,15.805878715750467
1129201.0895923,0.5752972328627445,,FLEXED,0,0.8976321929259162,175.03400671532614,174.13637452240022,26.742851179515924,27.049921737428843,UNKNOWN,0,15.93576966836574,31.741648384116207,15.805878715750467
1129201.1581634,0.3385341434359943,,FLEXED,0,0.8976321929259162,175.03400671532614,174.13637452240022,26.339141398723818,26.74072743833823,UNKNOWN,0,15.93576966836574,31.741648384116207,15.805878715750467
1129201.2229853,1.792455574049139,,FLEXED,0,0.8976321929259162,175.03400671532614,174.13637452240022,27.136744707366958,26.678987163063404,UNKNOWN,0,15.93576966836574,31.741648384116207,15.805878715750467
1129201.2895302,3.27821222987209,,FLEXED,0,0.8976321929259162,175.03400671532614,174.13637452240022,26.39717784810668,26.66209942840276,UNKNOWN,0,15.93576966836574,31.741648384116207,15.805878715750467
1129201.3552337,4.734451079923302,,FLEXED,0,0.8976321929259162,175.03400671532614,174.13637452240022,26.284849306548,26.580152888052275,UNKNOWN,0,15.93576966836574,31.741648384116207,15.805878715750467
1129201.413322,3.880338208262368,,FLEXED,0,0.8976321929259162,175.03400671532614,174.13637452240022,26.504437051058183,26.532470062360726,UNKNOWN,0,15.93576966836574,31.741648384116207,15.805878715750467
1129201.487527,2.2045467292774807,,FLEXED,0,0.8976321929259162,175.03400671532614,174.13637452240022,26.573521079374792,26.57934599849092,UNKNOWN,0,15.93576966836574,31.741648384116207,15.805878715750467
1129201.5518413,1.3825644504897276,,FLEXED,0,0.8976321929259162,175.03400671532614,174.13637452240022,26.970173245947084,26.546031706206946,UNKNOWN,0,15.93576966836574,31.741648384116207,15.805878715750467
1129201.6143064,0.8167568384959324,,FLEXED,0,0.8976321929259162,175.03400671532614,174.13637452240022,27.598652212026114,26.78632657899083,UNKNOWN,0,15.93576966836574,31.741648384116207,15.805878715750467
1129201.6780654,0.8864775516899347,,FLEXED,0,0.8976321929259162,175.03400671532614,174.13637452240022,27.94329848474525,27.118016414630283,UNKNOWN,0,15.93576966836574,31.741648384116207,15.805878715750467
1129201.7654216,2.2062725025879266,,FLEXED,0,0.8976321929259162,175.03400671532614,174.13637452240022,26.95789932107621,27.20870886863389,UNKNOWN,0,15.93576966836574,31.741648384116207,15.805878715750467
1129201.8466153,6.370546827376858,3.78805452942384,FLEXED,0,0.8976321929259162,175.03400671532614,174.13637452240022,24.98551355973606,26.89110736470614,UNKNOWN,0,15.93576966836574,31.741648384116207,15.805878715750467
1129201.9495174,10.402459103464894,4.587269248844393,FLEXED,0,0.8976321929259162,175.03400671532614,174.13637452240022,24.067926294237775,26.310657974364283,UNKNOWN,0,15.93576966836574,31.741648384116207,15.805878715750467
1129202.0135711,14.968474046609051,7.130641131697059,FLEXED,0,0.8976321929259162,175.03400671532614,174.13637452240022,22.86721157515669,25.364369846990396,UNKNOWN,0,15.93576966836574,31.741648384116207,15.805878715750467
1129202.0714311,11.205366306380949,9.200224091984273,FLEXED,0,0.8976321929259162,175.03400671532614,174.13637452240022,23.765578435141382,24.528825837069622,UNKNOWN,0,15.93576966836574,31.741648384116207,15.805878715750467
1129202.1289322,13.046907059498388,11.198750668666026,FLEXED,0,0.8976321929259162,175.03400671532614,174.13637452240022,23.53329053209272,23.843904079272924,UNKNOWN,0,15.93576966836574,31.741648384116207,15.805878715750467
1129202.2078768,12.476497740336168,12.419940851257888,FLEXED,0,0.8976321929259162,175.03400671532614,174.13637452240022,24.810013169357624,23.808804001197238,UNKNOWN,0,15.93576966836574,31.741648384116207,15.805878715750467
1129202.274467,10.952256581214366,12.529900346807782,FLEXED,0,0.8976321929259162,175.03400671532614,174.13637452240022,24.920559477016905,23.97933063775307,UNKNOWN,0,15.93576966836574,31.741648384116207,15.805878715750467
1129202.3431864,12.86530068979947,12.109265675445867,FLEXED,0,0.8976321929259162,175.03400671532614,174.13637452240022,28.60522520568537,25.1269333638588,UNKNOWN,0,15.93576966836574,31.741648384116207,15.805878715750467
1129202.4235908,9.338058146249587,11.735804043419595,FLEXED,0,0.8976321929259162,175.03400671532614,174.13637452240022,27.611787594491044,25.896175195728734,UNKNOWN,0,15.93576966836574,31.741648384116207,15.805878715750467
1129202.4967421,10.100680234049067,11.14655867832973,FLEXED,0,0.8976321929259162,175.03400671532614,174.13637452240022,26.99806671760141,26.589130432830473,UNKNOWN,0,15.93576966836574,31.741648384116207,15.805878715750467
1129202.5602521,11.994864598155662,11.050232049893628,FLEXED,0,0.8976321929259162,175.03400671532614,174.13637452240022,26.75779291111172,26.97868638118129,UNKNOWN,0,15.93576966836574,31.741648384116207,15.805878715750467
1129202.6157375,12.456497943869074,11.351080322424572,FLEXED,0,0.8976321929259162,175.03400671532614,174.13637452240022,26.649831358718988,27.32454075752171,UNKNOWN,0,15.93576966836574,31.741648384116207,15.805878715750467
1129202.6838531,10.301328954285433,10.838285975321764,FLEXED,0,0.8976321929259162,175.03400671532614,174.13637452240022,24.324294609019688,26.468354638188565,UNKNOWN,0,15.93576966836574,31.741648384116207,15.805878715750467
1129202.7578517,11.784405354856371,11.32755541704312,FLEXED,0,0.8976321929259162,175.03400671532614,174.13637452240022,25.69601654712342,26.085200428715048,UNKNOWN,0,15.93576966836574,31.741648384116207,15.805878715750467
1129202.8380854,12.702607006130282,11.847940771459363,FLEXED,0,0.8976321929259162,175.03400671532614,174.13637452240022,26.070668440702413,25.899720773335247,UNKNOWN,0,15.93576966836574,31.741648384116207,15.805878715750467
1129202.8999945,17.97612156311243,13.044192164450717,FLEXED,0,0.8976321929259162,175.03400671532614,174.13637452240022,25.055729742649895,25.559308139642884,UNKNOWN,0,15.93576966836574,31.741648384116207,15.805878715750467
1129202.9664334,19.099988465771204,14.372890268831146,FLEXED,0,0.8976321929259162,175.03400671532614,174.13637452240022,24.47930878194166,25.125203624287415,UNKNOWN,0,15.93576966836574,31.741648384116207,15.805878715750467
1129203.0476396,20.07675939980614,16.327976357935285,FLEXED,0,0.8976321929259162,175.03400671532614,174.13637452240022,23.386880235971745,24.93772074967783,UNKNOWN,0,15.93576966836574,31.741648384116207,15.805878715750467
1129203.123107,21.177289355300907,18.20655315802419,FLEXED,0,0.8976321929259162,175.03400671532614,174.13637452240022,23.24899828201287,24.448317096655718,UNKNOWN,0,15.93576966836574,31.741648384116207,15.805878715750467
1129203.1820049,21.69469917879911,20.004971592557958,FLEXED,0,0.8976321929259162,175.03400671532614,174.13637452240022,23.268295919139817,23.887842592343198,UNKNOWN,0,15.93576966836574,31.741648384116207,15.805878715750467
1129203.241857,22.74820163811046,20.959387607557563,FLEXED,0,0.8976321929259162,175.03400671532614,174.13637452240022,23.16482088212237,23.50966082023769,UNKNOWN,0,15.93576966836574,31.741648384116207,15.805878715750467
1129203.3016729,26.344944663719794,22.408378847147283,FLEXED,0,0.8976321929259162,175.03400671532614,174.13637452240022,22.446169475752775,23.103032958999915,UNKNOWN,0,15.93576966836574,31.741648384116207,15.805878715750467
1129203.3661142,25.59107375786055,23.511241718758164,FLEXED,0,0.8976321929259162,175.03400671532614,174.13637452240022,22.256871022101482,22.87703111622586,UNKNOWN,0,15.93576966836574,31.741648384116207,15.805878715750467
1129203.4450553,27.59403081897075,24.794590011492133,FLEXED,0,0.8976321929259162,175.03400671532614,174.13637452240022,21.124250199506676,22.45208149972462,UNKNOWN,0,15.93576966836574,31.741648384116207,15.805878715750467
1129203.5040059,27.97527604897287,26.050705385526886,FLEXED,0,0.8976321929259162,175.03400671532614,174.13637452240022,20.74593960462281,21.947610236821223,UNKNOWN,0,15.93576966836574,31.741648384116207,15.805878715750467
1129203.561565,27.86091598332389,27.07324825456957,FLEXED,0,0.8976321929259162,175.03400671532614,174.13637452240022,20.713715390276988,21.457389138452147,UNKNOWN,0,15.93576966836574,31.741648384116207,15.805878715750467
1129203.6184571,28.309062231864726,27.466071768198553,FLEXED,0,0.8976321929259162,175.03400671532614,174.13637452240022,21.04333305217673,21.176821853736936,UNKNOWN,0,15.93576966836574,31.741648384116207,15.805878715750467
1129203.6793451,27.984527297223,27.94476247607105,FLEXED,0,0.8976321929259162,175.03400671532614,174.13637452240022,21.405423159433013,21.006532281203242,UNKNOWN,0,15.93576966836574,31.741648384116207,15.805878715750467
1129203.743559,29.443711588369634,28.314698629950822,FLEXED,0,0.8976321929259162,175.03400671532614,174.13637452240022,21.572546312361425,21.096191503774193,UNKNOWN,0,15.93576966836574,31.741648384116207,15.805878715750467
1129203.8081349,30.134296413477298,28.74650270285171,FLEXED,0,0.8976321929259162,175.03400671532614,174.13637452240022,21.466807903736523,21.240365163596937,UNKNOWN,0,15.93576966836574,31.741648384116207,15.805878715750467
1129203.8727463,30.368974834435768,29.24811447307409,FLEXED,0,0.8976321929259162,175.03400671532614,174.13637452240022,21.649721479614193,21.42756638146438,UNKNOWN,0,15.93576966836574,31.741648384116207,15.805878715750467
1129203.9418293,30.398493901501503,29.66600080700144,FLEXED,0,0.8976321929259162,175.03400671532614,174.13637452240022,22.23818118557882,21.666536008144796,UNKNOWN,0,15.93576966836574,31.741648384116207,15.805878715750467
1129204.0135329,29.96855657534343,30.062806662625526,FLEXED,0,0.8976321929259162,175.03400671532614,174.13637452240022,22.88240092680269,21.961931561618734,UNKNOWN,0,15.93576966836574,31.741648384116207,15.805878715750467
1129204.0897869,31.48256909177575,30.470578163306747,FLEXED,0,0.8976321929259162,175.03400671532614,174.13637452240022,23.34945010797985,22.317312320742413,UNKNOWN,0,15.93576966836574,31.741648384116207,15.805878715750467
1129204.1513637,31.413227672869738,30.726364415185238,FLEXED,0,0.8976321929259162,175.03400671532614,174.13637452240022,22.91529422734056,22.60700958546322,UNKNOWN,0,15.93576966836574,31.741648384116207,15.805878715750467
1129204.2373633,30.930422393972325,30.838653927092547,FLEXED,0,0.8976321929259162,175.03400671532614,174.13637452240022,22.696962598589312,22.816457809258246,UNKNOWN,0,15.93576966836574,31.741648384116207,15.805878715750467
1129204.3260289,31.2050365038296,30.99996244755817,FLEXED,0,0.8976321929259162,175.03400671532614,174.13637452240022,22.54909574478335,22.878640721099153,UNKNOWN,0,15.93576966836574,31.741648384116207,15.805878715750467
1129204.3845297,31.096272491172485,31.22550563072398,FLEXED,0,0.8976321929259162,175.03400671532614,174.13637452240022,21.910013241295864,22.68416318399779,UNKNOWN,0,15.93576966836574,31.741648384116207,15.805878715750467
1129204.4438097,31.204668679023975,31.169925548173627,FLEXED,0,0.8976321929259162,175.03400671532614,174.13637452240022,21.76971601173951,22.368216364749724,UNKNOWN,0,15.93576966836574,31.741648384116207,15.805878715750467
1129204.510786,31.27654842449948,31.142589698499574,FLEXED,0,0.8976321929259162,175.03400671532614,174.13637452240022,22.929091566400626,22.370975832561733,UNKNOWN,0,15.93576966836574,31.741648384116207,15.805878715750467
1129204.5781012,31.67951554093365,31.292408327891838,FLEXED,0,0.8976321929259162,175.03400671532614,174.13637452240022,24.23116815639588,22.677816944123045,UNKNOWN,0,15.93576966836574,31.741648384116207,15.805878715750467
1129204.642352,32.5711539348442,31.565631814094758,FLEXED,0,0.8976321929259162,175.03400671532614,174.13637452240022,24.677938624335788,23.103585520033533,UNKNOWN,0,15.93576966836574,31.741648384116207,15.805878715750467
1129204.702434,32.611462639865834,31.86866984383343,FLEXED,0,0.8976321929259162,175.03400671532614,174.13637452240022,24.30885460646718,23.583353793067793,UNKNOWN,0,15.93576966836574,31.741648384116207,15.805878715750467
1129204.7851204,31.668633586487225,31.961462825326077,FLEXED,0,0.8976321929259162,175.03400671532614,174.13637452240022,23.928909144566465,24.015192419633188,UNKNOWN,0,15.93576966836574,31.741648384116207,15.805878715750467
1129204.8584298,35.01767895510552,32.70968893144728,FLEXED,0,0.8976321929259162,175.03400671532614,174.13637452240022,21.690472734484402,23.767468653249942,UNKNOWN,0,15.93576966836574,31.741648384116207,15.805878715750467
1129204.9206331,36.80851711805802,33.735489246872156,FLEXED,0,0.8976321929259162,175.03400671532614,174.13637452240022,20.733385230130956,23.067912067996957,UNKNOWN,0,15.93576966836574,31.741648384116207,15.805878715750467
1129204.9904399,39.14093442126002,35.04944534415533,FLEXED,0,0.8976321929259162,175.03400671532614,174.13637452240022,21.583158873462207,22.44895611782224,UNKNOWN,0,15.93576966836574,31.741648384116207,15.805878715750467
1129205.0533427,39.21161688248729,36.36947619267961,FLEXED,0,0.8976321929259162,175.03400671532614,174.13637452240022,22.075191207271125,22.00222343798303,UNKNOWN,0,15.93576966836574,31.741648384116207,15.805878715750467
1129205.1218956,38.237231316229966,37.68319573862816,FLEXED,0,0.8976321929259162,175.03400671532614,174.13637452240022,23.731027923455798,21.962647193760898,UNKNOWN,0,15.93576966836574,31.741648384116207,15.805878715750467
1129205.1945088,37.944398034531,38.268539554513254,FLEXED,0,0.8976321929259162,175.03400671532614,174.13637452240022,23.430845932010087,22.310721833266033,UNKNOWN,0,15.93576966836574,31.741648384116207,15.805878715750467
1129205.2597482,38.53851188208226,38.6145385073181,FLEXED,0,0.8976321929259162,175.03400671532614,174.13637452240022,26.286984042747882,23.421441595789418,UNKNOWN,0,15.93576966836574,31.741648384116207,15.805878715750467
1129205.339795,37.33760912302451,38.253873447671005,FLEXED,0,0.8976321929259162,175.03400671532614,174.13637452240022,26.123897376513142,24.329589296399607,UNKNOWN,0,15.93576966836574,31.741648384116207,15.805878715750467
1129205.4294125,35.707106382431846,37.55297134765992,FLEXED,0,0.8976321929259162,175.03400671532614,174.13637452240022,26.74788042243792,25.264127139432965,UNKNOWN,0,15.93576966836574,31.741648384116207,15.805878715750467
1129205.5086642,33.82763146658855,36.67105137773163,FLEXED,0,0.8976321929259162,175.03400671532614,174.13637452240022,26.793065390464488,25.876534632834705,UNKNOWN,0,15.93576966836574,31.741648384116207,15.805878715750467
1129205.5915009,32.23738525158112,35.529648821141656,FLEXED,0,0.8976321929259162,175.03400671532614,174.13637452240022,26.54542382808387,26.499450212049464,UNKNOWN,0,15.93576966836574,31.741648384116207,15.805878715750467
1129205.6773186,31.652711123893848,34.152488669503974,FLEXED,0,0.8976321929259162,175.03400671532614,174.13637452240022,26.785708635718642,26.599195130643615,UNKNOWN,0,15.93576966836574,31.741648384116207,15.805878715750467
1129205.740736,32.5055124426616,33.18606933343139,FLEXED,0,0.8976321929259162,175.03400671532614,174.13637452240022,28.44054240035293,27.06252413541157,UNKNOWN,0,15.93576966836574,31.741648384116207,15.805878715750467
1129205.8007961,33.21468402957888,32.687584862860795,FLEXED,0,0.8976321929259162,175.03400671532614,174.13637452240022,30.05547661415493,27.724043373754974,UNKNOWN,0,15.93576966836574,31.741648384116207,15.805878715750467
1129205.8767243,33.62351072349808,32.6467607142427,FLEXED,0,0.8976321929259162,175.03400671532614,174.13637452240022,30.86967865670859,28.53936602700379,UNKNOWN,0,15.93576966836574,31.741648384116207,15.805878715750467
1129205.9378895,36.05030065739741,33.40934379540596,FLEXED,0,0.8976321929259162,175.03400671532614,174.13637452240022,31.39187702121759,29.508656665630536,UNKNOWN,0,15.93576966836574,31.741648384116207,15.805878715750467
1129206.2766881,37.972934050996855,34.67338838082656,FLEXED,0,0.8976321929259162,175.03400671532614,174.13637452240022,37.704367915006046,31.69238852148802,UNKNOWN,0,15.93576966836574,31.741648384116207,15.805878715750467
1129206.3508989,38.08837007428414,35.78995990715107,FLEXED,0,0.8976321929259162,175.03400671532614,174.13637452240022,38.905597370334505,33.78539951548433,UNKNOWN,0,15.93576966836574,33.78539951548433,17.84962984711859
1129206.4442762,34.31962707268905,36.01094851577311,FLEXED,0,0.8976321929259162,175.03400671532614,174.13637452240022,39.29350660527963,35.63300551370927,UNKNOWN,0,15.93576966836574,35.63300551370927,19.69723584534353
1129206.5262903,36.514487759741264,36.589143923021744,FLEXED,0,0.8976321929259162,175.03400671532614,174.13637452240022,38.89721529896071,37.23851284215969,UNKNOWN,0,15.93576966836574,37.23851284215969,21.302743173793953
1129206.6113019,38.823274037356626,37.14373859901359,FLEXED,0,0.8976321929259162,175.03400671532614,174.13637452240022,39.21986309104651,38.80411005612548,UNKNOWN,0,15.93576966836574,38.80411005612548,22.86834038775974
1129206.7404986,35.37410384031018,36.623972556876254,FLEXED,0,0.8976321929259162,175.03400671532614,174.13637452240022,39.85413970483122,39.23406441409052,UNKNOWN,0,15.93576966836574,39.23406441409052,23.298294745724778
1129206.8088269,34.15246408302121,35.83679135862367,FLEXED,0,0.8976321929259162,175.03400671532614,174.13637452240022,36.60374755309794,38.773694450643205,UNKNOWN,0,15.93576966836574,39.23406441409052,23.298294745724778
1129206.8888065,34.57056868546842,35.88697968117954,FLEXED,0,0.8976321929259162,175.03400671532614,174.13637452240022,34.67713075650142,37.85041928088756,UNKNOWN,0,15.93576966836574,39.23406441409052,23.298294745724778
1129206.9767907,34.29540291963585,,FLEXED,0,0.8976321929259162,175.03400671532614,174.13637452240022,32.23374988737703,36.51772619857083,UNKNOWN,0,15.93576966836574,39.23406441409052,23.298294745724778
1129207.0441583,33.862672457108935,,FLEXED,0,0.8976321929259162,175.03400671532614,174.13637452240022,30.766276979341267,,UNKNOWN,0,15.93576966836574,39.23406441409052,23.298294745724778
1129207.1168532,34.30505384857015,,FLEXED,0,0.8976321929259162,175.03400671532614,174.13637452240022,29.54296555512747,,UNKNOWN,0,15.93576966836574,39.23406441409052,23.298294745724778
1129207.1996171,35.63319446970816,,FLEXED,0,0.8976321929259162,175.03400671532614,174.13637452240022,29.135606768976928,,UNKNOWN,0,15.93576966836574,39.23406441409052,23.298294745724778
1129207.279167,40.2416760932063,,FLEXED,0,0.8976321929259162,175.03400671532614,174.13637452240022,27.640897406818887,,UNKNOWN,0,15.93576966836574,39.23406441409052,23.298294745724778
1129207.3495612,42.346746629990356,,FLEXED,0,0.8976321929259162,175.03400671532614,174.13637452240022,26.668648055351067,,UNKNOWN,0,15.93576966836574,39.23406441409052,23.298294745724778
1129207.4291365,44.01852946689106,,FLEXED,0,0.8976321929259162,175.03400671532614,174.13637452240022,26.26916108239926,,UNKNOWN,0,15.93576966836574,39.23406441409052,23.298294745724778
1129207.5346207,54.73832563848905,,FLEXED,0,0.8976321929259162,175.03400671532614,174.13637452240022,26.830895006720304,,UNKNOWN,0,15.93576966836574,39.23406441409052,23.298294745724778
1129207.5972607,61.394210973771436,,FLEXED,0,0.8976321929259162,175.03400671532614,174.13637452240022,27.62518536177255,,UNKNOWN,0,15.93576966836574,39.23406441409052,23.298294745724778
1129207.6645105,61.9372023519191,,FLEXED,0,0.8976321929259162,175.03400671532614,174.13637452240022,28.311606222553717,,UNKNOWN,0,15.93576966836574,39.23406441409052,23.298294745724778
1129207.7412288,62.96267430946422,,FLEXED,0,0.8976321929259162,175.03400671532614,174.13637452240022,28.787806470243552,,UNKNOWN,0,15.93576966836574,39.23406441409052,23.298294745724778
1129207.8195975,62.12321645807483,,FLEXED,0,0.8976321929259162,175.03400671532614,174.13637452240022,28.657237593719888,,UNKNOWN,0,15.93576966836574,39.23406441409052,23.298294745724778
1129207.9184357,58.83304931174047,,FLEXED,0,0.8976321929259162,175.03400671532614,174.13637452240022,28.49124908854557,,UNKNOWN,0,15.93576966836574,39.23406441409052,23.298294745724778
1129208.0496158,57.449722442816295,,FLEXED,0,0.8976321929259162,175.03400671532614,174.13637452240022,25.790484246189102,,UNKNOWN,0,15.93576966836574,39.23406441409052,23.298294745724778
1129208.1118102,55.829301468981335,,FLEXED,0,0.8976321929259162,175.03400671532614,174.13637452240022,25.185904874190737,,UNKNOWN,0,15.93576966836574,39.23406441409052,23.298294745724778
1129208.1812145,53.22265694394738,,FLEXED,0,0.8976321929259162,175.03400671532614,174.13637452240022,23.727016102288058,,UNKNOWN,0,15.93576966836574,39.23406441409052,23.298294745724778
1129208.2510013,54.04045292550542,,FLEXED,0,0.8976321929259162,175.03400671532614,174.13637452240022,23.44218516283623,33.36219061292877,UNKNOWN,0,15.93576966836574,39.23406441409052,23.298294745724778
1129208.3255027,66.76483261405481,41.93704865204226,FLEXED,0,0.8976321929259162,175.03400671532614,174.13637452240022,27.64370453729691,30.9201035794219,UNKNOWN,0,15.93576966836574,39.23406441409052,23.298294745724778
1129208.970926,51.37699385132549,44.44779261483602,FLEXED,0,0.8976321929259162,175.03400671532614,174.13637452240022,21.862406794979055,27.97183542779813,UNKNOWN,0,15.93576966836574,39.23406441409052,23.298294745724778
1129209.0567668,46.95445289948975,46.763862426671935,FLEXED,0,0.8976321929259162,175.03400671532614,174.13637452240022,21.96490852749148,25.429390981996143,UNKNOWN,0,15.93576966836574,39.23406441409052,23.298294745724778
1129209.1185786,44.545564848289374,48.84248257972557,FLEXED,0,0.8976321929259162,175.03400671532614,174.13637452240022,21.813244388153247,23.345289882151384,UNKNOWN,0,15.93576966836574,39.23406441409052,23.298294745724778
1129209.1797474,41.796478205269906,50.287664483685866,FLEXED,0,0.8976321929259162,175.03400671532614,174.13637452240022,22.32893214008205,23.12263927760055,UNKNOWN,0,15.93576966836574,39.23406441409052,23.298294745724778
1129209.250189,35.83206932328746,44.1011118255324,FLEXED,0,0.8976321929259162,175.03400671532614,174.13637452240022,22.91879086755444,22.177656543652056,UNKNOWN,0,15.93576966836574,39.23406441409052,23.298294745724778
1129209.3224688,33.86920752081485,40.599554559430274,FLEXED,0,0.8976321929259162,175.03400671532614,174.13637452240022,22.956272815374295,22.396429747731098,UNKNOWN,0,15.93576966836574,39.23406441409052,23.298294745724778
1129209.3900163,32.76078058945516,37.76082009742335,FLEXED,0,0.8976321929259162,175.03400671532614,174.13637452240022,23.124184849144605,22.628285012061724,UNKNOWN,0,15.93576966836574,39.23406441409052,23.298294745724778
1129209.4575874,31.94288596052189,35.24028431986985,FLEXED,0,0.8976321929259162,175.03400671532614,174.13637452240022,23.326479614182546,22.930932057267587,UNKNOWN,0,15.93576966836574,39.23406441409052,23.298294745724778
1129209.541947,31.52768593836652,33.18652586648918,FLEXED,0,0.8976321929259162,175.03400671532614,174.13637452240022,23.391576543177205,23.14346093788662,UNKNOWN,0,15.93576966836574,39.23406441409052,23.298294745724778
1129209.6019018,32.05122129458593,32.430356260748866,FLEXED,0,0.8976321929259162,175.03400671532614,174.13637452240022,24.02497753469148,23.36469827131403,UNKNOWN,0,15.93576966836574,39.23406441409052,23.298294745724778
1129209.6614225,31.81031064099631,32.01857688478516,FLEXED,0,0.8976321929259162,175.03400671532614,174.13637452240022,25.17727680148174,23.808899068535514,UNKNOWN,0,15.93576966836574,39.23406441409052,23.298294745724778
1129209.7291846,31.552087336273015,31.776838234148734,FLEXED,0,0.8976321929259162,175.03400671532614,174.13637452240022,25.45402539666104,24.2748671780388,UNKNOWN,0,15.93576966836574,39.23406441409052,23.298294745724778
1129209.8046099,31.12831146158829,31.61392333436201,FLEXED,0,0.8976321929259162,175.03400671532614,174.13637452240022,25.5729089690769,24.724153049017673,UNKNOWN,0,15.93576966836574,39.23406441409052,23.298294745724778
1129209.8799212,30.204026814619937,31.349191509612695,FLEXED,0,0.8976321929259162,175.03400671532614,174.13637452240022,25.630893336433363,25.172016407668906,UNKNOWN,0,15.93576966836574,39.23406441409052,23.298294745724778
1129209.9442988,29.94876633886627,30.928700518468766,FLEXED,0,0.8976321929259162,175.03400671532614,174.13637452240022,26.08563843329309,25.58414858738923,UNKNOWN,0,15.93576966836574,39.23406441409052,23.298294745724778
1129210.0182526,30.127553742296428,30.592149138728793,FLEXED,0,0.8976321929259162,175.03400671532614,174.13637452240022,26.33693779132494,25.816080785357865,UNKNOWN,0,15.93576966836574,39.23406441409052,23.298294745724778
1129210.0853901,29.715260396926876,30.224783750859558,FLEXED,0,0.8976321929259162,175.03400671532614,174.13637452240022,26.668767592395803,26.05902922450482,UNKNOWN,0,15.93576966836574,39.23406441409052,23.298294745724778
1129210.1551762,29.835975233021088,29.966316505146118,FLEXED,0,0.8976321929259162,175.03400671532614,174.13637452240022,26.138862108527533,26.17221985239495,UNKNOWN,0,15.93576966836574,39.23406441409052,23.298294745724778
1129210.2320371,32.21618106441432,30.368747355104993,FLEXED,0,0.8976321929259162,175.03400671532614,174.13637452240022,27.84512496610184,26.61506617832864,UNKNOWN,0,15.93576966836574,39.23406441409052,23.298294745724778
1129210.3063456,33.20695954611452,31.020385996554648,FLEXED,0,0.8976321929259162,175.03400671532614,174.13637452240022,28.662585021127093,27.13045549589544,UNKNOWN,0,15.93576966836574,39.23406441409052,23.298294745724778
1129210.3751217,34.18408686403565,31.831692620902494,FLEXED,0,0.8976321929259162,175.03400671532614,174.13637452240022,29.13247605693932,27.68956314901832,UNKNOWN,0,15.93576966836574,39.23406441409052,23.298294745724778
1129210.4457486,33.60937288603695,32.61051511872451,FLEXED,0,0.8976321929259162,175.03400671532614,174.13637452240022,28.834085668832312,28.12262676430562,UNKNOWN,0,15.93576966836574,39.23406441409052,23.298294745724778
1129210.512685,33.51351499266645,33.34602307065357,FLEXED,0,0.8976321929259162,175.03400671532614,174.13637452240022,28.434234458144747,28.581701234229065,UNKNOWN,0,15.93576966836574,39.23406441409052,23.298294745724778
1129210.5871772,33.44608533193004,33.59200392415672,FLEXED,0,0.8976321929259162,175.03400671532614,174.13637452240022,28.310972380245644,28.67487071705782,UNKNOWN,0,15.93576966836574,39.23406441409052,23.298294745724778
1129210.6552116,32.33066046801562,33.416744108536946,FLEXED,0,0.8976321929259162,175.03400671532614,174.13637452240022,28.283957446597928,28.599145202151995,UNKNOWN,0,15.93576966836574,39.23406441409052,23.298294745724778
1129210.7314603,31.940748054368246,32.96807634660347,FLEXED,0,0.8976321929259162,175.03400671532614,174.13637452240022,28.448801701459708,28.462410331056066,UNKNOWN,0,15.93576966836574,39.23406441409052,23.298294745724778
1129210.7969612,31.70457507453769,32.58711678430361,FLEXED,0,0.8976321929259162,175.03400671532614,174.13637452240022,25.92761390643498,27.8811159785766,UNKNOWN,0,15.93576966836574,39.23406441409052,23.298294745724778
1129210.8652752,30.021789799282782,31.888771745626876,FLEXED,0,0.8976321929259162,175.03400671532614,174.13637452240022,24.690134897985224,27.1322960665447,UNKNOWN,0,15.93576966836574,39.23406441409052,23.298294745724778
1129210.9299602,28.227825675227038,30.84511981428627,FLEXED,0,0.8976321929259162,175.03400671532614,174.13637452240022,24.162382071461693,26.302578004787904,UNKNOWN,0,15.93576966836574,39.23406441409052,23.298294745724778
1129210.996631,22.931153299802094,28.96521838064357,FLEXED,0,0.8976321929259162,175.03400671532614,174.13637452240022,22.466824714037745,25.13915145827587,UNKNOWN,0,15.93576966836574,39.23406441409052,23.298294745724778
1129211.0644742,20.680532831300606,26.71317533603004,FLEXED,0,0.8976321929259162,175.03400671532614,174.13637452240022,21.018951104332302,23.653181338850388,UNKNOWN,0,15.93576966836574,39.23406441409052,23.298294745724778
1129211.1237395,18.798757119511663,24.132011745024837,FLEXED,0,0.8976321929259162,175.03400671532614,174.13637452240022,19.247806672127382,22.31721989198887,UNKNOWN,0,15.93576966836574,39.23406441409052,23.298294745724778
1129211.199736,16.493972198241032,21.42644822481649,FLEXED,0,0.8976321929259162,175.03400671532614,174.13637452240022,16.502908699605143,20.67977465231285,UNKNOWN,0,15.93576966836574,39.23406441409052,23.298294745724778
1129211.258307,16.00118060833936,18.981119211438948,FLEXED,0,0.8976321929259162,175.03400671532614,174.13637452240022,17.263345131681383,19.29996726435679,UNKNOWN,0,15.93576966836574,39.23406441409052,23.298294745724778
1129211.3207277,16.297416128622782,17.65437177720309,FLEXED,0,0.8976321929259162,175.03400671532614,174.13637452240022,18.62132818298126,18.530867958145492,UNKNOWN,0,15.93576966836574,39.23406441409052,23.298294745724778
1129211.3785137,19.201203652616027,17.358505941466174,FLEXED,0,0.8976321929259162,175.03400671532614,174.13637452240022,16.920771415582067,17.71123202039545,UNKNOWN,0,15.93576966836574,39.23406441409052,23.298294745724778
1129211.4402286,18.433850136846463,17.285524544933132,FLEXED,0,0.8976321929259162,175.03400671532614,174.13637452240022,17.535322945959486,17.368735275161868,UNKNOWN,0,15.93576966836574,39.23406441409052,23.298294745724778
1129211.50313,18.253108768038718,17.637351858892668,FLEXED,0,0.8976321929259162,175.03400671532614,174.13637452240022,19.641307006547724,17.996414936550384,UNKNOWN,0,15.93576966836574,39.23406441409052,23.298294745724778
1129211.5700845,18.4679146522458,18.130698667673958,FLEXED,0,0.8976321929259162,175.03400671532614,174.13637452240022,20.64348061966947,18.672442034148002,UNKNOWN,0,15.93576966836574,39.23406441409052,23.298294745724778
1129211.8952856,20.904233843847305,19.052062210718862,FLEXED,0,0.8976321929259162,175.03400671532614,174.13637452240022,24.65681222099803,19.87953884175136,UNKNOWN,0,15.93576966836574,39.23406441409052,23.298294745724778
1129211.9529523,21.79425991910061,19.57067346401578,FLEXED,0,0.8976321929259162,175.03400671532614,174.13637452240022,21.82466385386856,20.860317329408655,UNKNOWN,0,15.93576966836574,39.23406441409052,23.298294745724778
1129212.0239328,24.21421662636762,20.72674676192001,FLEXED,0,0.8976321929259162,175.03400671532614,174.13637452240022,23.727971797397316,22.098847099696222,UNKNOWN,0,15.93576966836574,39.23406441409052,23.298294745724778
1129212.1096663,24.24388312501723,21.924901633315713,FLEXED,0,0.8976321929259162,175.03400671532614,174.13637452240022,24.178669693003666,23.00631963698741,UNKNOWN,0,15.93576966836574,39.23406441409052,23.298294745724778
1129212.1698129,21.190128784232265,22.469344459713007,FLEXED,0,0.8976321929259162,175.03400671532614,174.13637452240022,26.10364286694234,24.098352086441984,UNKNOWN,0,15.93576966836574,39.23406441409052,23.298294745724778
1129212.2326062,19.423530651461984,22.173203821235944,FLEXED,0,0.8976321929259162,175.03400671532614,174.13637452240022,23.960556426618083,23.95910092756599,UNKNOWN,0,15.93576966836574,39.23406441409052,23.298294745724778
1129212.3028776,19.003483633140796,21.61504856404398,FLEXED,0,0.8976321929259162,175.03400671532614,174.13637452240022,24.15421169082862,24.425010494958006,UNKNOWN,0,15.93576966836574,39.23406441409052,23.298294745724778
1129212.3841596,18.505072794249102,20.473219797620274,FLEXED,0,0.8976321929259162,175.03400671532614,174.13637452240022,23.071290240378165,24.293674183554174,UNKNOWN,0,15.93576966836574,39.23406441409052,23.298294745724778
1129212.4577335,18.807575878031827,19.38595834822319,FLEXED,0,0.8976321929259162,175.03400671532614,174.13637452240022,23.232805686390826,24.104501382231604,UNKNOWN,0,15.93576966836574,39.23406441409052,23.298294745724778
1129212.5306087,19.12415046746926,18.972762684870595,FLEXED,0,0.8976321929259162,175.03400671532614,174.13637452240022,23.443101276115314,23.5723930640662,UNKNOWN,0,15.93576966836574,39.23406441409052,23.298294745724778
1129212.5989457,18.025618242076312,18.69318020299346,FLEXED,0,0.8976321929259162,175.03400671532614,174.13637452240022,24.63229353234969,23.706740485212524,UNKNOWN,0,15.93576966836574,39.23406441409052,23.298294745724778
1129212.6608173,17.469628299354344,18.386409136236168,FLEXED,0,0.8976321929259162,175.03400671532614,174.13637452240022,25.013191032204713,23.878536353487743,UNKNOWN,0,15.93576966836574,39.23406441409052,23.298294745724778
1129212.7268548,18.999877562268416,18.485370089840035,FLEXED,0,0.8976321929259162,175.03400671532614,174.13637452240022,24.765211252027612,24.21732055581763,UNKNOWN,0,15.93576966836574,39.23406441409052,23.298294745724778
1129212.8023785,19.272434396984664,18.578341793630596,FLEXED,0,0.8976321929259162,175.03400671532614,174.13637452240022,24.38178263745713,24.44711594603089,UNKNOWN,0,15.93576966836574,39.23406441409052,23.298294745724778
1129212.862907,19.94035909533615,18.741583519203978,FLEXED,0,0.8976321929259162,175.03400671532614,174.13637452240022,20.82701805879382,23.92389930256659,UNKNOWN,0,15.93576966836574,39.23406441409052,23.298294745724778
1129212.9335048,16.85263562269233,18.506986995327182,FLEXED,0,0.8976321929259162,175.03400671532614,174.13637452240022,18.45453928150067,22.688348452396788,UNKNOWN,0,15.93576966836574,39.23406441409052,23.298294745724778
1129213.011071,15.176416173650507,18.048344570186412,FLEXED,0,0.8976321929259162,175.03400671532614,174.13637452240022,18.84907322925788,21.45552489180742,UNKNOWN,0,15.93576966836574,39.23406441409052,23.298294745724778
1129213.0704028,13.84644363676857,17.017657785086445,FLEXED,0,0.8976321929259162,175.03400671532614,174.13637452240022,17.485773311941745,19.999637303790248,UNKNOWN,0,15.93576966836574,39.23406441409052,23.298294745724778
1129213.1491304,12.257227760172212,15.614616457723955,FLEXED,0,0.8976321929259162,175.03400671532614,174.13637452240022,17.25710186182765,18.574701148664353,UNKNOWN,0,15.93576966836574,39.23406441409052,23.298294745724778
1129213.2123166,11.800595815409286,13.986663801738581,FLEXED,0,0.8976321929259162,175.03400671532614,174.13637452240022,17.447892960767568,17.8988761290591,UNKNOWN,0,15.93576966836574,39.23406441409052,23.298294745724778
1129213.2752796,12.190298444287652,13.054196366057647,FLEXED,0,0.8976321929259162,175.03400671532614,174.13637452240022,18.142017044915466,17.836371681742058,UNKNOWN,0,15.93576966836574,39.23406441409052,23.298294745724778
1129213.3565315,12.621199659983514,12.54315306332425,FLEXED,0,0.8976321929259162,175.03400671532614,174.13637452240022,18.697253131751157,17.806007662240717,UNKNOWN,0,15.93576966836574,39.23406441409052,23.298294745724778
1129213.4179139,12.944319564950385,12.36272824896061,FLEXED,0,0.8976321929259162,175.03400671532614,174.13637452240022,18.846095415790572,18.078072083010483,UNKNOWN,0,15.93576966836574,39.23406441409052,23.298294745724778
1129213.4885262,13.14115987901108,12.539514672728382,FLEXED,0,0.8976321929259162,175.03400671532614,174.13637452240022,19.088064148930073,18.444264540430968,UNKNOWN,0,15.93576966836574,39.23406441409052,23.298294745724778
1129213.5591971,14.102158965997914,12.999827302846109,FLEXED,0,0.8976321929259162,175.03400671532614,174.13637452240022,20.102333972656076,18.97515274280867,UNKNOWN,0,15.93576966836574,39.23406441409052,23.298294745724778
1129213.6363638,13.523344300499499,13.26643647408848,FLEXED,0,0.8976321929259162,175.03400671532614,174.13637452240022,20.869231268679844,19.52059558756154,UNKNOWN,0,15.93576966836574,39.23406441409052,23.298294745724778
1129213.6983399,14.3306613750245,13.608328817096677,FLEXED,0,0.8976321929259162,175.03400671532614,174.13637452240022,20.736885432758587,19.928522047763032,UNKNOWN,0,15.93576966836574,39.23406441409052,23.298294745724778
1129213.7824675,15.477530528323397,14.114971009771276,FLEXED,0,0.8976321929259162,175.03400671532614,174.13637452240022,23.04941885838155,20.769186736281227,UNKNOWN,0,15.93576966836574,39.23406441409052,23.298294745724778
1129213.8507747,14.251945170535214,14.337128068076103,FLEXED,0,0.8976321929259162,175.03400671532614,174.13637452240022,21.464387038585553,21.244451314212323,UNKNOWN,0,15.93576966836574,39.23406441409052,23.298294745724778
1129213.9226357,16.84394091619182,14.885484458114888,FLEXED,0,0.8976321929259162,175.03400671532614,174.13637452240022,19.395279035166663,21.103040326714442,UNKNOWN,0,15.93576966836574,39.23406441409052,23.298294745724778
1129213.9883483,16.352735296694316,15.45136265735385,FLEXED,0,0.8976321929259162,175.03400671532614,174.13637452240022,19.494202902858692,20.828034653550212,UNKNOWN,0,15.93576966836574,39.23406441409052,23.298294745724778
1129214.0528739,14.761052656005056,15.537440913549961,FLEXED,0,0.8976321929259162,175.03400671532614,174.13637452240022,21.017843445056226,20.884226256009736,UNKNOWN,0,15.93576966836574,39.23406441409052,23.298294745724778
1129214.1211354,16.019336854710094,15.645802178827301,FLEXED,0,0.8976321929259162,175.03400671532614,174.13637452240022,20.93330897362396,20.461004279058223,UNKNOWN,0,15.93576966836574,39.23406441409052,23.298294745724778
1129214.1902684,17.110964178264275,16.21760598037311,FLEXED,0,0.8976321929259162,175.03400671532614,174.13637452240022,22.46297770703708,20.660722412748527,UNKNOWN,0,15.93576966836574,39.23406441409052,23.298294745724778
1129214.2560718,17.83412684671735,16.41564316647822,FLEXED,0,0.8976321929259162,175.03400671532614,174.13637452240022,22.142861075088916,21.210238820732975,UNKNOWN,0,15.93576966836574,39.23406441409052,23.298294745724778
1129214.3151402,17.711707821447437,16.687437671428842,FLEXED,0,0.8976321929259162,175.03400671532614,174.13637452240022,21.379155531526553,21.587229346466547,UNKNOWN,0,15.93576966836574,39.23406441409052,23.298294745724778
1129214.3803148,18.703368597685017,17.475900859764835,FLEXED,0,0.8976321929259162,175.03400671532614,174.13637452240022,19.977429931686956,21.37914664379269,UNKNOWN,0,15.93576966836574,39.23406441409052,23.298294745724778
1129214.4506408,18.56079405822118,17.98419230046705,FLEXED,0,0.8976321929259162,175.03400671532614,174.13637452240022,20.526665623810963,21.297817973830092,UNKNOWN,0,15.93576966836574,39.23406441409052,23.298294745724778
1129214.5132409,17.35181891393101,18.032363247600397,FLEXED,0,0.8976321929259162,175.03400671532614,174.13637452240022,20.84024339881039,20.973271112184754,UNKNOWN,0,15.93576966836574,39.23406441409052,23.298294745724778
1129214.5778528,16.560788039499126,17.777695486156755,FLEXED,0,0.8976321929259162,175.03400671532614,174.13637452240022,21.22785070282367,20.790269037731708,UNKNOWN,0,15.93576966836574,39.23406441409052,23.298294745724778
1129214.6439765,16.302346249320824,17.49582317173143,FLEXED,0,0.8976321929259162,175.03400671532614,174.13637452240022,20.967325703038117,20.70790307203402,UNKNOWN,0,15.93576966836574,39.23406441409052,23.298294745724778
1129214.7062148,16.635227743161312,17.08219500082669,FLEXED,0,0.8976321929259162,175.03400671532614,174.13637452240022,20.279494562276703,20.76831599815197,UNKNOWN,0,15.93576966836574,39.23406441409052,23.298294745724778
1129214.7597671,17.29794502369047,16.82962519392055,FLEXED,0,0.8976321929259162,175.03400671532614,174.13637452240022,20.14363323675399,20.69170952074057,UNKNOWN,0,15.93576966836574,39.23406441409052,23.298294745724778
1129214.8146139,17.355064626409522,16.83027433641625,FLEXED,0,0.8976321929259162,175.03400671532614,174.13637452240022,20.332034397087117,20.59006772039592,UNKNOWN,0,15.93576966836574,39.23406441409052,23.298294745724778
1129214.8714209,16.67784770576658,16.85368626966974,FLEXED,0,0.8976321929259162,175.03400671532614,174.13637452240022,20.56414593167482,20.457326766166148,UNKNOWN,0,15.93576966836574,39.23406441409052,23.298294745724778
1129214.9300172,17.09768116094444,17.01275325199446,FLEXED,0,0.8976321929259162,175.03400671532614,174.13637452240022,20.40770273736904,20.345402173032333,UNKNOWN,0,15.93576966836574,39.23406441409052,23.298294745724778
1129214.995146,17.55929784592773,17.19756727254775,FLEXED,0,0.8976321929259162,175.03400671532614,174.13637452240022,19.949277665868628,20.27935879375072,UNKNOWN,0,15.93576966836574,39.23406441409052,23.298294745724778
1129215.0603096,18.038251487375483,17.34562856528475,FLEXED,0,0.8976321929259162,175.03400671532614,174.13637452240022,19.81148073682603,20.212928293765124,UNKNOWN,0,15.93576966836574,39.23406441409052,23.298294745724778
1129215.1262561,19.071709367599283,17.688957513522702,FLEXED,0,0.8976321929259162,175.03400671532614,174.13637452240022,20.33158005814245,20.212837425976193,UNKNOWN,0,15.93576966836574,39.23406441409052,23.298294745724778
1129215.197763,19.476996260751,18.24878722451959,FLEXED,0,0.8976321929259162,175.03400671532614,174.13637452240022,20.076491931208082,20.115306625882845,UNKNOWN,0,15.93576966836574,39.23406441409052,23.298294745724778
1129215.2922272,19.58497100468752,18.7462451932682,FLEXED,0,0.8976321929259162,175.03400671532614,174.13637452240022,19.76275151712427,19.986316381833895,UNKNOWN,0,15.93576966836574,39.23406441409052,23.298294745724778
1129215.3641635,18.947558013579727,19.023897226798603,FLEXED,0,0.8976321929259162,175.03400671532614,174.13637452240022,20.89150208665141,20.174761265990448,UNKNOWN,0,15.93576966836574,39.23406441409052,23.298294745724778
1129215.4351026,19.5844953275996,19.333145994843427,FLEXED,0,0.8976321929259162,175.03400671532614,174.13637452240022,21.380140075641105,20.488493133753465,UNKNOWN,0,15.93576966836574,39.23406441409052,23.298294745724778
1129215.4984617,19.286627386357484,19.376129598595064,FLEXED,0,0.8976321929259162,175.03400671532614,174.13637452240022,21.296845144373773,20.68154615099973,UNKNOWN,0,15.93576966836574,39.23406441409052,23.298294745724778
1129215.5671191,19.159765770216836,19.312683500488234,FLEXED,0,0.8976321929259162,175.03400671532614,174.13637452240022,21.596086003138954,20.9854649653859,UNKNOWN,0,15.93576966836574,39.23406441409052,23.298294745724778
1129215.6318972,18.690138612436886,19.133717022038105,FLEXED,0,0.8976321929259162,175.03400671532614,174.13637452240022,22.26546421497709,21.486007504956465,UNKNOWN,0,15.93576966836574,39.23406441409052,23.298294745724778
1129215.6952872,18.302984543275276,19.004802327977217,FLEXED,0,0.8976321929259162,175.03400671532614,174.13637452240022,22.572280094719577,21.8221631065701,UNKNOWN,0,15.93576966836574,39.23406441409052,23.298294745724778
1129215.7626604,18.120951273455827,18.71209351714846,FLEXED,0,0.8976321929259162,175.03400671532614,174.13637452240022,22.66493745334077,22.07912258211003,UNKNOWN,0,15.93576966836574,39.23406441409052,23.298294745724778
1129215.8207732,17.987594761190227,18.45228699211501,FLEXED,0,0.8976321929259162,175.03400671532614,174.13637452240022,22.26371350393279,22.27249625402184,UNKNOWN,0,15.93576966836574,39.23406441409052,23.298294745724778
1129215.8918951,17.839595411763536,18.18825292042435,FLEXED,0,0.8976321929259162,175.03400671532614,174.13637452240022,22.467358610965203,22.446750775587084,UNKNOWN,0,15.93576966836574,39.23406441409052,23.298294745724778
1129215.9657575,18.208768533355514,18.091978904608077,FLEXED,0,0.8976321929259162,175.03400671532614,174.13637452240022,22.70288407945836,22.53423474848334,UNKNOWN,0,15.93576966836574,39.23406441409052,23.298294745724778
1129216.0295922,17.780131668259756,17.98740832960497,FLEXED,0,0.8976321929259162,175.03400671532614,174.13637452240022,23.30033267065686,22.679845263670796,UNKNOWN,0,15.93576966836574,39.23406441409052,23.298294745724778
1129216.1038127,18.2180266861679,18.006823412147387,FLEXED,0,0.8976321929259162,175.03400671532614,174.13637452240022,23.555277062724397,22.857913185547524,UNKNOWN,0,15.93576966836574,39.23406441409052,23.298294745724778
1129216.1901053,17.89186529195228,17.987677518299797,FLEXED,0,0.8976321929259162,175.03400671532614,174.13637452240022,24.2304302248729,23.251256529735546,UNKNOWN,0,15.93576966836574,39.23406441409052,23.298294745724778
1129216.2693939,16.940703552928174,17.807899146532726,FLEXED,0,0.8976321929259162,175.03400671532614,174.13637452240022,26.94955225936808,24.147695259416118,UNKNOWN,0,15.93576966836574,39.23406441409052,23.298294745724778
1129216.3574227,17.037379067705217,17.573621253402667,FLEXED,0,0.8976321929259162,175.03400671532614,174.13637452240022,28.374514191377685,25.282021281799985,UNKNOWN,0,15.93576966836574,39.23406441409052,23.298294745724778
1129216.4402764,16.996425070792572,17.416879933909225,FLEXED,0,0.8976321929259162,175.03400671532614,174.13637452240022,31.809278578792807,26.983810463427176,UNKNOWN,0,15.93576966836574,39.23406441409052,23.298294745724778
1129216.5228649,17.416391858141274,17.2565529683039,FLEXED,0,0.8976321929259162,175.03400671532614,174.13637452240022,34.097782981400776,29.09231164716245,UNKNOWN,0,15.93576966836574,39.23406441409052,23.298294745724778
1129216.5856999,17.432527142948757,17.164685338503197,FLEXED,0,0.8976321929259162,175.03400671532614,174.13637452240022,37.11707332459454,31.669640267106775,UNKNOWN,0,15.93576966836574,39.23406441409052,23.298294745724778
1129216.6501349,17.253682621571777,17.22728115223192,FLEXED,0,0.8976321929259162,175.03400671532614,174.13637452240022,39.127216132529696,34.1051730417391,UNKNOWN,0,15.93576966836574,39.23406441409052,23.298294745724778
1129216.7242725,17.098586321989973,17.239522603088872,FLEXED,0,0.8976321929259162,175.03400671532614,174.13637452240022,40.55132682762038,36.54053556898764,UNKNOWN,0,15.93576966836574,39.23406441409052,23.298294745724778
1129216.8004249,17.054666429436505,17.251170874817657,FLEXED,0,0.8976321929259162,175.03400671532614,174.13637452240022,43.61585062682548,38.90184997859417,UNKNOWN,0,15.93576966836574,39.23406441409052,23.298294745724778
1129216.8677882,16.724570854993818,17.112806674188167,FLEXED,0,0.8976321929259162,175.03400671532614,174.13637452240022,44.96818157039657,41.07592969639334,UNKNOWN,0,15.93576966836574,41.07592969639334,25.140160028027598
1129216.9282844,16.726040668618136,16.971509379322043,FLEXED,0,0.8976321929259162,175.03400671532614,174.13637452240022,46.61730508042098,42.97597604755862,UNKNOWN,0,15.93576966836574,42.97597604755862,27.040206379192878
1129217.0011938,16.814810403783355,16.88373493576436,FLEXED,0,0.8976321929259162,175.03400671532614,174.13637452240022,47.090895539409004,44.56871192893449,UNKNOWN,0,15.93576966836574,44.56871192893449,28.63294226056875
1129217.0643809,16.819111372841878,16.827839945934738,FLEXED,0,0.8976321929259162,175.03400671532614,174.13637452240022,47.07473201514489,45.87339296643938,UNKNOWN,0,15.93576966836574,45.87339296643938,29.937623298073643
1129217.1279519,17.014605070335758,16.81982767411459,FLEXED,0,0.8976321929259162,175.03400671532614,174.13637452240022,47.230296539710935,46.596282149016474,UNKNOWN,0,15.93576966836574,46.596282149016474,30.660512480650734
1129217.1856003,17.175805826739904,16.910074668463807,FLEXED,0,0.8976321929259162,175.03400671532614,174.13637452240022,47.43724392073677,47.09009461908452,UNKNOWN,0,15.93576966836574,47.09009461908452,31.154324950718777
1129217.488111,17.598231539879464,17.084512842716073,FLEXED,0,0.8976321929259162,175.03400671532614,174.13637452240022,47.90566902716268,47.34776740843286,UNKNOWN,0,15.93576966836574,47.34776740843286,31.411997740067118
1129217.5550275,17.502310045639508,17.2220127710873,FLEXED,0,0.8976321929259162,175.03400671532614,174.13637452240022,48.28542580323468,47.58667346119799,UNKNOWN,0,15.93576966836574,47.58667346119799,31.65090379283225
1129217.6135322,17.392913832580884,17.336773263035106,FLEXED,0,0.8976321929259162,175.03400671532614,174.13637452240022,49.06683798616365,47.98509465540174,UNKNOWN,0,15.93576966836574,47.98509465540174,32.049324987036
1129217.6762398,18.103106701937577,17.554473589355467,FLEXED,0,0.8976321929259162,175.03400671532614,174.13637452240022,49.22422908379028,48.38388116421761,UNKNOWN,0,15.93576966836574,48.38388116421761,32.448111495851876
1129217.7452013,18.791848965886636,17.877682217184816,FLEXED,0,0.8976321929259162,175.03400671532614,174.13637452240022,50.11618935829708,48.91967025172967,UNKNOWN,0,15.93576966836574,48.91967025172967,32.98390058336393
1129217.8189675,18.751436297925128,18.108323168793948,FLEXED,0,0.8976321929259162,175.03400671532614,174.13637452240022,50.845754763907145,49.50768739907856,UNKNOWN,0,15.93576966836574,49.50768739907856,33.571917730712826
1129217.8924925,18.815618874537318,18.37098493457351,FLEXED,0,0.8976321929259162,175.03400671532614,174.13637452240022,52.16652088151418,50.28390641473446,UNKNOWN,0,15.93576966836574,50.28390641473446,34.34813674636872
1129217.9554097,18.72502556477549,18.637407281012432,FLEXED,0,0.8976321929259162,175.03400671532614,174.13637452240022,52.62118625297761,50.99477606809726,UNKNOWN,0,15.93576966836574,50.99477606809726,35.059006399731516
1129218.0284373,18.77488894536979,18.771763729698876,FLEXED,0,0.8976321929259162,175.03400671532614,174.13637452240022,53.3195117068717,51.81383259271354,UNKNOWN,0,15.93576966836574,51.81383259271354,35.8780629243478
1129218.0938586,18.75870408597483,18.76513475371651,FLEXED,0,0.8976321929259162,175.03400671532614,174.13637452240022,54.149591525996264,52.62051302625338,UNKNOWN,0,15.93576966836574,52.62051302625338,36.68474335788764
1129218.1698637,18.984645844989956,18.811776663129475,FLEXED,0,0.8976321929259162,175.03400671532614,174.13637452240022,56.20590634947537,53.69254334336703,UNKNOWN,0,15.93576966836574,53.69254334336703,37.756773675001284
1129218.2539407,19.05499921066876,18.859652730355766,FLEXED,0,0.8976321929259162,175.03400671532614,174.13637452240022,59.42828431505907,55.144896030076,UNKNOWN,0,15.93576966836574,55.144896030076,39.20912636171026
1129218.3244995,19.230752152655672,18.960798047931803,FLEXED,0,0.8976321929259162,175.03400671532614,174.13637452240022,67.81315854531688,58.183290488543854,UNKNOWN,0,15.93576966836574,58.183290488543854,42.24752082017811
1129218.3966448,19.306760917622327,19.067172442382308,FLEXED,0,0.8976321929259162,175.03400671532614,174.13637452240022,71.69395499002505,61.85817914517452,UNKNOWN,0,15.93576966836574,61.85817914517452,45.92240947680878
1129218.4626054,19.2917995984207,19.173791544871484,FLEXED,0,0.8976321929259162,175.03400671532614,174.13637452240022,76.4233087825402,66.31292259648332,UNKNOWN,0,15.93576966836574,66.31292259648332,50.37715292811758
1129218.5365781,19.475777895499178,19.27201795497333,FLEXED,0,0.8976321929259162,175.03400671532614,174.13637452240022,83.06664015045382,71.68506935667901,UNKNOWN,0,15.93576966836574,71.68506935667901,55.74929968831327
1129218.6057308,19.33130840630166,19.327279794099905,FLEXED,0,0.8976321929259162,175.03400671532614,174.13637452240022,85.11715712373585,76.82284391841436,UNKNOWN,0,15.93576966836574,76.82284391841436,60.88707425004863
1129218.6788771,19.155255358607967,19.312180435290365,FLEXED,0,0.8976321929259162,175.03400671532614,174.13637452240022,88.03979296493874,80.86817080233872,UNKNOWN,0,15.93576966836574,80.86817080233872,64.93240113397299
1129218.7696121,19.43318150726728,19.337464553219355,FLEXED,0,0.8976321929259162,175.03400671532614,174.13637452240022,88.49266623399141,84.227913051132,UNKNOWN,0,15.93576966836574,84.227913051132,68.29214338276627
1129218.8475226,19.770127333163476,19.43313010016791,FLEXED,0,0.8976321929259162,175.03400671532614,174.13637452240022,91.12976357641489,87.16920400990693,UNKNOWN,0,15.93576966836574,87.16920400990693,71.2334343415412
1129218.923231,20.038674060930095,19.545709333254095,FLEXED,0,0.8976321929259162,175.03400671532614,174.13637452240022,91.91632870705197,88.93914172122659,UNKNOWN,0,15.93576966836574,88.93914172122659,73.00337205286085
1129218.9842806,20.048663615706655,19.689180375135095,FLEXED,0,0.8976321929259162,175.03400671532614,174.13637452240022,93.01809683208917,90.51932966289725,UNKNOWN,0,15.93576966836574,90.51932966289725,74.58355999453151
1129219.0574416,20.259639630584793,19.910057229530462,FLEXED,0,0.8976321929259162,175.03400671532614,174.13637452240022,96.2206775134731,92.15550657260411,UNKNOWN,0,15.93576966836574,92.15550657260411,76.21973690423837
1129219.1317319,20.38690408018541,20.100801744114086,FLEXED,0,0.8976321929259162,175.03400671532614,174.13637452240022,97.62407432576869,93.98178819095956,UNKNOWN,0,15.93576966836574,93.98178819095956,78.04601852259383
1129219.2046762,20.454470163608615,20.237670310203114,FLEXED,0,0.8976321929259162,175.03400671532614,174.13637452240022,98.52653480058049,95.46114243579268,UNKNOWN,0,15.93576966836574,95.46114243579268,79.52537276742694
1129219.2693863,20.40169843220525,20.310275184458142,FLEXED,0,0.8976321929259162,175.03400671532614,174.13637452240022,99.5642590286701,96.9907285001163,UNKNOWN,0,15.93576966836574,96.9907285001163,81.05495883175057
1129219.3425581,20.39308246378079,20.37915895407297,FLEXED,0,0.8976321929259162,175.03400671532614,174.13637452240022,100.77257966937451,98.54162506757339,UNKNOWN,0,15.93576966836574,98.54162506757339,82.60585539920766
1129219.4107816,20.396383551274187,20.40650773821085,FLEXED,0,0.8976321929259162,175.03400671532614,174.13637452240022,102.34896084941569,99.7672817347619,UNKNOWN,0,15.93576966836574,99.7672817347619,83.83151206639616
1129219.4790879,20.630710953149407,20.45526911280365,FLEXED,0,0.8976321929259162,175.03400671532614,174.13637452240022,103.5599220461832,100.9544512788448,UNKNOWN,0,15.93576966836574,100.9544512788448,85.01868161047906
1129219.5531127,20.716444940676908,20.507664068217306,FLEXED,0,0.8976321929259162,175.03400671532614,174.13637452240022,104.41908787891607,102.13296189451191,UNKNOWN,0,15.93576966836574,102.13296189451191,86.19719222614617
1129219.6221853,20.59120763984073,20.545565909744404,FLEXED,0,0.8976321929259162,175.03400671532614,174.13637452240022,105.18762443032513,103.25763497484293,UNKNOWN,0,15.93576966836574,103.25763497484293,87.32186530647719
1129219.7012522,20.680541621835108,20.603057741355265,FLEXED,0,0.8976321929259162,175.03400671532614,174.13637452240022,104.41665702350876,103.98645044566976,UNKNOWN,0,15.93576966836574,103.98645044566976,88.05068077730402
1129219.76678,20.876937643701734,20.69916855984078,FLEXED,0,0.8976321929259162,175.03400671532614,174.13637452240022,104.98803307045277,104.51426488987718,UNKNOWN,0,15.93576966836574,104.51426488987718,88.57849522151145
1129219.833701,20.864588700919178,20.74594410939473,FLEXED,0,0.8976321929259162,175.03400671532614,174.13637452240022,105.57953247121021,104.91818697488259,UNKNOWN,0,15.93576966836574,104.91818697488259,88.98241730651685
1129219.9002191,20.840654586868872,20.770786038633126,FLEXED,0,0.8976321929259162,175.03400671532614,174.13637452240022,105.33157551869883,105.10068450283913,UNKNOWN,0,15.93576966836574,105.10068450283913,89.1649148344734
1129219.9666665,20.968526422637858,20.846249795192552,FLEXED,0,0.8976321929259162,175.03400671532614,174.13637452240022,105.95212778644266,105.25358517406266,UNKNOWN,0,15.93576966836574,105.25358517406266,89.31781550569693
1129220.0429534,20.963375056922114,20.90281648220995,FLEXED,0,0.8976321929259162,175.03400671532614,174.13637452240022,106.60926303603739,105.69210637656836,UNKNOWN,0,15.93576966836574,105.69210637656836,89.75633670820262
1129220.1130544,20.926452026654207,20.912719358800445,FLEXED,0,0.8976321929259162,175.03400671532614,174.13637452240022,107.01523150108088,106.09754606269398,UNKNOWN,0,15.93576966836574,106.09754606269398,90.16177639432824
1129220.1755554,20.775785503041647,20.894958719224938,FLEXED,0,0.8976321929259162,175.03400671532614,174.13637452240022,107.91269113295752,106.56417779504345,UNKNOWN,0,15.93576966836574,106.56417779504345,90.62840812667771
1129220.2393681,20.61172131998021,20.849172065847206,FLEXED,0,0.8976321929259162,175.03400671532614,174.13637452240022,108.08893722767728,107.11565013683916,UNKNOWN,0,15.93576966836574,107.11565013683916,91.17988046847343
1129220.2999889,20.646772348059223,20.78482125093148,FLEXED,0,0.8976321929259162,175.03400671532614,174.13637452240022,108.35459190975097,107.5961429615008,UNKNOWN,0,15.93576966836574,107.5961429615008,91.66037329313507
1129220.3599682,20.656097601457848,20.72336575983862,FLEXED,0,0.8976321929259162,175.03400671532614,174.13637452240022,109.33055056255424,108.14040046680418,UNKNOWN,0,15.93576966836574,108.14040046680418,92.20463079843844
1129220.4315304,20.689565563574664,20.675988467222716,FLEXED,0,0.8976321929259162,175.03400671532614,174.13637452240022,111.44118473999943,109.02559111458791,UNKNOWN,0,15.93576966836574,109.02559111458791,93.08982144622217
1129220.4923215,20.810844451792118,20.68300025697281,FLEXED,0,0.8976321929259162,175.03400671532614,174.13637452240022,112.5848912553646,109.96003113906932,UNKNOWN,0,15.93576966836574,109.96003113906932,94.02426147070358
1129220.558164,20.87106721757566,20.734869436491902,FLEXED,0,0.8976321929259162,175.03400671532614,174.13637452240022,113.72309908678628,111.08686351089109,UNKNOWN,0,15.93576966836574,111.08686351089109,95.15109384252536
1129220.6176899,20.882502797314796,20.782015526343017,FLEXED,0,0.8976321929259162,175.03400671532614,174.13637452240022,119.74429507529665,113.36480414400026,UNKNOWN,0,15.93576966836574,113.36480414400026,97.42903447563452
1129220.685491,20.84764052831947,20.820324111715344,FLEXED,0,0.8976321929259162,175.03400671532614,174.13637452240022,122.27040682292976,115.95277539607532,UNKNOWN,0,15.93576966836574,115.95277539607532,100.01700572770959
1129220.7502139,20.98673973482996,20.879758945966405,FLEXED,0,0.8976321929259162,175.03400671532614,174.13637452240022,124.88681765575674,118.6419019792268,UNKNOWN,0,15.93576966836574,118.6419019792268,102.70613231086107
1129220.8167274,21.28697698129917,20.974985451867816,FLEXED,0,0.8976321929259162,175.03400671532614,174.13637452240022,130.97706254833915,122.32033623782172,UNKNOWN,0,15.93576966836574,122.32033623782172,106.38456656945598
1129220.8787117,21.650550460384196,21.13088210042952,FLEXED,0,0.8976321929259162,175.03400671532614,174.13637452240022,133.34305783155554,126.24432798677557,UNKNOWN,0,15.93576966836574,126.24432798677557,110.30855831840984
1129220.9418404,21.867283582675594,21.327838257501675,FLEXED,0,0.8976321929259162,175.03400671532614,174.13637452240022,134.84167818740715,129.26380460919765,UNKNOWN,0,15.93576966836574,129.26380460919765,113.32803494083191
1129221.0125114,21.528760330920395,21.464062218021862,FLEXED,0,0.8976321929259162,175.03400671532614,174.13637452240022,140.34579098738018,132.87888144208776,UNKNOWN,0,15.93576966836574,132.87888144208776,116.94311177372202
1129221.0911338,21.222855101966427,21.511285291449155,FLEXED,0,0.8976321929259162,175.03400671532614,174.13637452240022,142.69789591278456,136.4410970934933,UNKNOWN,0,15.93576966836574,136.4410970934933,120.50532742512758
1129221.157657,21.08823921559123,21.471537738307568,FLEXED,0,0.8976321929259162,175.03400671532614,174.13637452240022,144.37351922168122,139.12038842816173,UNKNOWN,0,15.93576966836574,139.12038842816173,123.184618759796
1129221.2217025,20.91861767244417,21.325151180719566,FLEXED,0,0.8976321929259162,175.03400671532614,174.13637452240022,150.23269742970834,142.4983163477923,UNKNOWN,0,15.93576966836574,142.4983163477923,126.56254667942656
1129221.2759208,20.53846012471529,21.0593864891275,FLEXED,0,0.8976321929259162,175.03400671532614,174.13637452240022,154.458693048374,146.42171931998567,UNKNOWN,0,15.93576966836574,146.42171931998567,130.48594965161993
1129221.3484522,20.00184730664543,20.75400388427251,FLEXED,0,0.8976321929259162,175.03400671532614,174.13637452240022,156.87990764733968,149.72854265197756,UNKNOWN,0,15.93576966836574,149.72854265197756,133.79277298361183
1129221.413505,19.720897996597376,20.4536124631987,FLEXED,0,0.8976321929259162,175.03400671532614,174.13637452240022,161.45971071750998,153.48090561292264,UNKNOWN,0,15.93576966836574,153.48090561292264,137.5451359445569
1129221.4805824,19.956271401163143,20.22721890031308,FLEXED,0,0.8976321929259162,175.03400671532614,174.13637452240022,163.09440972437486,157.22508371346137,UNKNOWN,0,15.93576966836574,157.22508371346137,141.28931404509564
1129221.5580657,19.816132677004795,20.006721901225205,FLEXED,0,0.8976321929259162,175.03400671532614,174.13637452240022,163.50642057919498,159.87982834335872,UNKNOWN,0,15.93576966836574,159.87982834335872,143.944058674993
1129221.6291848,20.24006592808848,19.947043061899844,FLEXED,0,0.8976321929259162,175.03400671532614,174.13637452240022,162.8200062022173,161.55209097412737,EXTENDED,0,15.93576966836574,161.55209097412737,145.61632130576163
1129221.692123,20.28020318469928,20.002714237510613,FLEXED,0,0.8976321929259162,175.03400671532614,174.13637452240022,162.73012376446937,162.7221341975533,EXTENDED,0,15.93576966836574,162.7221341975533,146.78636452918755
1129221.7580023,20.035012610263824,20.065537160243903,FLEXED,0,0.8976321929259162,175.03400671532614,174.13637452240022,162.12291328649044,162.8547747113494,EXTENDED,0,15.93576966836574,162.8547747113494,146.91900504298366
1129221.8279227,19.846641342386945,20.04361114848866,FLEXED,0,0.8976321929259162,175.03400671532614,174.13637452240022,161.56816278723286,162.54952532392096,EXTENDED,0,15.93576966836574,162.8547747113494,146.91900504298366
1129221.8968915,19.729765369930853,20.026337687073873,FLEXED,0,0.8976321929259162,175.03400671532614,174.13637452240022,161.55751188388442,162.15974358485886,EXTENDED,0,15.93576966836574,162.8547747113494,146.91900504298366
1129221.9618568,19.727172747771874,19.923759051010556,FLEXED,0,0.8976321929259162,175.03400671532614,174.13637452240022,160.69817940955483,161.7353782263264,EXTENDED,0,15.93576966836574,162.8547747113494,146.91900504298366
1129222.0264956,19.507382285070882,19.769194871084874,FLEXED,0,0.8976321929259162,175.03400671532614,174.13637452240022,158.46267608409408,160.8818886902513,EXTENDED,0,15.93576966836574,162.8547747113494,146.91900504298366
1129222.1015806,19.202084168669437,19.602609182765995,FLEXED,0,0.8976321929259162,175.03400671532614,174.13637452240022,156.96234713167948,159.84977545928913,EXTENDED,0,15.93576966836574,162.8547747113494,146.91900504298366
1129222.1806495,19.183923073486024,19.470065528985817,FLEXED,0,0.8976321929259162,175.03400671532614,174.13637452240022,156.1827245512866,158.77268781209986,EXTENDED,0,15.93576966836574,162.8547747113494,146.91900504298366
1129222.241213,18.903014301294082,19.30471531525846,FLEXED,0,0.8976321929259162,175.03400671532614,174.13637452240022,154.20909067616722,157.30300357055643,EXTENDED,0,15.93576966836574,162.8547747113494,146.91900504298366
1129222.3025772,18.64672926809367,19.088626619322817,FLEXED,0,0.8976321929259162,175.03400671532614,174.13637452240022,152.8750625624193,155.73838020112933,EXTENDED,0,15.93576966836574,162.8547747113494,146.91900504298366
1129222.3727838,18.314450715053603,18.85004030531936,FLEXED,0,0.8976321929259162,175.03400671532614,174.13637452240022,151.56188170562422,154.35822132543535,EXTENDED,0,15.93576966836574,162.8547747113494,146.91900504298366
1129222.4324687,17.854646119462288,18.58055269547793,FLEXED,0,0.8976321929259162,175.03400671532614,174.13637452240022,148.70771964885532,152.7072958288705,EXTENDED,0,15.93576966836574,162.8547747113494,146.91900504298366
1129222.5027453,17.385334211770648,18.220834923134856,FLEXED,0,0.8976321929259162,175.03400671532614,174.13637452240022,146.3061343430682,150.73197778722684,EXTENDED,0,15.93576966836574,162.8547747113494,146.91900504298366
1129222.5698896,17.05919749207271,17.852071561290586,FLEXED,0,0.8976321929259162,175.03400671532614,174.13637452240022,145.00352618400262,148.89086488879394,EXTENDED,0,15.93576966836574,162.8547747113494,146.91900504298366
1129222.6345823,17.550751608370476,17.632876029345944,FLEXED,0,0.8976321929259162,175.03400671532614,174.13637452240022,140.42090680942619,146.4000337381953,EXTENDED,0,15.93576966836574,162.8547747113494,146.91900504298366
1129222.700516,17.56007083940187,17.482000054215597,FLEXED,0,0.8976321929259162,175.03400671532614,174.13637452240022,137.79673991208284,143.647005379487,EXTENDED,0,15.93576966836574,162.8547747113494,146.91900504298366
1129222.7667431,18.460763277191543,17.60322348576145,FLEXED,0,0.8976321929259162,175.03400671532614,174.13637452240022,131.33280849075567,140.1720231478671,EXTENDED,0,15.93576966836574,162.8547747113494,146.91900504298366
1129222.8347432,18.049924531867237,17.73614154978077,FLEXED,0,0.8976321929259162,175.03400671532614,174.13637452240022,128.02714639186647,136.51622555762677,EXTENDED,0,15.93576966836574,162.8547747113494,146.91900504298366
1129223.1786458,17.70322127722747,17.86494630681172,FLEXED,0,0.8976321929259162,175.03400671532614,174.13637452240022,111.28803382246447,129.77312708531912,EXTENDED,0,15.93576966836574,162.8547747113494,146.91900504298366
1129223.25545,18.018876864405147,17.958571358018652,FLEXED,0,0.8976321929259162,175.03400671532614,174.13637452240022,108.49634819188985,123.38821536181186,EXTENDED,0,15.93576966836574,162.8547747113494,146.91900504298366
1129223.3253536,17.952127568336277,18.036982703805535,FLEXED,0,0.8976321929259162,175.03400671532614,174.13637452240022,103.74123306012278,116.57711399141984,EXTENDED,0,15.93576966836574,162.8547747113494,146.91900504298366
1129223.3845636,18.42278420803794,18.029386889974813,FLEXED,0,0.8976321929259162,175.03400671532614,174.13637452240022,103.0599393247487,110.92254015821845,EXTENDED,0,15.93576966836574,162.8547747113494,146.91900504298366
1129223.4453476,18.820499891287145,18.183501961858795,FLEXED,0,0.8976321929259162,175.03400671532614,174.13637452240022,103.00737053383796,105.91858498661277,EXTENDED,0,15.93576966836574,162.8547747113494,146.91900504298366
1129223.515635,18.764492694235074,18.395756245260316,FLEXED,0,0.8976321929259162,175.03400671532614,174.13637452240022,100.84640720666796,103.83025966345345,EXTENDED,0,15.93576966836574,162.8547747113494,146.91900504298366
1129223.5922295,18.9143883951431,18.574858551407907,FLEXED,0,0.8976321929259162,175.03400671532614,174.13637452240022,100.33575601561678,102.19814122819884,EXTENDED,0,15.93576966836574,162.8547747113494,146.91900504298366
1129223.6601979,18.951449589991636,18.774722955738977,FLEXED,0,0.8976321929259162,175.03400671532614,174.13637452240022,100.1270751795355,101.47530965208138,EXTENDED,0,15.93576966836574,162.8547747113494,146.91900504298366
1129223.7294126,18.829368480242195,18.85603981017983,FLEXED,0,0.8976321929259162,175.03400671532614,174.13637452240022,96.85747429770022,100.23481664667167,EXTENDED,0,15.93576966836574,162.8547747113494,146.91900504298366
1129223.7925013,18.66480341269548,18.824900514461497,FLEXED,0,0.8976321929259162,175.03400671532614,174.13637452240022,93.68502849429119,98.37034823876233,EXTENDED,0,15.93576966836574,162.8547747113494,146.91900504298366
1129223.8572476,18.541679221601772,18.780337819934836,FLEXED,0,0.8976321929259162,175.03400671532614,174.13637452240022,92.86824274335588,96.77471534609991,EXTENDED,0,15.93576966836574,162.8547747113494,146.91900504298366
1129223.9312952,18.482777349094665,18.69401561072515,FLEXED,0,0.8976321929259162,175.03400671532614,174.13637452240022,87.12893391739414,94.13335092645539,EXTENDED,0,15.93576966836574,162.8547747113494,146.91900504298366
1129224.0175867,18.455339579827697,18.59479360869236,FLEXED,0,0.8976321929259162,175.03400671532614,174.13637452240022,81.23960422226719,90.35585673500172,EXTENDED,0,15.93576966836574,162.8547747113494,146.91900504298366
1129224.0890181,18.43823755002098,18.51656742264812,FLEXED,0,0.8976321929259162,175.03400671532614,174.13637452240022,80.8937679088659,87.16311545723485,EXTENDED,0,15.93576966836574,162.8547747113494,146.91900504298366
1129224.1544227,18.40955394913021,18.465517529935067,FLEXED,0,0.8976321929259162,175.03400671532614,174.13637452240022,70.47619123153649,82.52134800468393,EXTENDED,0,15.93576966836574,162.8547747113494,146.91900504298366
1129224.2213411,18.712719729625604,18.49972563153983,FLEXED,0,0.8976321929259162,175.03400671532614,174.13637452240022,64.72561502446409,76.89282246090556,EXTENDED,0,15.93576966836574,162.8547747113494,146.91900504298366
1129224.2830455,18.908404579025376,18.584851077525975,FLEXED,0,0.8976321929259162,175.03400671532614,174.13637452240022,63.75083708270748,72.21720309396824,EXTENDED,0,15.93576966836574,162.8547747113494,146.91900504298366
1129224.346598,18.885129025539563,18.670808966668346,FLEXED,0,0.8976321929259162,175.03400671532614,174.13637452240022,54.15411466057612,66.80010518163002,EXTENDED,0,15.93576966836574,162.8547747113494,146.91900504298366
1129224.4131821,18.746395656711236,18.732440588006398,FLEXED,0,0.8976321929259162,175.03400671532614,174.13637452240022,48.7666033679174,60.37467227344031,EXTENDED,0,15.93576966836574,162.8547747113494,146.91900504298366
1129224.4866944,18.621958206499116,18.774921439480178,FLEXED,0,0.8976321929259162,175.03400671532614,174.13637452240022,47.68873767234264,55.817181561601544,FLEXED,0,15.93576966836574,162.8547747113494,146.91900504298366
1129224.5480269,18.60897265665231,18.754172024885523,FLEXED,0,0.8976321929259162,175.03400671532614,174.13637452240022,39.62458828647439,50.79697621400361,FLEXED,0,15.93576966836574,162.8547747113494,146.91900504298366
1129224.6088365,18.73065998886788,18.71862310685402,FLEXED,0,0.8976321929259162,175.03400671532614,174.13637452240022,33.868241225432506,44.82045704254862,FLEXED,0,15.93576966836574,162.8547747113494,146.91900504298366
1129224.6666019,18.808492720368253,18.70329584581976,FLEXED,0,0.8976321929259162,175.03400671532614,174.13637452240022,32.54184068217594,40.49800224686858,FLEXED,0,15.93576966836574,162.8547747113494,146.91900504298366
1129224.7461068,18.71740057926768,18.697496830331048,FLEXED,0,0.8976321929259162,175.03400671532614,174.13637452240022,27.394707399182575,36.223623053121614,FLEXED,0,15.93576966836574,162.8547747113494,146.91900504298366
1129224.8277347,18.853222188753918,18.74374962678201,FLEXED,0,0.8976321929259162,175.03400671532614,174.13637452240022,24.234313622242006,31.532738243101488,FLEXED,0,15.93576966836574,162.8547747113494,146.91900504298366
1129224.906817,18.92055985458831,18.806067066369206,FLEXED,0,0.8976321929259162,175.03400671532614,174.13637452240022,23.447624787588982,28.2973455433244,FLEXED,0,15.93576966836574,162.8547747113494,146.91900504298366
1129224.993581,19.02634815749713,18.865204700095056,FLEXED,0,0.8976321929259162,175.03400671532614,174.13637452240022,19.5129777136603,25.426292840969957,FLEXED,0,15.93576966836574,162.8547747113494,146.91900504298366
1129225.0688055,19.180006287610873,18.939507413543577,FLEXED,0,0.8976321929259162,175.03400671532614,174.13637452240022,16.515856369679277,22.22109597847063,FLEXED,0,15.93576966836574,162.8547747113494,146.91900504298366
1129225.1535074,19.206159671817247,19.037259232053493,FLEXED,0,0.8976321929259162,175.03400671532614,174.13637452240022,13.870614574231485,19.51627741348041,FLEXED,0,15.93576966836574,162.8547747113494,146.91900504298366
1129225.2437067,19.22197467773427,19.111009729849563,FLEXED,0,0.8976321929259162,175.03400671532614,174.13637452240022,12.996277759785283,17.268670240989067,FLEXED,0,15.93576966836574,162.8547747113494,146.91900504298366
1129225.3145285,19.10528466432967,19.14795469179784,FLEXED,0,0.8976321929259162,175.03400671532614,174.13637452240022,12.010571843892015,14.98125965224967,FLEXED,0,14.98125965224967,162.8547747113494,147.87351505909973
1129225.3707578,19.165513573667287,19.17578777503187,FLEXED,0,0.8976321929259162,175.03400671532614,174.13637452240022,11.515778856189655,13.381819880755543,FLEXED,0,13.381819880755543,162.8547747113494,149.47295483059384
1129225.4490792,19.085881176343864,19.156962752778465,FLEXED,0,0.8976321929259162,175.03400671532614,174.13637452240022,11.914975451291047,12.461643697077898,FLEXED,0,12.461643697077898,162.8547747113494,150.3931310142715
1129225.5205601,19.007279259375267,19.11718667029007,FLEXED,0,0.8976321929259162,175.03400671532614,174.13637452240022,12.019257477280993,12.0913722776878,FLEXED,0,12.0913722776878,162.8547747113494,150.76340243366158
1129225.5789241,18.90316727234515,19.05342518921225,FLEXED,0,0.8976321929259162,175.03400671532614,174.13637452240022,11.53797213396379,11.799711152523502,FLEXED,0,11.799711152523502,162.8547747113494,151.05506355882588
1129225.6436408,18.99784387475794,19.0319370312979,FLEXED,0,0.8976321929259162,175.03400671532614,174.13637452240022,11.293923987397601,11.656381581224618,FLEXED,0,11.656381581224618,162.8547747113494,151.19839313012477
1129225.7101331,19.06656738460275,19.012147793484992,FLEXED,0,0.8976321929259162,175.03400671532614,174.13637452240022,11.158567896140218,11.584939389214728,FLEXED,0,11.584939389214728,162.8547747113494,151.26983532213467
1129225.7751396,18.933721132787355,18.98171578477369,FLEXED,0,0.8976321929259162,175.03400671532614,174.13637452240022,11.147325072821687,11.431409313520858,FLEXED,0,11.431409313520858,162.8547747113494,151.42336539782855
1129225.8398658,18.804056448031194,18.941071222504878,FLEXED,0,0.8976321929259162,175.03400671532614,174.13637452240022,11.147001911521643,11.256958200368988,FLEXED,0,11.256958200368988,162.8547747113494,151.5978165109804
1129225.9043371,18.699439961267267,18.900325760289302,FLEXED,0,0.8976321929259162,175.03400671532614,174.13637452240022,11.187937114303562,11.186951196436942,FLEXED,0,11.186951196436942,162.8547747113494,151.66782351491244
1129225.9619572,18.547954357015232,18.810347856740755,FLEXED,0,0.8976321929259162,175.03400671532614,174.13637452240022,11.121204586101467,11.152407316177715,FLEXED,0,11.152407316177715,162.8547747113494,151.70236739517168
1129226.0284059,18.442103955296744,18.685455170879557,FLEXED,0,0.8976321929259162,175.03400671532614,174.13637452240022,11.052129627199543,11.131119662389581,FLEXED,0,11.131119662389581,162.8547747113494,151.7236550489598
1129226.0850086,18.330870565243476,18.56488505737078,FLEXED,0,0.8976321929259162,175.03400671532614,174.13637452240022,11.054746525643841,11.112603952954013,FLEXED,0,11.112603952954013,162.8547747113494,151.7421707583954
1129226.1539046,18.21272275532252,18.446618318829046,FLEXED,0,0.8976321929259162,175.03400671532614,174.13637452240022,11.120714240301739,11.10734641871003,FLEXED,0,11.10734641871003,162.8547747113494,151.74742829263937
1129226.223927,18.145087625823955,18.335747851740383,FLEXED,0,0.8976321929259162,175.03400671532614,174.13637452240022,11.17529460536553,11.104817916922425,FLEXED,0,11.104817916922425,162.8547747113494,151.74995679442696
1129226.2940968,17.986612397962155,18.22347945992977,FLEXED,0,0.8976321929259162,175.03400671532614,174.13637452240022,11.526477339193816,11.185872467540893,FLEXED,0,11.104817916922425,162.8547747113494,151.74995679442696
1129226.3604435,17.97000790538145,18.12906024994671,FLEXED,0,0.8976321929259162,175.03400671532614,174.13637452240022,13.04530336251036,11.584507214603057,FLEXED,0,11.104817916922425,162.8547747113494,151.74995679442696
1129226.4300521,17.941563010442607,18.051198738986535,FLEXED,0,0.8976321929259162,175.03400671532614,174.13637452240022,13.906604892508327,12.154878887975954,FLEXED,0,11.104817916922425,162.8547747113494,151.74995679442696
1129226.4961492,17.816403399523214,17.971934867826675,FLEXED,0,0.8976321929259162,175.03400671532614,174.13637452240022,20.791250754008338,14.088986190717275,FLEXED,0,11.104817916922425,162.8547747113494,151.74995679442696
1129226.5542143,17.437190895913286,17.830355521844545,FLEXED,0,0.8976321929259162,175.03400671532614,174.13637452240022,24.87615742110555,16.82915875386528,FLEXED,0,11.104817916922425,162.8547747113494,151.74995679442696
1129226.6169176,17.188254272504306,17.670683896752973,FLEXED,0,0.8976321929259162,175.03400671532614,174.13637452240022,26.090773752554842,19.74201803653748,FLEXED,0,11.104817916922425,162.8547747113494,151.74995679442696
1129226.684412,17.048556116856613,17.486393539048006,FLEXED,0,0.8976321929259162,175.03400671532614,174.13637452240022,30.847400406017353,23.302437445238883,FLEXED,0,11.104817916922425,162.8547747113494,151.74995679442696
1129226.7526822,17.083630647384684,17.314807066436423,FLEXED,0,0.8976321929259162,175.03400671532614,174.13637452240022,33.671820800293276,27.255480626795872,FLEXED,0,11.104817916922425,162.8547747113494,151.74995679442696
1129226.8140845,17.101612403970364,17.17184886732585,FLEXED,0,0.8976321929259162,175.03400671532614,174.13637452240022,34.54033117180329,30.005296710354862,FLEXED,0,11.104817916922425,162.8547747113494,151.74995679442696
1129226.8752318,17.020046552591868,17.088419998661568,FLEXED,0,0.8976321929259162,175.03400671532614,174.13637452240022,42.17927082368179,33.46591939087011,FLEXED,0,11.104817916922425,162.8547747113494,151.74995679442696
1129226.9276165,16.839611558467258,17.018691455854157,FLEXED,0,0.8976321929259162,175.03400671532614,174.13637452240022,45.54181379233289,37.35612739882572,FLEXED,0,11.104817916922425,162.8547747113494,151.74995679442696
1129227.004788,16.73003429149273,16.95498709078138,FLEXED,0,0.8976321929259162,175.03400671532614,174.13637452240022,46.525410004053484,40.491729318432945,FLEXED,0,11.104817916922425,162.8547747113494,151.74995679442696
1129227.0677138,16.74053082152149,16.88636712560874,FLEXED,0,0.8976321929259162,175.03400671532614,174.13637452240022,52.229086497481305,44.20318245787055,FLEXED,0,11.104817916922425,162.8547747113494,151.74995679442696
1129227.1289463,16.869478411943273,16.839940327203323,FLEXED,0,0.8976321929259162,175.03400671532614,174.13637452240022,55.62477161646334,48.42007054680256,FLEXED,0,11.104817916922425,162.8547747113494,151.74995679442696
1129227.1894057,16.965245110584092,16.828980038801767,FLEXED,0,0.8976321929259162,175.03400671532614,174.13637452240022,56.43515716226121,51.271247814518446,FLEXED,0,11.104817916922425,162.8547747113494,151.74995679442696
1129227.266702,16.87668001423397,16.836393729955113,FLEXED,0,0.8976321929259162,175.03400671532614,174.13637452240022,59.227418545656825,54.00836876518323,FLEXED,0,11.104817916922425,162.8547747113494,151.74995679442696
1129227.3482037,16.84816733012228,16.86002033768102,FLEXED,0,0.8976321929259162,175.03400671532614,174.13637452240022,60.90047601221127,56.883381966814795,FLEXED,0,11.104817916922425,162.8547747113494,151.74995679442696
1129227.4249805,16.818674423508202,16.875649058078363,FLEXED,0,0.8976321929259162,175.03400671532614,174.13637452240022,61.41035527268649,58.71963572185583,FLEXED,0,11.104817916922425,162.8547747113494,151.74995679442696
1129227.4839591,16.81970713251896,16.8656948021935,FLEXED,0,0.8976321929259162,175.03400671532614,174.13637452240022,63.58612134617715,60.31190566779859,FLEXED,0,11.104817916922425,162.8547747113494,151.74995679442696
1129227.5578912,16.82701178531421,16.838048137139523,FLEXED,0,0.8976321929259162,175.03400671532614,174.13637452240022,65.21716335444228,62.06830690623481,FLEXED,0,11.104817916922425,162.8547747113494,151.74995679442696
1129227.6354914,16.82598025099575,16.827908184491882,FLEXED,0,0.8976321929259162,175.03400671532614,174.13637452240022,65.67438695795136,63.3577005886937,FLEXED,0,11.104817916922425,162.8547747113494,151.74995679442696
1129227.6989313,16.799762200279172,16.81822715852326,FLEXED,0,0.8976321929259162,175.03400671532614,174.13637452240022,67.85991328710459,64.74958804367238,FLEXED,0,11.104817916922425,162.8547747113494,151.74995679442696
1129227.763177,16.713066719465807,16.797105617714784,FLEXED,0,0.8976321929259162,175.03400671532614,174.13637452240022,70.07285380881096,66.48208775089726,FLEXED,0,11.104817916922425,162.8547747113494,151.74995679442696
1129227.8242783,16.655876958322814,16.76433958287555,FLEXED,0,0.8976321929259162,175.03400671532614,174.13637452240022,70.87663706828849,67.94019089531953,FLEXED,0,11.104817916922425,162.8547747113494,151.74995679442696
1129227.8869058,16.618571522527375,16.722651530318185,FLEXED,0,0.8976321929259162,175.03400671532614,174.13637452240022,73.46848633468578,69.59045549136823,FLEXED,0,11.104817916922425,162.8547747113494,151.74995679442696
1129227.9437554,16.639831444566365,16.68542176903231,FLEXED,0,0.8976321929259162,175.03400671532614,174.13637452240022,76.54208254163964,71.76399460810589,FLEXED,0,11.104817916922425,162.8547747113494,151.74995679442696
1129228.0194556,16.656754105316846,16.65682015003984,FLEXED,0,0.8976321929259162,175.03400671532614,174.13637452240022,77.48909846857359,73.68983164439969,FLEXED,0,11.104817916922425,162.8547747113494,151.74995679442696
1129228.0970126,16.596347725529984,16.633476351252675,FLEXED,0,0.8976321929259162,175.03400671532614,174.13637452240022,79.5585452841094,75.58696993945938,FLEXED,0,11.104817916922425,162.8547747113494,151.74995679442696
1129228.1641947,16.675802141778004,16.637461387943716,FLEXED,0,0.8976321929259162,175.03400671532614,174.13637452240022,80.7251026049563,77.55666304679293,FLEXED,0,11.104817916922425,162.8547747113494,151.74995679442696
1129228.2347554,16.736870390893426,16.661121161616926,FLEXED,0,0.8976321929259162,175.03400671532614,174.13637452240022,81.13893896233918,79.09075357232362,FLEXED,0,11.104817916922425,162.8547747113494,151.74995679442696
1129228.3096467,16.807451065704356,16.694645085844524,FLEXED,0,0.8976321929259162,175.03400671532614,174.13637452240022,81.50747592319341,80.08383224863437,FLEXED,0,11.104817916922425,162.8547747113494,151.74995679442696
1129228.3737958,16.747934306486336,16.712881126078422,FLEXED,0,0.8976321929259162,175.03400671532614,174.13637452240022,81.97285394106571,80.98058334313279,FLEXED,0,11.104817916922425,162.8547747113494,151.74995679442696
1129228.4432469,16.70465086596666,16.734541754165754,FLEXED,0,0.8976321929259162,175.03400671532614,174.13637452240022,82.1689621774146,81.50266672179383,FLEXED,0,11.104817916922425,162.8547747113494,151.74995679442696
1129228.6032775,16.667816458839358,16.732944617578028,FLEXED,0,0.8976321929259162,175.03400671532614,174.13637452240022,85.56549327129652,82.47074485506188,FLEXED,0,11.104817916922425,162.8547747113494,151.74995679442696
1129228.6684776,16.651639730690082,16.71589848553736,FLEXED,0,0.8976321929259162,175.03400671532614,174.13637452240022,86.47176676301113,83.53731041519629,FLEXED,0,11.104817916922425,162.8547747113494,151.74995679442696
1129228.7431849,16.72917552375091,16.70024337714667,FLEXED,0,0.8976321929259162,175.03400671532614,174.13637452240022,91.18665002373456,85.4731452353045,FLEXED,0,11.104817916922425,162.8547747113494,151.74995679442696
1129228.8150973,16.786062633728044,16.707869042595014,FLEXED,0,0.8976321929259162,175.03400671532614,174.13637452240022,92.36695309765558,87.55196506662249,FLEXED,0,11.104817916922425,162.8547747113494,151.74995679442696
1129228.8825493,16.83017016600053,16.732972902601784,FLEXED,0,0.8976321929259162,175.03400671532614,174.13637452240022,94.93453954309705,90.10508053975897,FLEXED,0,11.104817916922425,162.8547747113494,151.74995679442696
1129228.9563078,16.887765723590288,16.77696275555197,FLEXED,0,0.8976321929259162,175.03400671532614,174.13637452240022,100.16805250305691,93.02559238611106,FLEXED,0,11.104817916922425,162.8547747113494,151.74995679442696
1129229.0364117,16.91741325790996,16.830117460995947,FLEXED,0,0.8976321929259162,175.03400671532614,174.13637452240022,105.01512579791488,96.7342641930918,FLEXED,0,11.104817916922425,162.8547747113494,151.74995679442696
1129229.1185364,16.962643148268736,16.876810985899514,FLEXED,0,0.8976321929259162,175.03400671532614,174.13637452240022,105.82508758673511,99.6619517056919,FLEXED,0,11.104817916922425,162.8547747113494,151.74995679442696
1129229.1851141,17.344294632818226,16.98845738571755,FLEXED,0,0.8976321929259162,175.03400671532614,174.13637452240022,112.26902322328898,103.6423657308186,FLEXED,0,11.104817916922425,162.8547747113494,151.74995679442696
1129229.2448177,17.90920122382215,17.204263597281873,FLEXED,0,0.8976321929259162,175.03400671532614,174.13637452240022,117.94902236821471,108.24526229584212,FLEXED,0,11.104817916922425,162.8547747113494,151.74995679442696
1129229.3108875,18.461238767751144,17.518958206114043,FLEXED,0,0.8976321929259162,175.03400671532614,174.13637452240022,121.52095279375655,112.51584235398204,FLEXED,0,11.104817916922425,162.8547747113494,151.74995679442696
1129229.3829994,18.66973565377309,17.86942268528667,FLEXED,0,0.8976321929259162,175.03400671532614,174.13637452240022,122.0191783423486,115.9166528628688,FLEXED,0,11.104817916922425,162.8547747113494,151.74995679442696
1129229.4412761,18.668040596929952,18.210502175018913,FLEXED,0,0.8976321929259162,175.03400671532614,174.13637452240022,126.48897256236779,120.04942985799535,FLEXED,0,11.104817916922425,162.8547747113494,151.74995679442696
1129229.5083179,18.553710671800857,18.45238538281544,FLEXED,0,0.8976321929259162,175.03400671532614,174.13637452240022,129.15677543009238,123.426980299356,FLEXED,0,11.104817916922425,162.8547747113494,151.74995679442696
1129229.5865583,18.68975227847186,18.60849559374538,FLEXED,0,0.8976321929259162,175.03400671532614,174.13637452240022,132.33100024288584,126.30337587429021,FLEXED,0,11.104817916922425,162.8547747113494,151.74995679442696
1129229.6613243,18.976738980045738,18.7115956362043,FLEXED,0,0.8976321929259162,175.03400671532614,174.13637452240022,137.8593846404865,129.57106224363622,FLEXED,0,11.104817916922425,162.8547747113494,151.74995679442696
1129229.7321081,19.10085516878951,18.797819539207584,FLEXED,0,0.8976321929259162,175.03400671532614,174.13637452240022,141.20707318724322,133.40864121261515,FLEXED,0,11.104817916922425,162.8547747113494,151.74995679442696
1129229.8120969,19.166782580720213,18.897567935965633,FLEXED,0,0.8976321929259162,175.03400671532614,174.13637452240022,142.67321680156115,136.64549006045382,FLEXED,0,11.104817916922425,162.8547747113494,151.74995679442696
1129229.8843763,19.247111049348575,19.036248011475177,FLEXED,0,0.8976321929259162,175.03400671532614,174.13637452240022,147.96604383642173,140.40734374171967,FLEXED,0,11.104817916922425,162.8547747113494,151.74995679442696
1129229.9484861,19.33777988515897,19.165853532812598,FLEXED,0,0.8976321929259162,175.03400671532614,174.13637452240022,148.48739416498594,143.63862252613973,FLEXED,0,11.104817916922425,162.8547747113494,151.74995679442696
1129230.0075966,19.431777853336683,19.256861307470793,FLEXED,0,0.8976321929259162,175.03400671532614,174.13637452240022,151.4159046776342,146.34992653356926,FLEXED,0,11.104817916922425,162.8547747113494,151.74995679442696
1129230.0729343,19.41805305437724,19.320300884588335,FLEXED,0,0.8976321929259162,175.03400671532614,174.13637452240022,157.52495324527902,149.6135025451764,FLEXED,0,11.104817916922425,162.8547747113494,151.74995679442696
1129230.1402138,19.272116012778888,19.34136757100007,FLEXED,0,0.8976321929259162,175.03400671532614,174.13637452240022,160.13406602375386,153.10567238961494,FLEXED,0,11.104817916922425,162.8547747113494,151.74995679442696
1129230.2000234,19.083866099882023,19.308718581106756,FLEXED,0,0.8976321929259162,175.03400671532614,174.13637452240022,160.2195014493386,155.55636391219832,FLEXED,0,11.104817916922425,162.8547747113494,151.74995679442696
1129230.2632268,18.179179954327257,19.076998594940417,FLEXED,0,0.8976321929259162,175.03400671532614,174.13637452240022,163.6333385102132,158.58555278124376,FLEXED,0,11.104817916922425,162.8547747113494,151.74995679442696
1129230.330955,17.661083111673953,18.722859646607873,FLEXED,0,0.8976321929259162,175.03400671532614,174.13637452240022,164.49770837718648,161.20191352115427,EXTENDED,1,11.104817916922425,162.8547747113494,151.74995679442696
1129230.3980455,17.716141268449018,18.382477289422226,FLEXED,0,0.8976321929259162,175.03400671532614,174.13637452240022,165.56631054526056,162.8101849811505,EXTENDED,1,11.104817916922425,162.8547747113494,151.74995679442696
1129230.4623967,17.676498069285017,18.063353700723454,FLEXED,0,0.8976321929259162,175.03400671532614,174.13637452240022,169.58942056122675,164.7012558886451,EXTENDED,1,11.104817916922425,164.7012558886451,153.59643797172268
1129230.5382199,17.584554632453766,17.7634914072378,FLEXED,0,0.8976321929259162,175.03400671532614,174.13637452240022,169.65096727511397,166.5875490538002,EXTENDED,1,11.104817916922425,166.5875490538002,155.48273113687776
1129230.5945729,17.588118929187196,17.645279202209792,FLEXED,0,0.8976321929259162,175.03400671532614,174.13637452240022,169.5231546020492,167.7655122721674,EXTENDED,1,11.104817916922425,167.7655122721674,156.66069435524497
1129230.6582159,17.56330017479995,17.62572261483499,FLEXED,0,0.8976321929259162,175.03400671532614,174.13637452240022,168.82729917503204,168.63143043173653,EXTENDED,1,11.104817916922425,168.63143043173653,157.5266125148141
1129230.7195082,17.59217183594044,17.600928728333276,FLEXED,0,0.8976321929259162,175.03400671532614,174.13637452240022,168.56736782437525,169.23164188755945,EXTENDED,1,11.104817916922425,169.23164188755945,158.12682397063702
1129230.7831113,17.636693037731252,17.592967722022518,FLEXED,0,0.8976321929259162,175.03400671532614,174.13637452240022,168.8349290496338,169.0807435852409,EXTENDED,1,11.104817916922425,169.23164188755945,158.12682397063702
1129230.8549729,17.672467038724594,17.610550203276684,FLEXED,0,0.8976321929259162,175.03400671532614,174.13637452240022,168.6738064628739,168.88531142279285,EXTENDED,1,11.104817916922425,169.23164188755945,158.12682397063702
1129230.9292351,17.765461505192015,17.64601871847765,FLEXED,0,0.8976321929259162,175.03400671532614,174.13637452240022,168.93534255087448,168.76774901255789,EXTENDED,1,11.104817916922425,169.23164188755945,158.12682397063702
1129230.9936668,17.822215042161595,17.69780169194998,FLEXED,0,0.8976321929259162,175.03400671532614,174.13637452240022,169.19471343963318,168.84123186547814,EXTENDED,1,11.104817916922425,169.23164188755945,158.12682397063702
1129231.0683024,17.93655612529332,17.766678549820558,FLEXED,0,0.8976321929259162,175.03400671532614,174.13637452240022,169.0638321024808,168.94052472109925,EXTENDED,1,11.104817916922425,169.23164188755945,158.12682397063702
1129231.1263448,17.97381544186985,17.834103030648272,FLEXED,0,0.8976321929259162,175.03400671532614,174.13637452240022,169.1027155289187,168.9940820169562,EXTENDED,1,11.104817916922425,169.23164188755945,158.12682397063702
1129231.2024604,18.12294986993889,17.924199596891135,FLEXED,0,0.8976321929259162,175.03400671532614,174.13637452240022,169.22534241233285,169.104389206848,EXTENDED,1,11.104817916922425,169.23164188755945,158.12682397063702
1129231.2833366,18.0892513664926,17.98895756915125,FLEXED,0,0.8976321929259162,175.03400671532614,174.13637452240022,168.943898181158,169.1061003329047,EXTENDED,1,11.104817916922425,169.23164188755945,158.12682397063702
1129231.3494963,18.094785265485115,18.043471613815957,FLEXED,0,0.8976321929259162,175.03400671532614,174.13637452240022,168.98738985165485,169.06463561530904,EXTENDED,1,11.104817916922425,169.23164188755945,158.12682397063702
1129231.4138164,18.068164267423775,18.06979324224205,FLEXED,0,0.8976321929259162,175.03400671532614,174.13637452240022,169.0349528122748,169.05885975726784,EXTENDED,1,11.104817916922425,169.23164188755945,158.12682397063702
1129231.4678891,18.055738165939864,18.08617778705605,FLEXED,0,0.8976321929259162,175.03400671532614,174.13637452240022,168.84302557192865,169.0069217658698,EXTENDED,1,11.104817916922425,169.23164188755945,158.12682397063702
1129231.5386296,18.052924976858538,18.07217280843998,FLEXED,0,0.8976321929259162,175.03400671532614,174.13637452240022,168.70637871182626,168.9031290257685,EXTENDED,1,11.104817916922425,169.23164188755945,158.12682397063702
1129231.62802,18.120052207768207,18.0783329766951,FLEXED,0,0.8976321929259162,175.03400671532614,174.13637452240022,168.35232537485786,168.7848144645085,EXTENDED,1,11.104817916922425,169.23164188755945,158.12682397063702
1129231.7020883,18.38082531670141,18.13554098693836,FLEXED,0,0.8976321929259162,175.03400671532614,174.13637452240022,166.56246249471096,168.29982899311972,EXTENDED,1,11.104817916922425,169.23164188755945,158.12682397063702
1129231.7749626,18.373881441875437,18.196684421828692,FLEXED,0,0.8976321929259162,175.03400671532614,174.13637452240022,164.58831544811554,167.41050152028785,EXTENDED,1,11.104817916922425,169.23164188755945,158.12682397063702
1129231.8622204,18.235403015921825,18.232617391825084,FLEXED,0,0.8976321929259162,175.03400671532614,174.13637452240022,162.74402703577837,166.19070181305779,EXTENDED,1,11.104817916922425,169.23164188755945,158.12682397063702
1129231.9345156,17.91403837624222,18.204840071701817,FLEXED,0,0.8976321929259162,175.03400671532614,174.13637452240022,159.28367612961208,164.30616129661496,EXTENDED,1,11.104817916922425,169.23164188755945,158.12682397063702
1129232.0003978,17.573923181162986,18.095614266380775,FLEXED,0,0.8976321929259162,175.03400671532614,174.13637452240022,156.6026591611708,161.95622805387754,EXTENDED,1,11.104817916922425,169.23164188755945,158.12682397063702
1129232.0707692,17.04480133247345,17.82840946953518,FLEXED,0,0.8976321929259162,175.03400671532614,174.13637452240022,154.48954581052158,159.54164471703967,EXTENDED,1,11.104817916922425,169.23164188755945,158.12682397063702
1129232.1494339,16.6454391598888,17.482721013137855,FLEXED,0,0.8976321929259162,175.03400671532614,174.13637452240022,153.61411564616625,157.34680475664982,EXTENDED,1,11.104817916922425,169.23164188755945,158.12682397063702
1129232.2191104,16.371059398051138,17.10985228956372,FLEXED,0,0.8976321929259162,175.03400671532614,174.13637452240022,150.08028993472183,154.8140573364385,EXTENDED,1,11.104817916922425,169.23164188755945,158.12682397063702
1129232.2934792,16.19696254702759,16.766437123720795,FLEXED,0,0.8976321929259162,175.03400671532614,174.13637452240022,149.06219297193127,152.76976070490235,EXTENDED,1,11.104817916922425,169.23164188755945,158.12682397063702
1129232.3815288,16.122071403476184,16.476066768183433,FLEXED,0,0.8976321929259162,175.03400671532614,174.13637452240022,147.40489596046422,150.93020806476102,EXTENDED,1,11.104817916922425,169.23164188755945,158.12682397063702
1129232.4802464,16.09232106575703,16.28557071484015,FLEXED,0,0.8976321929259162,175.03400671532614,174.13637452240022,146.7972974875134,149.39175840015938,EXTENDED,1,11.104817916922425,169.23164188755945,158.12682397063702
1129232.5676618,16.069747157429703,16.17043231434833,FLEXED,0,0.8976321929259162,175.03400671532614,174.13637452240022,144.91399137145302,147.65173354521673,EXTENDED,1,11.104817916922425,169.23164188755945,158.12682397063702
1129232.6439346,16.110962595670465,16.118412953872195,FLEXED,0,0.8976321929259162,175.03400671532614,174.13637452240022,141.54294853736752,145.94426526574588,EXTENDED,1,11.104817916922425,169.23164188755945,158.12682397063702
1129232.7225252,17.368750961729724,16.352770636812618,FLEXED,0,0.8976321929259162,175.03400671532614,174.13637452240022,138.76908768665064,143.88564420868974,EXTENDED,1,11.104817916922425,169.23164188755945,158.12682397063702
1129232.7997358,18.0464026157131,16.737636879260002,FLEXED,0,0.8976321929259162,175.03400671532614,174.13637452240022,135.433410831808,141.49134718295852,EXTENDED,1,11.104817916922425,169.23164188755945,158.12682397063702
1129232.8878476,18.006139922427415,17.120400650594082,FLEXED,0,0.8976321929259162,175.03400671532614,174.13637452240022,128.58111565273524,137.8481108160029,EXTENDED,1,11.104817916922425,169.23164188755945,158.12682397063702
1129232.9633505,18.0081993023586,17.508091079579863,FLEXED,0,0.8976321929259162,175.03400671532614,174.13637452240022,124.45522332199053,133.75635720611038,EXTENDED,1,11.104817916922425,169.23164188755945,158.12682397063702
1129233.0758512,18.0981733611135,17.905533232668468,FLEXED,0,0.8976321929259162,175.03400671532614,174.13637452240022,120.93502070251381,129.63477163913964,EXTENDED,1,11.104817916922425,169.23164188755945,158.12682397063702
1129233.152699,18.031716496152132,18.03812633955295,FLEXED,0,0.8976321929259162,175.03400671532614,174.13637452240022,116.40681771649464,125.16231764510844,EXTENDED,1,11.104817916922425,169.23164188755945,158.12682397063702
1129233.2392589,17.85069465914357,17.998984748239042,FLEXED,0,0.8976321929259162,175.03400671532614,174.13637452240022,112.03113998406145,120.48186347555914,EXTENDED,1,11.104817916922425,169.23164188755945,158.12682397063702
1129233.3167185,17.784234921137433,17.954603747981047,FLEXED,0,0.8976321929259162,175.03400671532614,174.13637452240022,110.1705422591737,116.79974879684683,EXTENDED,1,11.104817916922425,169.23164188755945,158.12682397063702
1129233.3939158,17.756319784159455,17.904227844341218,FLEXED,0,0.8976321929259162,175.03400671532614,174.13637452240022,109.80022236965021,113.86874860637877,EXTENDED,1,11.104817916922425,169.23164188755945,158.12682397063702
1129233.4746343,17.57577415820721,17.79974800375996,FLEXED,0,0.8976321929259162,175.03400671532614,174.13637452240022,103.40381032933671,110.36250653174334,EXTENDED,1,11.104817916922425,169.23164188755945,158.12682397063702
1129233.554946,17.48406844585395,17.690218393700324,FLEXED,0,0.8976321929259162,175.03400671532614,174.13637452240022,98.04336344982507,106.68981567840942,EXTENDED,1,11.104817916922425,169.23164188755945,158.12682397063702
1129233.6298891,17.662116945126222,17.652502850896855,FLEXED,0,0.8976321929259162,175.03400671532614,174.13637452240022,97.73705974933523,103.8309996314642,EXTENDED,1,11.104817916922425,169.23164188755945,158.12682397063702
1129233.7100674,17.847268756568905,17.665109617983152,FLEXED,0,0.8976321929259162,175.03400671532614,174.13637452240022,93.27695062406158,100.45228130444175,EXTENDED,1,11.104817916922425,169.23164188755945,158.12682397063702
1129233.7865565,17.62630043514733,17.63910574818072,FLEXED,0,0.8976321929259162,175.03400671532614,174.13637452240022,85.86110175414821,95.66445718134135,EXTENDED,1,11.104817916922425,169.23164188755945,158.12682397063702
1129233.867478,17.44080478287243,17.61211187311377,FLEXED,0,0.8976321929259162,175.03400671532614,174.13637452240022,84.43037672947598,91.8697704613692,EXTENDED,1,11.104817916922425,169.23164188755945,158.12682397063702
1129233.941273,17.349834986164115,17.5852651811758,FLEXED,0,0.8976321929259162,175.03400671532614,174.13637452240022,81.00483491923613,88.46206475525143,EXTENDED,1,11.104817916922425,169.23164188755945,158.12682397063702
1129234.016424,17.26557670898044,17.505957133946644,FLEXED,0,0.8976321929259162,175.03400671532614,174.13637452240022,78.90248801025666,84.69515040743572,EXTENDED,1,11.104817916922425,169.23164188755945,158.12682397063702
1129234.0841575,17.201062866888737,17.376715956010607,FLEXED,0,0.8976321929259162,175.03400671532614,174.13637452240022,78.97695906081411,81.83515209478622,EXTENDED,1,11.104817916922425,169.23164188755945,158.12682397063702
1129234.3946465,17.279580722833686,17.307372013547884,FLEXED,0,0.8976321929259162,175.03400671532614,174.13637452240022,79.90267024597749,80.64346579315207,EXTENDED,1,11.104817916922425,169.23164188755945,158.12682397063702
1129234.4693953,17.336831703842837,17.28657739774196,FLEXED,0,0.8976321929259162,175.03400671532614,174.13637452240022,79.94538793609219,79.74646803447533,EXTENDED,1,11.104817916922425,169.23164188755945,158.12682397063702
1129234.5350222,17.346613581549125,17.285933116818963,FLEXED,0,0.8976321929259162,175.03400671532614,174.13637452240022,77.53368578520205,79.05223820766851,EXTENDED,1,11.104817916922425,169.23164188755945,158.12682397063702
1129234.5952359,17.38033201805655,17.308884178634184,FLEXED,0,0.8976321929259162,175.03400671532614,174.13637452240022,74.19542130054923,78.11082486572703,EXTENDED,1,11.104817916922425,169.23164188755945,158.12682397063702
1129234.6798403,17.39544387247311,17.34776037975106,FLEXED,0,0.8976321929259162,175.03400671532614,174.13637452240022,73.68206612710337,77.05184627898487,EXTENDED,1,11.104817916922425,169.23164188755945,158.12682397063702
1129234.7644039,17.44977776160624,17.38179978750557,FLEXED,0,0.8976321929259162,175.03400671532614,174.13637452240022,63.668985886517625,73.8051094070929,EXTENDED,1,11.104817916922425,169.23164188755945,158.12682397063702
1129234.8374006,17.562443256295897,17.426922097996183,FLEXED,0,0.8976321929259162,175.03400671532614,174.13637452240022,57.4188639814872,69.2998046161719,EXTENDED,1,11.104817916922425,169.23164188755945,158.12682397063702
1129234.9113176,17.646066758310912,17.48681273334854,FLEXED,0,0.8976321929259162,175.03400671532614,174.13637452240022,50.987238040370485,63.99051506720558,EXTENDED,1,11.104817916922425,169.23164188755945,158.12682397063702
1129234.9753162,17.71031672106898,17.552809673951025,FLEXED,0,0.8976321929259162,175.03400671532614,174.13637452240022,44.412358041517585,58.03390241539925,FLEXED,1,11.104817916922425,169.23164188755945,158.12682397063702
1129235.0498112,17.63384113075945,17.600489125608295,FLEXED,0,0.8976321929259162,175.03400671532614,174.13637452240022,38.47387127288487,50.992263444555554,FLEXED,1,11.104817916922425,169.23164188755945,158.12682397063702
1129235.1134386,17.567762170348765,17.6240860073568,FLEXED,0,0.8976321929259162,175.03400671532614,174.13637452240022,37.17227832539401,45.69292193233083,FLEXED,1,11.104817916922425,169.23164188755945,158.12682397063702
1129235.1873756,17.489271840810336,17.60945172425969,FLEXED,0,0.8976321929259162,175.03400671532614,174.13637452240022,30.22320819394619,40.25379077482263,FLEXED,1,11.104817916922425,169.23164188755945,158.12682397063702
1129235.2510792,17.672589180560777,17.61475620870966,FLEXED,0,0.8976321929259162,175.03400671532614,174.13637452240022,26.088578928883372,35.27405895252521,FLEXED,1,11.104817916922425,169.23164188755945,158.12682397063702
1129235.3173607,17.772946460432866,17.62728215658244,FLEXED,0,0.8976321929259162,175.03400671532614,174.13637452240022,23.37040044157041,31.06566743253577,FLEXED,1,11.104817916922425,169.23164188755945,158.12682397063702
1129235.3916782,17.739556346733906,17.64842519977733,FLEXED,0,0.8976321929259162,175.03400671532614,174.13637452240022,21.244696405563783,27.619832459071553,FLEXED,1,11.104817916922425,169.23164188755945,158.12682397063702
1129235.4573049,17.75948310353422,17.68676938641442,FLEXED,0,0.8976321929259162,175.03400671532614,174.13637452240022,18.918709943011194,23.96911878259499,FLEXED,1,11.104817916922425,169.23164188755945,158.12682397063702
1129235.52928,17.767995655045713,17.742514149261496,FLEXED,0,0.8976321929259162,175.03400671532614,174.13637452240022,18.415680609814814,21.607613265768713,FLEXED,1,11.104817916922425,169.23164188755945,158.12682397063702
1129235.6096939,17.94021164846544,17.796038642842426,FLEXED,0,0.8976321929259162,175.03400671532614,174.13637452240022,13.433469181165773,19.076591316225198,FLEXED,1,11.104817916922425,169.23164188755945,158.12682397063702
1129235.6791035,18.39489897789518,17.92042914633489,FLEXED,0,0.8976321929259162,175.03400671532614,174.13637452240022,12.56621355540846,16.915753938992804,FLEXED,1,11.104817916922425,169.23164188755945,158.12682397063702
1129235.7357129,18.754625501327773,18.123442977253667,FLEXED,0,0.8976321929259162,175.03400671532614,174.13637452240022,12.909856419568548,15.24878594179376,FLEXED,1,11.104817916922425,169.23164188755945,158.12682397063702
1129235.8070075,18.938807109541848,18.35930777845519,FLEXED,0,0.8976321929259162,175.03400671532614,174.13637452240022,13.0924168921609,14.0835273316237,FLEXED,1,11.104817916922425,169.23164188755945,158.12682397063702
1129235.8796331,18.500381000835226,18.505784847613093,FLEXED,0,0.8976321929259162,175.03400671532614,174.13637452240022,13.751378833453288,13.150666976351394,FLEXED,1,11.104817916922425,169.23164188755945,158.12682397063702
1129235.9431102,18.409083427949056,18.599559203509816,FLEXED,0,0.8976321929259162,175.03400671532614,174.13637452240022,14.01399292790949,13.266771725700135,FLEXED,1,11.104817916922425,169.23164188755945,158.12682397063702
1129236.0059177,18.357415098270177,18.592062427584814,FLEXED,0,0.8976321929259162,175.03400671532614,174.13637452240022,14.286599052207444,13.610848825059936,FLEXED,1,11.104817916922425,169.23164188755945,158.12682397063702
1129236.0878488,18.21331150075999,18.48379962747126,FLEXED,0,0.8976321929259162,175.03400671532614,174.13637452240022,14.293568286930592,13.887591198532343,FLEXED,1,11.104817916922425,169.23164188755945,158.12682397063702
1129236.1576181,17.766730519347746,18.249384309432436,FLEXED,0,0.8976321929259162,175.03400671532614,174.13637452240022,13.997621208338213,14.068632061767806,FLEXED,1,11.104817916922425,169.23164188755945,158.12682397063702
1129236.2434782,17.410106072739698,18.03132932381333,FLEXED,0,0.8976321929259162,175.03400671532614,174.13637452240022,14.053692315841399,14.12909475824543,FLEXED,1,11.104817916922425,169.23164188755945,158.12682397063702
1129236.3299847,17.35111813565435,17.81973626535439,FLEXED,0,0.8976321929259162,175.03400671532614,174.13637452240022,13.611720638718957,14.048640300407323,FLEXED,1,11.104817916922425,169.23164188755945,158.12682397063702
1129236.4010388,17.20174452784739,17.588602151269832,FLEXED,0,0.8976321929259162,175.03400671532614,174.13637452240022,12.695879772032956,13.730496444372424,FLEXED,1,11.104817916922425,169.23164188755945,158.12682397063702
1129236.4836571,19.183997909939798,17.782739433105792,FLEXED,0,0.8976321929259162,175.03400671532614,174.13637452240022,14.279745534551322,13.72773189389657,FLEXED,1,11.104817916922425,169.23164188755945,158.12682397063702
1129236.5694138,20.14065815918088,18.25752496107242,FLEXED,0,0.8976321929259162,175.03400671532614,174.13637452240022,14.94742124768166,13.917691901765261,FLEXED,1,11.104817916922425,169.23164188755945,158.12682397063702
1129236.6541981,21.127589363888895,19.001021619302264,FLEXED,0,0.8976321929259162,175.03400671532614,174.13637452240022,15.78769640356186,14.26449271930935,FLEXED,1,11.104817916922425,169.23164188755945,158.12682397063702
1129236.7431216,22.76455408035418,20.08370880824223,FLEXED,0,0.8976321929259162,175.03400671532614,174.13637452240022,14.650641633065343,14.472276918178627,FLEXED,1,11.104817916922425,169.23164188755945,158.12682397063702
1129236.8409105,17.886520503372562,20.220664003347263,FLEXED,0,0.8976321929259162,175.03400671532614,174.13637452240022,16.642910959246432,15.261683155621323,FLEXED,1,11.104817916922425,169.23164188755945,158.12682397063702
1129236.9210797,18.584655616735873,20.10079554470648,FLEXED,0,0.8976321929259162,175.03400671532614,174.13637452240022,15.603752788133262,15.526484606337712,FLEXED,1,11.104817916922425,169.23164188755945,158.12682397063702
1129236.9929522,21.069372355870343,20.28653838404437,FLEXED,0,0.8976321929259162,175.03400671532614,174.13637452240022,15.632490703249669,15.663498497451315,FLEXED,1,11.104817916922425,169.23164188755945,158.12682397063702
1129237.0779125,20.873915366422594,20.23580358455111,FLEXED,0,0.8976321929259162,175.03400671532614,174.13637452240022,13.857252152381257,15.277409647215194,FLEXED,1,11.104817916922425,169.23164188755945,158.12682397063702
1129237.1570966,21.212226213624998,19.925338011205277,FLEXED,0,0.8976321929259162,175.03400671532614,174.13637452240022,12.828352960417423,14.912951912685608,FLEXED,1,11.104817916922425,169.23164188755945,158.12682397063702
1129237.2254507,20.890911824544848,20.52621627543973,FLEXED,0,0.8976321929259162,175.03400671532614,174.13637452240022,12.360976650036042,14.056565050843528,FLEXED,1,11.104817916922425,169.23164188755945,158.12682397063702
1129237.2931025,21.894976910242804,21.188280534141118,FLEXED,0,0.8976321929259162,175.03400671532614,174.13637452240022,11.646874854521299,13.26518946412114,FLEXED,1,11.104817916922425,169.23164188755945,158.12682397063702
1129237.3638862,21.024316138437737,21.179269290654595,FLEXED,0,0.8976321929259162,175.03400671532614,174.13637452240022,12.450389286832303,12.628769180837665,FLEXED,1,11.104817916922425,169.23164188755945,158.12682397063702
1129237.4236236,20.31755725460803,21.067997668291685,FLEXED,0,0.8976321929259162,175.03400671532614,174.13637452240022,12.135282907280722,12.284375331817557,FLEXED,1,11.104817916922425,169.23164188755945,158.12682397063702
1129237.4938112,20.180193803955472,20.861591186357778,FLEXED,0,0.8976321929259162,175.03400671532614,174.13637452240022,11.797272274247424,12.07815919458356,FLEXED,1,11.104817916922425,169.23164188755945,158.12682397063702
1129237.5643763,22.569475326697376,21.197303886788283,FLEXED,0,0.8976321929259162,175.03400671532614,174.13637452240022,12.478018030717706,12.10156747071989,FLEXED,1,11.104817916922425,169.23164188755945,158.12682397063702
1129237.6426113,22.957673447183165,21.409843194176354,FLEXED,0,0.8976321929259162,175.03400671532614,174.13637452240022,12.505200215794092,12.27323254297445,FLEXED,1,11.104817916922425,169.23164188755945,158.12682397063702
1129237.7174179,25.63044310310688,22.331068587110188,FLEXED,0,0.8976321929259162,175.03400671532614,174.13637452240022,11.616162667018182,12.106387219011625,FLEXED,1,11.104817916922425,169.23164188755945,158.12682397063702
1129237.8133983,27.332447582919162,23.734046652772413,FLEXED,0,0.8976321929259162,175.03400671532614,174.13637452240022,11.18056939827123,11.915444517209727,FLEXED,1,11.104817916922425,169.23164188755945,158.12682397063702
1129237.9021479,26.88082176999864,25.074172245981043,FLEXED,0,0.8976321929259162,175.03400671532614,174.13637452240022,11.311582522775298,11.8183065669153,FLEXED,1,11.104817916922425,169.23164188755945,158.12682397063702
1129237.9933964,26.762839046648498,25.912844989971273,FLEXED,0,0.8976321929259162,175.03400671532614,174.13637452240022,11.857395319432094,11.69418202465818,FLEXED,1,11.104817916922425,169.23164188755945,158.12682397063702
1129238.0715262,24.592995966067726,26.239909493748183,FLEXED,0,0.8976321929259162,175.03400671532614,174.13637452240022,13.998943977838643,11.99293077706709,FLEXED,1,11.104817916922425,169.23164188755945,158.12682397063702
1129238.1700617,25.15133142601137,26.14408715832908,FLEXED,0,0.8976321929259162,175.03400671532614,174.13637452240022,15.455144594514831,12.76072716256642,FLEXED,1,11.104817916922425,169.23164188755945,158.12682397063702
1129238.2677298,24.648590509972067,25.60731574373966,FLEXED,0,0.8976321929259162,175.03400671532614,174.13637452240022,13.117890798789736,13.14819144267012,FLEXED,1,11.104817916922425,169.23164188755945,158.12682397063702
1129238.3868374,21.69899499698264,24.57095038913646,FLEXED,0,0.8976321929259162,175.03400671532614,174.13637452240022,14.902808568271274,13.866436651769316,FLEXED,1,11.104817916922425,169.23164188755945,158.12682397063702
1129238.4638044,21.132062021218516,23.444794984050468,FLEXED,0,0.8976321929259162,175.03400671532614,174.13637452240022,14.02807511387301,14.3005726106575,FLEXED,1,11.104817916922425,169.23164188755945,158.12682397063702
1129238.5402578,20.89696243138867,22.70558827711465,FLEXED,0,0.8976321929259162,175.03400671532614,174.13637452240022,12.41106752447127,13.982997319984023,FLEXED,1,11.104817916922425,169.23164188755945,158.12682397063702
1129238.6152085,21.53308242290454,21.981938476493287,FLEXED,0,0.8976321929259162,175.03400671532614,174.13637452240022,15.66632558401507,14.025233517884072,FLEXED,1,11.104817916922425,169.23164188755945,158.12682397063702
1129238.6912396,22.168173891593764,21.485855152817628,FLEXED,0,0.8976321929259162,175.03400671532614,174.13637452240022,13.642171124712526,14.13008958306863,FLEXED,1,11.104817916922425,169.23164188755945,158.12682397063702
1129238.7709829,22.240030183148477,21.594062190050796,FLEXED,0,0.8976321929259162,175.03400671532614,174.13637452240022,13.634573114841162,13.876442492382608,FLEXED,1,11.104817916922425,169.23164188755945,158.12682397063702
1129238.8445367,22.671577846450944,21.90196535509728,FLEXED,0,0.8976321929259162,175.03400671532614,174.13637452240022,11.57584248228182,13.385995966064367,FLEXED,1,11.104817916922425,169.23164188755945,158.12682397063702
1129238.9205636,23.28767251651485,22.380107372122517,FLEXED,0,0.8976321929259162,175.03400671532614,174.13637452240022,12.003637198152292,13.304509900800573,FLEXED,1,11.104817916922425,169.23164188755945,158.12682397063702
1129238.9861133,23.780419060608615,22.82957469966333,FLEXED,0,0.8976321929259162,175.03400671532614,174.13637452240022,12.067785054725432,12.584801794942646,FLEXED,1,11.104817916922425,169.23164188755945,158.12682397063702
1129239.0602463,23.90685003581359,23.17730992850729,FLEXED,0,0.8976321929259162,175.03400671532614,174.13637452240022,12.107805559216827,12.277928681843507,FLEXED,1,11.104817916922425,169.23164188755945,158.12682397063702
1129239.1294094,24.529432911299008,23.635190474137403,FLEXED,0,0.8976321929259162,175.03400671532614,174.13637452240022,12.301146697463068,12.011243398367888,FLEXED,1,11.104817916922425,169.23164188755945,158.12682397063702
1129239.21245,25.529107385453464,24.206696381937906,FLEXED,0,0.8976321929259162,175.03400671532614,174.13637452240022,13.344272058685528,12.364929313648629,FLEXED,1,11.104817916922425,169.23164188755945,158.12682397063702
1129239.2927713,26.011746417421968,24.75151116211933,FLEXED,0,0.8976321929259162,175.03400671532614,174.13637452240022,13.212854595830814,12.606772793184334,FLEXED,1,11.104817916922425,169.23164188755945,158.12682397063702
1129239.3628272,26.713328352626405,25.338093020522887,FLEXED,0,0.8976321929259162,175.03400671532614,174.13637452240022,13.21028150169486,12.83527208257822,FLEXED,1,11.104817916922425,169.23164188755945,158.12682397063702
1129239.4432428,26.724230135298896,25.90156904041995,FLEXED,0,0.8976321929259162,175.03400671532614,174.13637452240022,13.156808839190422,13.045072738572937,FLEXED,1,11.104817916922425,169.23164188755945,158.12682397063702
1129239.5264488,26.80437149592087,26.356556757344322,FLEXED,0,0.8976321929259162,175.03400671532614,174.13637452240022,13.068507994155354,13.198544997911394,FLEXED,1,11.104817916922425,169.23164188755945,158.12682397063702
1129239.5979592,26.77224090732531,26.60518346171869,FLEXED,0,0.8976321929259162,175.03400671532614,174.13637452240022,13.717472995560923,13.273185185286474,FLEXED,1,11.104817916922425,169.23164188755945,158.12682397063702
1129239.6765811,26.839456290113837,26.770725436257067,FLEXED,0,0.8976321929259162,175.03400671532614,174.13637452240022,13.61836902155505,13.354288070431323,FLEXED,1,11.104817916922425,169.23164188755945,158.12682397063702
1129240.0268507,26.814637788429003,26.79098732341758,FLEXED,0,0.8976321929259162,175.03400671532614,174.13637452240022,13.425971048832317,13.397425979858815,FLEXED,1,11.104817916922425,169.23164188755945,158.12682397063702
1129240.098274,26.752858386332246,26.79671297362425,FLEXED,0,0.8976321929259162,175.03400671532614,174.13637452240022,13.22818706089409,13.411701624199548,FLEXED,1,11.104817916922425,169.23164188755945,158.12682397063702
1129240.1651752,26.833826402730185,26.802603954986118,FLEXED,0,0.8976321929259162,175.03400671532614,174.13637452240022,13.038321818255222,13.40566438901952,FLEXED,1,11.104817916922425,169.23164188755945,158.12682397063702
1129240.2481836,26.53380434637555,26.754916642796168,FLEXED,0,0.8976321929259162,175.03400671532614,174.13637452240022,12.99618630844232,13.2614070515958,FLEXED,1,11.104817916922425,169.23164188755945,158.12682397063702
1129240.3099184,26.324010393380046,26.651827463449404,FLEXED,0,0.8976321929259162,175.03400671532614,174.13637452240022,13.054409883101087,13.148615223905006,FLEXED,1,11.104817916922425,169.23164188755945,158.12682397063702
1129240.3712269,26.179502455381435,26.52480039683989,FLEXED,0,0.8976321929259162,175.03400671532614,174.13637452240022,13.045115997335719,13.072444213605687,FLEXED,1,11.104817916922425,169.23164188755945,158.12682397063702
1129240.4364452,25.52158893845652,26.278546507264746,FLEXED,0,0.8976321929259162,175.03400671532614,174.13637452240022,13.734218562963695,13.17365051401961,FLEXED,1,11.104817916922425,169.23164188755945,158.12682397063702
1129240.4933047,25.25585508672186,25.962952244063082,FLEXED,0,0.8976321929259162,175.03400671532614,174.13637452240022,14.109686599968787,13.38792347036232,FLEXED,1,11.104817916922425,169.23164188755945,158.12682397063702
1129240.5561631,25.060942578974995,25.66837989058297,FLEXED,0,0.8976321929259162,175.03400671532614,174.13637452240022,14.229003135401413,13.634486835754142,FLEXED,1,11.104817916922425,169.23164188755945,158.12682397063702
1129240.6197134,24.37045747327848,25.277669306562657,FLEXED,0,0.8976321929259162,175.03400671532614,174.13637452240022,12.89041617307357,13.601688093748638,FLEXED,1,11.104817916922425,169.23164188755945,158.12682397063702
1129240.6822214,24.104538546263797,24.862676524739133,FLEXED,0,0.8976321929259162,175.03400671532614,174.13637452240022,11.63307296215898,13.31927948671329,FLEXED,1,11.104817916922425,169.23164188755945,158.12682397063702
1129240.7556994,24.10425149286125,24.579209035620075,FLEXED,0,0.8976321929259162,175.03400671532614,174.13637452240022,11.531617637465374,12.878759301613623,FLEXED,1,11.104817916922425,169.23164188755945,158.12682397063702
1129240.8204286,24.17336908950537,24.36271183617678,FLEXED,0,0.8976321929259162,175.03400671532614,174.13637452240022,11.814175819517986,12.419657145523464,FLEXED,1,11.104817916922425,169.23164188755945,158.12682397063702
1129240.8799686,24.074671030401426,24.165457526462063,FLEXED,0,0.8976321929259162,175.03400671532614,174.13637452240022,12.003220527400698,11.974500623923323,FLEXED,1,11.104817916922425,169.23164188755945,158.12682397063702
1129240.9562643,23.91863219476228,24.075092470758825,FLEXED,0,0.8976321929259162,175.03400671532614,174.13637452240022,12.128105043021193,11.822038397912847,FLEXED,1,11.104817916922425,169.23164188755945,158.12682397063702
1129241.0333382,23.60917202889203,23.976019167284473,FLEXED,0,0.8976321929259162,175.03400671532614,174.13637452240022,11.980768361519571,11.891577477784965,FLEXED,1,11.104817916922425,169.23164188755945,158.12682397063702
1129241.0938576,23.49128062147271,23.853424993006765,FLEXED,0,0.8976321929259162,175.03400671532614,174.13637452240022,12.348277271830643,12.05490940465802,FLEXED,1,11.104817916922425,169.23164188755945,158.12682397063702
1129241.1492412,23.55134255207152,23.729019685519994,FLEXED,0,0.8976321929259162,175.03400671532614,174.13637452240022,14.574714692421342,12.60701717923869,FLEXED,1,11.104817916922425,169.23164188755945,158.12682397063702
1129241.2195395,23.418499703118837,23.597785420063477,FLEXED,0,0.8976321929259162,175.03400671532614,174.13637452240022,18.615546904688262,13.929482454696203,FLEXED,1,11.104817916922425,169.23164188755945,158.12682397063702
1129241.2902568,23.655071143264426,23.545073209763906,FLEXED,0,0.8976321929259162,175.03400671532614,174.13637452240022,19.635495329647387,15.43096051202144,FLEXED,1,11.104817916922425,169.23164188755945,158.12682397063702
1129241.3506452,23.674959638357535,23.558230731657005,FLEXED,0,0.8976321929259162,175.03400671532614,174.13637452240022,19.04372202509353,16.843551244736233,FLEXED,1,11.104817916922425,169.23164188755945,158.12682397063702
1129241.4167901,23.573646229924723,23.57470385334741,FLEXED,0,0.8976321929259162,175.03400671532614,174.13637452240022,17.711117945142945,17.916119379398694,FLEXED,1,11.104817916922425,169.23164188755945,158.12682397063702
1129241.4840703,23.839181574669155,23.632271657866934,FLEXED,0,0.8976321929259162,175.03400671532614,174.13637452240022,16.137130437740677,18.22860252846256,FLEXED,1,11.104817916922425,169.23164188755945,158.12682397063702
1129241.5430869,24.017529499549237,23.752077617153013,FLEXED,0,0.8976321929259162,175.03400671532614,174.13637452240022,14.961539777660965,17.4978011030571,FLEXED,1,11.104817916922425,169.23164188755945,158.12682397063702
1129241.6036167,23.673133847318052,23.75569015796374,FLEXED,0,0.8976321929259162,175.03400671532614,174.13637452240022,14.70480384132257,16.511662805392138,FLEXED,1,11.104817916922425,169.23164188755945,158.12682397063702
1129241.6713093,23.244448020732772,23.66958783443879,FLEXED,0,0.8976321929259162,175.03400671532614,174.13637452240022,15.083410449547271,15.719600490282886,FLEXED,1,11.104817916922425,169.23164188755945,158.12682397063702
1129241.754525,23.148232088997062,23.58450500625326,FLEXED,0,0.8976321929259162,175.03400671532614,174.13637452240022,15.391995028106715,15.255775906875641,FLEXED,1,11.104817916922425,169.23164188755945,158.12682397063702
1129241.8199149,21.399123638825966,23.096493419084617,FLEXED,0,0.8976321929259162,175.03400671532614,174.13637452240022,13.518031530021387,14.73195612533178,FLEXED,1,11.104817916922425,169.23164188755945,158.12682397063702
1129241.8926888,20.597245205458364,22.412436560266443,FLEXED,0,0.8976321929259162,175.03400671532614,174.13637452240022,12.719904250305165,14.283629019860623,FLEXED,1,11.104817916922425,169.23164188755945,158.12682397063702
1129241.9893559,20.46740853260342,21.771291497323517,FLEXED,0,0.8976321929259162,175.03400671532614,174.13637452240022,13.89123880162082,14.120916011920272,FLEXED,1,11.104817916922425,169.23164188755945,158.12682397063702
1129242.1056227,19.850976212990894,21.092597135775144,FLEXED,0,0.8976321929259162,175.03400671532614,174.13637452240022,14.902235241169649,14.084680970244747,FLEXED,1,11.104817916922425,169.23164188755945,158.12682397063702
1129242.1823359,18.478183604833962,20.158587438942522,FLEXED,0,0.8976321929259162,175.03400671532614,174.13637452240022,15.719236492688937,14.150129263161194,FLEXED,1,11.104817916922425,169.23164188755945,158.12682397063702
1129242.2774947,20.16168947884728,19.911100606946782,FLEXED,0,0.8976321929259162,175.03400671532614,174.13637452240022,16.47993928956799,14.742510815070512,FLEXED,1,11.104817916922425,169.23164188755945,158.12682397063702
1129242.3501138,16.403381343887578,19.072327834632624,FLEXED,0,0.8976321929259162,175.03400671532614,174.13637452240022,14.023905841861716,15.003311133381823,FLEXED,1,11.104817916922425,169.23164188755945,158.12682397063702
1129242.4236808,1.5139883408870531,15.281643796289353,FLEXED,0,0.8976321929259162,175.03400671532614,174.13637452240022,12.746545725538914,14.77437251816544,FLEXED,1,11.104817916922425,169.23164188755945,158.12682397063702
1129242.4914432,39.011709552192976,19.113790464129767,FLEXED,0,0.8976321929259162,175.03400671532614,174.13637452240022,14.677739412236189,14.72947335237875,FLEXED,1,11.104817916922425,169.23164188755945,158.12682397063702
1129242.5554655,24.71586852857125,20.361327448877226,FLEXED,0,0.8976321929259162,175.03400671532614,174.13637452240022,17.48824611600921,15.083275277042805,FLEXED,1,11.104817916922425,169.23164188755945,158.12682397063702
1129242.6224184,45.16901983636805,25.36279352038138,FLEXED,0,0.8976321929259162,175.03400671532614,174.13637452240022,15.52388015018109,14.892063449165423,FLEXED,1,11.104817916922425,169.23164188755945,158.12682397063702
1129242.6877139,29.30195534741898,27.94250832108766,FLEXED,0,0.8976321929259162,175.03400671532614,174.13637452240022,19.614086214639137,16.010099523720907,FLEXED,1,11.104817916922425,169.23164188755945,158.12682397063702
1129242.7847925,23.80331959522279,32.400374571954806,FLEXED,0,0.8976321929259162,175.03400671532614,174.13637452240022,14.301692026148567,16.32112878384284,FLEXED,1,11.104817916922425,169.23164188755945,158.12682397063702
1129242.8614831,25.76302849709584,29.75063836093538,FLEXED,0,0.8976321929259162,175.03400671532614,174.13637452240022,12.327667708273019,15.851114443050204,FLEXED,1,11.104817916922425,169.23164188755945,158.12682397063702
1129242.935839,26.680501449696713,30.143564945160477,FLEXED,0,0.8976321929259162,175.03400671532614,174.13637452240022,20.6885160254919,16.491168424946743,FLEXED,1,11.104817916922425,169.23164188755945,158.12682397063702
1129243.0138114,22.683906283517242,25.646542234590317,FLEXED,0,0.8976321929259162,175.03400671532614,174.13637452240022,6.27238452148471,14.640869299207466,FLEXED,1,11.104817916922425,169.23164188755945,158.12682397063702
1129243.0868083,27.82981224973358,25.352113615053234,FLEXED,0,0.8976321929259162,175.03400671532614,174.13637452240022,7.294684645210311,12.176988985321701,FLEXED,1,11.104817916922425,169.23164188755945,158.12682397063702
1129243.1694678,20.760124522816263,24.743474600571925,FLEXED,0,0.8976321929259162,175.03400671532614,174.13637452240022,7.59955364369596,10.83656130883118,FLEXED,1,10.83656130883118,169.23164188755945,158.39508057872825
1129243.2404973,31.98055804591712,25.986980510336185,FLEXED,0,0.8976321929259162,175.03400671532614,174.13637452240022,9.724596091801846,10.315946985536945,FLEXED,1,10.315946985536945,169.23164188755945,158.9156949020225
1129243.3239307,27.67802537635093,26.186485295667023,FLEXED,0,0.8976321929259162,175.03400671532614,174.13637452240022,9.894635580384064,8.157170896515378,FLEXED,1,8.157170896515378,169.23164188755945,161.07447099104408
1129243.4017396,25.688303336850208,26.78736470633362,FLEXED,0,0.8976321929259162,175.03400671532614,174.13637452240022,15.158552103952566,9.934404413008949,FLEXED,1,8.157170896515378,169.23164188755945,161.07447099104408
1129243.5594778,25.908868465622078,26.40317594951132,FLEXED,0,0.8976321929259162,175.03400671532614,174.13637452240022,21.582848682838918,12.79203722053467,FLEXED,1,8.157170896515378,169.23164188755945,161.07447099104408
1129243.6308411,30.039833145019053,28.25911767395188,FLEXED,0,0.8976321929259162,175.03400671532614,174.13637452240022,21.495743336807887,15.571275159157057,FLEXED,1,8.157170896515378,169.23164188755945,161.07447099104408
1129243.7852288,44.09671905637467,30.68234987604339,FLEXED,0,0.8976321929259162,175.03400671532614,174.13637452240022,30.237262665384954,19.67380847387368,FLEXED,1,8.157170896515378,169.23164188755945,161.07447099104408
1129243.8607762,46.96388699919537,34.53952220061227,FLEXED,0,0.8976321929259162,175.03400671532614,174.13637452240022,36.664813885009764,25.02784413479882,FLEXED,1,8.157170896515378,169.23164188755945,161.07447099104408
1129243.9275494,47.6666454384222,38.93519062092667,FLEXED,0,0.8976321929259162,175.03400671532614,174.13637452240022,38.37900751794874,29.671935217598055,FLEXED,1,8.157170896515378,169.23164188755945,161.07447099104408
1129243.9897863,38.27175205210634,41.40776733822353,FLEXED,0,0.8976321929259162,175.03400671532614,174.13637452240022,30.928606817250706,31.54108684448041,FLEXED,1,8.157170896515378,169.23164188755945,161.07447099104408
1129244.0621165,35.2727836943123,42.45435744808218,FLEXED,0,0.8976321929259162,175.03400671532614,174.13637452240022,29.26024063955386,33.09398630502961,FLEXED,1,8.157170896515378,169.23164188755945,161.07447099104408
1129244.1461837,31.408870805774907,39.91678779796222,FLEXED,0,0.8976321929259162,175.03400671532614,174.13637452240022,26.47017132910122,32.34056803777286,FLEXED,1,8.157170896515378,169.23164188755945,161.07447099104408
1129244.3448927,55.272937204634275,41.578597839050005,FLEXED,0,0.8976321929259162,175.03400671532614,174.13637452240022,30.460685011103976,31.099742262991697,FLEXED,1,8.157170896515378,169.23164188755945,161.07447099104408
1129244.41907,51.157425806212466,42.27675391260806,FLEXED,0,0.8976321929259162,175.03400671532614,174.13637452240022,29.530164629793152,29.329973685360585,FLEXED,1,8.157170896515378,169.23164188755945,161.07447099104408
1129244.480027,64.88691470329414,47.59978644284562,FLEXED,0,0.8976321929259162,175.03400671532614,174.13637452240022,30.109101968460497,29.166072715602542,FLEXED,1,8.157170896515378,169.23164188755945,161.07447099104408
1129244.5557661,63.11115984245612,53.16746167247438,FLEXED,0,0.8976321929259162,175.03400671532614,174.13637452240022,30.63549425864958,29.44112343942168,FLEXED,1,8.157170896515378,169.23164188755945,161.07447099104408
1129244.6191397,63.87832657213642,59.66135282574669,FLEXED,0,0.8976321929259162,175.03400671532614,174.13637452240022,33.97798709981325,30.942686593564087,FLEXED,1,8.157170896515378,169.23164188755945,161.07447099104408
1129244.6861689,69.61366675295065,62.52949873540996,FLEXED,0,0.8976321929259162,175.03400671532614,174.13637452240022,36.04534602814729,32.05961879697276,FLEXED,1,8.157170896515378,169.23164188755945,161.07447099104408
1129244.7493122,80.77939838486775,68.45389325114101,FLEXED,0,0.8976321929259162,175.03400671532614,174.13637452240022,36.178402968084605,33.38926646463105,FLEXED,1,8.157170896515378,169.23164188755945,161.07447099104408
1129244.8484478,50.05207597323207,65.4869255051286,FLEXED,0,0.8976321929259162,175.03400671532614,174.13637452240022,38.29707660870691,35.026861392680324,FLEXED,1,8.157170896515378,169.23164188755945,161.07447099104408
1129244.9184437,47.19905901935898,62.30450534050917,FLEXED,0,0.8976321929259162,175.03400671532614,174.13637452240022,38.88334941824427,36.67643242459927,FLEXED,1,8.157170896515378,169.23164188755945,161.07447099104408
1129244.9894341,55.18820930772957,60.5664818876278,FLEXED,0,0.8976321929259162,175.03400671532614,174.13637452240022,39.318574207041856,37.74454984604499,FLEXED,1,8.157170896515378,169.23164188755945,161.07447099104408
1129245.0645018,48.55262379667295,56.35427329637226,FLEXED,0,0.8976321929259162,175.03400671532614,174.13637452240022,39.124711143404966,38.360422869096524,FLEXED,1,8.157170896515378,169.23164188755945,161.07447099104408
1129245.1224564,29.35781054381436,46.06995572816159,FLEXED,0,0.8976321929259162,175.03400671532614,174.13637452240022,36.08812042190132,38.34236635985987,FLEXED,1,8.157170896515378,169.23164188755945,161.07447099104408
1129245.1919241,28.432888265505728,41.74611818661632,FLEXED,0,0.8976321929259162,175.03400671532614,174.13637452240022,35.82045205543347,37.84704144920518,FLEXED,1,8.157170896515378,169.23164188755945,161.07447099104408
1129245.2626389,24.034851374094494,37.113276657563425,FLEXED,0,0.8976321929259162,175.03400671532614,174.13637452240022,32.62905499673249,36.59618256490282,FLEXED,1,8.157170896515378,169.23164188755945,161.07447099104408
1129245.3506395,23.636977437797537,30.80303028357701,FLEXED,0,0.8976321929259162,175.03400671532614,174.13637452240022,30.066356538012897,34.745739031097024,FLEXED,1,8.157170896515378,169.23164188755945,161.07447099104408
1129245.631161,15.57377732919309,24.207260990081043,FLEXED,0,0.8976321929259162,175.03400671532614,174.13637452240022,26.638479710172337,32.2484927444505,FLEXED,1,8.157170896515378,169.23164188755945,161.07447099104408
1129245.7064484,14.42080228664695,21.21985933864756,FLEXED,0,0.8976321929259162,175.03400671532614,174.13637452240022,23.62205755636807,29.75528017134385,FLEXED,1,8.157170896515378,169.23164188755945,161.07447099104408
1129245.7687826,12.80783468769239,18.094848623084893,FLEXED,0,0.8976321929259162,175.03400671532614,174.13637452240022,21.701429424863022,26.93147564522976,FLEXED,1,8.157170896515378,169.23164188755945,161.07447099104408
1129245.8400233,16.95079938850206,16.678038225966407,FLEXED,0,0.8976321929259162,175.03400671532614,174.13637452240022,19.237171815059156,24.253099008895095,FLEXED,1,8.157170896515378,169.23164188755945,161.07447099104408
1129245.9255853,18.182300775883768,15.587102893583653,FLEXED,0,0.8976321929259162,175.03400671532614,174.13637452240022,19.397394593243547,22.119306619941227,FLEXED,1,8.157170896515378,169.23164188755945,161.07447099104408
1129246.0007107,17.18667099747549,15.909681627240133,FLEXED,0,0.8976321929259162,175.03400671532614,174.13637452240022,15.55011825695747,19.901634329298254,FLEXED,1,8.157170896515378,169.23164188755945,161.07447099104408
1129246.0658079,16.12893900561172,16.251308971033087,FLEXED,0,0.8976321929259162,175.03400671532614,174.13637452240022,14.606951537607248,18.098613125546088,FLEXED,1,8.157170896515378,169.23164188755945,161.07447099104408
1129246.1329893,17.35142709091443,17.16002745167749,FLEXED,0,0.8976321929259162,175.03400671532614,174.13637452240022,14.278943716854442,16.614115983944373,FLEXED,1,8.157170896515378,169.23164188755945,161.07447099104408
1129246.1995628,16.192610412840978,17.008389656545276,FLEXED,0,0.8976321929259162,175.03400671532614,174.13637452240022,11.844180829192668,15.135517786771075,FLEXED,1,8.157170896515378,169.23164188755945,161.07447099104408
1129246.2684993,16.812372248108808,16.734403950990288,FLEXED,0,0.8976321929259162,175.03400671532614,174.13637452240022,11.791966793423986,13.614432226807162,FLEXED,1,8.157170896515378,169.23164188755945,161.07447099104408
1129246.3459532,20.64024814458223,17.425119380411637,FLEXED,0,0.8976321929259162,175.03400671532614,174.13637452240022,15.726309861278345,13.649670547671338,FLEXED,1,8.157170896515378,169.23164188755945,161.07447099104408
1129246.4021908,24.93026325099148,19.185384229487585,FLEXED,0,0.8976321929259162,175.03400671532614,174.13637452240022,15.690799209301122,13.866440082010111,FLEXED,1,8.157170896515378,169.23164188755945,161.07447099104408
1129246.4639358,24.30288149358765,20.575675110022228,FLEXED,0,0.8976321929259162,175.03400671532614,174.13637452240022,16.590602345062738,14.328771807651771,FLEXED,1,8.157170896515378,169.23164188755945,161.07447099104408
1129246.5443883,27.30365412199865,22.79788385185376,FLEXED,0,0.8976321929259162,175.03400671532614,174.13637452240022,20.60308605981149,16.080552853775536,FLEXED,1,8.157170896515378,169.23164188755945,161.07447099104408
1129246.6073895,31.61551110702578,25.758511623637155,FLEXED,0,0.8976321929259162,175.03400671532614,174.13637452240022,21.993367206808774,18.120832936452494,FLEXED,1,8.157170896515378,169.23164188755945,161.07447099104408
1129246.6781125,29.031442389562965,27.436750472633303,FLEXED,0,0.8976321929259162,175.03400671532614,174.13637452240022,20.07486732014986,18.990544428226798,FLEXED,1,8.157170896515378,169.23164188755945,161.07447099104408
1129246.7420428,29.572769692037912,28.36525176084259,FLEXED,0,0.8976321929259162,175.03400671532614,174.13637452240022,20.842006239425015,20.020785834251576,FLEXED,1,8.157170896515378,169.23164188755945,161.07447099104408
1129246.8025495,29.25505829258246,29.35568712064155,FLEXED,0,0.8976321929259162,175.03400671532614,174.13637452240022,19.941845978662858,20.691034560971598,FLEXED,1,8.157170896515378,169.23164188755945,161.07447099104408
1129246.860412,27.749030369705153,29.444762370182854,FLEXED,0,0.8976321929259162,175.03400671532614,174.13637452240022,19.893387297030504,20.5490948084154,FLEXED,1,8.157170896515378,169.23164188755945,161.07447099104408
1129246.9239098,26.189070318724696,28.35947421252264,FLEXED,0,0.8976321929259162,175.03400671532614,174.13637452240022,19.637112770789866,20.07784392121162,FLEXED,1,8.157170896515378,169.23164188755945,161.07447099104408
1129246.9916601,23.77262483846412,27.307710702302863,FLEXED,0,0.8976321929259162,175.03400671532614,174.13637452240022,19.533348931280557,19.96954024343776,FLEXED,1,8.157170896515378,169.23164188755945,161.07447099104408
1129247.0544455,22.576629315026434,25.908482626900575,FLEXED,0,0.8976321929259162,175.03400671532614,174.13637452240022,20.190520813625003,19.839243158277757,FLEXED,1,8.157170896515378,169.23164188755945,161.07447099104408
1129247.1151854,22.256916155389014,24.508854199461883,FLEXED,0,0.8976321929259162,175.03400671532614,174.13637452240022,20.22655431620399,19.896184825785983,FLEXED,1,8.157170896515378,169.23164188755945,161.07447099104408
1129247.1864852,22.522691539325685,23.46358643338599,FLEXED,0,0.8976321929259162,175.03400671532614,174.13637452240022,19.991536823346294,19.915814731049142,FLEXED,1,8.157170896515378,169.23164188755945,161.07447099104408
1129247.2490626,22.281842466135327,22.682140862868117,FLEXED,0,0.8976321929259162,175.03400671532614,174.13637452240022,20.1530251215313,20.01899720119743,FLEXED,1,8.157170896515378,169.23164188755945,161.07447099104408
1129247.330003,21.897210232221283,22.30705794161955,FLEXED,0,0.8976321929259162,175.03400671532614,174.13637452240022,20.320112467803256,20.17634990850197,FLEXED,1,8.157170896515378,169.23164188755945,161.07447099104408
1129247.4094267,21.82291077238646,22.156314233091557,FLEXED,0,0.8976321929259162,175.03400671532614,174.13637452240022,20.93682935962592,20.32561161770215,FLEXED,1,8.157170896515378,169.23164188755945,161.07447099104408
1129247.474931,21.57216376924103,22.019363755861956,FLEXED,0,0.8976321929259162,175.03400671532614,174.13637452240022,21.14087380497919,20.508475515457192,FLEXED,1,8.157170896515378,169.23164188755945,161.07447099104408
1129247.5358198,23.040389410060296,22.12290333000888,FLEXED,0,0.8976321929259162,175.03400671532614,174.13637452240022,20.31700770840468,20.57356969246887,FLEXED,1,8.157170896515378,169.23164188755945,161.07447099104408
1129247.5922503,22.237846588911854,22.114104154564185,FLEXED,0,0.8976321929259162,175.03400671532614,174.13637452240022,19.088919092470654,20.36074848665674,FLEXED,1,8.157170896515378,169.23164188755945,161.07447099104408
1129247.6578009,19.521191490418374,21.638900406203604,FLEXED,0,0.8976321929259162,175.03400671532614,174.13637452240022,19.46831708679726,20.19038941045554,FLEXED,1,8.157170896515378,169.23164188755945,161.07447099104408
1129247.7254835,19.070117313923827,21.088341714511078,FLEXED,0,0.8976321929259162,175.03400671532614,174.13637452240022,19.722019011006807,19.947427340731718,FLEXED,1,8.157170896515378,169.23164188755945,161.07447099104408
1129247.7885534,18.348174122613262,20.443543785185522,FLEXED,0,0.8976321929259162,175.03400671532614,174.13637452240022,19.44719170697097,19.608690921130073,FLEXED,1,8.157170896515378,169.23164188755945,161.07447099104408
1129247.8478045,17.665163511509473,19.36849860547536,FLEXED,0,0.8976321929259162,175.03400671532614,174.13637452240022,19.792369585482607,19.50376329654566,FLEXED,1,8.157170896515378,169.23164188755945,161.07447099104408
1129247.9258659,18.087419330798717,18.53841315385273,FLEXED,0,0.8976321929259162,175.03400671532614,174.13637452240022,19.775644035381518,19.64110828512783,FLEXED,1,8.157170896515378,169.23164188755945,161.07447099104408
1129247.9903138,18.354144233391754,18.305003702447404,FLEXED,0,0.8976321929259162,175.03400671532614,174.13637452240022,19.659863636333306,19.67941759503504,FLEXED,1,8.157170896515378,169.23164188755945,161.07447099104408
1129248.0515271,18.63457059158241,18.217894357979123,FLEXED,0,0.8976321929259162,175.03400671532614,174.13637452240022,19.547926235409903,19.644599039915658,FLEXED,1,8.157170896515378,169.23164188755945,161.07447099104408
1129248.1320418,18.463766002835065,18.241012734023478,FLEXED,0,0.8976321929259162,175.03400671532614,174.13637452240022,19.51261457494675,19.65768361351082,FLEXED,1,8.157170896515378,169.23164188755945,161.07447099104408
1129248.1940338,18.61831807597571,18.431643646916733,FLEXED,0,0.8976321929259162,175.03400671532614,174.13637452240022,19.437692853424117,19.586748267099118,FLEXED,1,8.157170896515378,169.23164188755945,161.07447099104408
1129248.2720175,18.727267716277918,18.559613324012574,FLEXED,0,0.8976321929259162,175.03400671532614,174.13637452240022,18.829127692038885,19.39744499843059,FLEXED,1,8.157170896515378,169.23164188755945,161.07447099104408
1129248.336205,18.496274017117784,18.588039280757776,FLEXED,0,0.8976321929259162,175.03400671532614,174.13637452240022,20.462544393571264,19.557981149878184,FLEXED,1,8.157170896515378,169.23164188755945,161.07447099104408
1129248.399272,18.40575124556221,18.54227541155374,FLEXED,0,0.8976321929259162,175.03400671532614,174.13637452240022,21.48839851701928,19.946075606200058,FLEXED,1,8.157170896515378,169.23164188755945,161.07447099104408
1129248.464464,18.182615510657357,18.486045313118197,FLEXED,0,0.8976321929259162,175.03400671532614,174.13637452240022,25.163739893179326,21.076300669846574,FLEXED,1,8.157170896515378,169.23164188755945,161.07447099104408
1129248.5325095,18.06323574882226,18.37502884768751,FLEXED,0,0.8976321929259162,175.03400671532614,174.13637452240022,26.791726879505152,22.54710747506278,FLEXED,1,8.157170896515378,169.23164188755945,161.07447099104408
1129248.5976796,19.984172026547725,18.62640970974147,FLEXED,0,0.8976321929259162,175.03400671532614,174.13637452240022,37.21744780964088,26.22477149858318,FLEXED,1,8.157170896515378,169.23164188755945,161.07447099104408
1129248.675949,20.87650237190617,19.102455380699148,FLEXED,0,0.8976321929259162,175.03400671532614,174.13637452240022,51.32542224343646,32.397347068556215,FLEXED,1,8.157170896515378,169.23164188755945,161.07447099104408
1129248.7589751,20.986263177505325,19.61855776708777,FLEXED,0,0.8976321929259162,175.03400671532614,174.13637452240022,58.159756612828076,39.73161868771798,FLEXED,1,8.157170896515378,169.23164188755945,161.07447099104408
1129248.8204032,21.114011078880882,20.204836880732472,FLEXED,0,0.8976321929259162,175.03400671532614,174.13637452240022,59.47446973533087,46.59376465614829,FLEXED,1,8.157170896515378,169.23164188755945,161.07447099104408
1129248.892967,21.22583784293964,20.837357299555947,FLEXED,0,0.8976321929259162,175.03400671532614,174.13637452240022,64.00041952180662,54.03550318460858,FLEXED,1,8.157170896515378,169.23164188755945,161.07447099104408
1129248.9525729,21.36094616632173,21.112712127510747,FLEXED,0,0.8976321929259162,175.03400671532614,174.13637452240022,70.49596909693923,60.691207442068254,FLEXED,1,8.157170896515378,169.23164188755945,161.07447099104408
1129249.0219178,21.518290087411756,21.241069670611868,FLEXED,0,0.8976321929259162,175.03400671532614,174.13637452240022,71.44858712346075,64.71584041807311,FLEXED,1,8.157170896515378,169.23164188755945,161.07447099104408
1129249.0927254,21.57150873226456,21.35811878156371,FLEXED,0,0.8976321929259162,175.03400671532614,174.13637452240022,76.07174877915189,68.29823885133787,FLEXED,1,8.157170896515378,169.23164188755945,161.07447099104408
1129249.1521373,21.55476508510632,21.446269582808803,FLEXED,0,0.8976321929259162,175.03400671532614,174.13637452240022,76.95634995083606,71.79461489443892,FLEXED,1,8.157170896515378,169.23164188755945,161.07447099104408
1129249.2102768,21.544553563944604,21.510012727009798,FLEXED,0,0.8976321929259162,175.03400671532614,174.13637452240022,76.93766152162031,74.38206329440166,FLEXED,1,8.157170896515378,169.23164188755945,161.07447099104408
1129249.2755065,21.482224590778564,21.53426841190116,FLEXED,0,0.8976321929259162,175.03400671532614,174.13637452240022,77.81070444444354,75.84501036390252,FLEXED,1,8.157170896515378,169.23164188755945,161.07447099104408
1129249.343377,21.44987797308071,21.520585989034952,FLEXED,0,0.8976321929259162,175.03400671532614,174.13637452240022,77.96757364656304,77.14880766852298,FLEXED,1,8.157170896515378,169.23164188755945,161.07447099104408
1129249.4021088,21.334120171071714,21.473108276796385,FLEXED,0,0.8976321929259162,175.03400671532614,174.13637452240022,78.20468279502349,77.5753944716973,FLEXED,1,8.157170896515378,169.23164188755945,161.07447099104408
1129249.4720154,21.207117781761976,21.403578816127514,FLEXED,0,0.8976321929259162,175.03400671532614,174.13637452240022,78.41222529040162,77.86656953961041,FLEXED,1,8.157170896515378,169.23164188755945,161.07447099104408
1129249.5537028,21.162762773306067,21.32722065799981,FLEXED,0,0.8976321929259162,175.03400671532614,174.13637452240022,78.39418289682024,78.15787381465039,FLEXED,1,8.157170896515378,169.23164188755945,161.07447099104408
1129249.6208302,21.13132295058641,21.257040329961377,FLEXED,0,0.8976321929259162,175.03400671532614,174.13637452240022,78.36800311508568,78.2693335487788,FLEXED,1,8.157170896515378,169.23164188755945,161.07447099104408
1129249.6928242,21.056147662193784,21.17829426778399,FLEXED,0,0.8976321929259162,175.03400671532614,174.13637452240022,78.93061754505274,78.46194232847677,FLEXED,1,8.157170896515378,169.23164188755945,161.07447099104408
1129249.7733062,20.93862765785612,21.09919576514087,FLEXED,0,0.8976321929259162,175.03400671532614,174.13637452240022,79.22251848908296,78.66550946728864,FLEXED,1,8.157170896515378,169.23164188755945,161.07447099104408
1129249.8392181,20.867259840512762,21.031224176891026,FLEXED,0,0.8976321929259162,175.03400671532614,174.13637452240022,79.35622442294311,78.85430929379694,FLEXED,1,8.157170896515378,169.23164188755945,161.07447099104408
1129249.9018172,20.985751908531743,20.995822003936162,FLEXED,0,0.8976321929259162,175.03400671532614,174.13637452240022,83.02430403024461,79.78033352048182,FLEXED,1,8.157170896515378,169.23164188755945,161.07447099104408
1129249.9685928,21.179965933860252,21.00555060059093,FLEXED,0,0.8976321929259162,175.03400671532614,174.13637452240022,86.01428620917319,81.30959013929932,FLEXED,1,8.157170896515378,169.23164188755945,161.07447099104408
1129250.0326859,21.377053371727,21.069731742497574,FLEXED,0,0.8976321929259162,175.03400671532614,174.13637452240022,87.2104172333429,82.96555007695736,FLEXED,1,8.157170896515378,169.23164188755945,161.07447099104408
1129250.097408,21.566730600463842,21.19535233101912,FLEXED,0,0.8976321929259162,175.03400671532614,174.13637452240022,96.59530067379146,86.44010651389905,FLEXED,1,8.157170896515378,169.23164188755945,161.07447099104408
1129250.1763628,21.403572149197473,21.302614792756064,FLEXED,0,0.8976321929259162,175.03400671532614,174.13637452240022,103.10117751462799,91.18909713223603,FLEXED,1,8.157170896515378,169.23164188755945,161.07447099104408
1129250.2533005,21.313276668858038,21.36811974482132,FLEXED,0,0.8976321929259162,175.03400671532614,174.13637452240022,103.32249825395954,95.24873597697902,FLEXED,1,8.157170896515378,169.23164188755945,161.07447099104408
1129250.3319265,21.693029877135107,21.47073253347629,FLEXED,0,0.8976321929259162,175.03400671532614,174.13637452240022,112.6900177410789,100.58388228336017,FLEXED,1,8.157170896515378,169.23164188755945,161.07447099104408
1129250.3997508,21.949422381711017,21.585206335473096,FLEXED,0,0.8976321929259162,175.03400671532614,174.13637452240022,123.15472818059163,107.7727444728099,FLEXED,1,8.157170896515378,169.23164188755945,161.07447099104408
1129250.4724062,22.363797804003738,21.744619776181075,FLEXED,0,0.8976321929259162,175.03400671532614,174.13637452240022,123.574150450161,113.16851442808381,FLEXED,1,8.157170896515378,169.23164188755945,161.07447099104408
1129250.5556056,22.49388231213909,21.962681808769396,FLEXED,0,0.8976321929259162,175.03400671532614,174.13637452240022,130.07763033456223,118.56380499207066,FLEXED,1,8.157170896515378,169.23164188755945,161.07447099104408
1129250.6459654,23.189017665893406,22.33783000817647,FLEXED,0,0.8976321929259162,175.03400671532614,174.13637452240022,138.8669046957689,125.67268628043254,FLEXED,1,8.157170896515378,169.23164188755945,161.07447099104408
1129250.7333765,23.60527781844538,22.720279596438523,FLEXED,0,0.8976321929259162,175.03400671532614,174.13637452240022,146.74785537953494,132.48425380812373,FLEXED,1,8.157170896515378,169.23164188755945,161.07447099104408
1129250.8070946,24.058494329342114,23.142093985964745,FLEXED,0,0.8976321929259162,175.03400671532614,174.13637452240022,146.75591532458523,137.20449123692248,FLEXED,1,8.157170896515378,169.23164188755945,161.07447099104408
1129250.8811299,24.58621738117652,23.586577901399302,FLEXED,0,0.8976321929259162,175.03400671532614,174.13637452240022,154.01706768761358,143.29307468441297,FLEXED,1,8.157170896515378,169.23164188755945,161.07447099104408
1129250.9734723,24.994158578157307,24.086633154602946,FLEXED,0,0.8976321929259162,175.03400671532614,174.13637452240022,157.12262193188147,148.70207300387682,FLEXED,1,8.157170896515378,169.23164188755945,161.07447099104408
1129251.2219316,25.895189304707564,24.62786748236578,FLEXED,0,0.8976321929259162,175.03400671532614,174.13637452240022,163.50451339201922,153.6295947431269,FLEXED,1,8.157170896515378,169.23164188755945,161.07447099104408
1129251.2983274,25.877123772798587,25.08223667323642,FLEXED,0,0.8976321929259162,175.03400671532614,174.13637452240022,164.22269754055563,157.12456317533102,FLEXED,1,8.157170896515378,169.23164188755945,161.07447099104408
1129251.3619569,25.59787400721505,25.390112608811005,FLEXED,0,0.8976321929259162,175.03400671532614,174.13637452240022,165.17349386441737,160.80807888329747,EXTENDED,2,8.157170896515378,169.23164188755945,161.07447099104408
1129251.4408582,25.683677005002586,25.60960453357622,FLEXED,0,0.8976321929259162,175.03400671532614,174.13637452240022,163.61993259038476,162.72865186385167,EXTENDED,2,8.157170896515378,169.23164188755945,161.07447099104408
1129251.5235231,25.815908704827887,25.773954558910333,FLEXED,0,0.8976321929259162,175.03400671532614,174.13637452240022,164.43082882496466,164.19029324246833,EXTENDED,2,8.157170896515378,169.23164188755945,161.07447099104408
1129251.6065829,25.613331697620172,25.717583037492858,FLEXED,0,0.8976321929259162,175.03400671532614,174.13637452240022,165.97703949069356,164.68479846220322,EXTENDED,2,8.157170896515378,169.23164188755945,161.07447099104408
1129251.6883301,25.563444112273846,25.65484710538791,FLEXED,0,0.8976321929259162,175.03400671532614,174.13637452240022,166.76762890521096,165.19378473513424,EXTENDED,2,8.157170896515378,169.23164188755945,161.07447099104408
1129251.7825248,25.262937177289633,25.587859739402823,FLEXED,0,0.8976321929259162,175.03400671532614,174.13637452240022,166.74019275190744,165.5071245126323,EXTENDED,2,8.157170896515378,169.23164188755945,161.07447099104408
1129251.8870975,25.045864331399017,25.46029720468211,FLEXED,0,0.8976321929259162,175.03400671532614,174.13637452240022,166.49438665075465,166.08201532470625,EXTENDED,2,8.157170896515378,169.23164188755945,161.07447099104408
1129251.9769371,24.922066221856806,25.281528708087897,FLEXED,0,0.8976321929259162,175.03400671532614,174.13637452240022,166.90766232212033,166.5773820241374,EXTENDED,2,8.157170896515378,169.23164188755945,161.07447099104408
1129252.0555738,24.70510635447247,25.09988363945836,FLEXED,0,0.8976321929259162,175.03400671532614,174.13637452240022,166.51603440379878,166.68518100675846,EXTENDED,2,8.157170896515378,169.23164188755945,161.07447099104408
1129252.1283374,24.575757802892994,24.902346377582184,FLEXED,0,0.8976321929259162,175.03400671532614,174.13637452240022,166.35175392849078,166.6020060114144,EXTENDED,2,8.157170896515378,169.23164188755945,161.07447099104408
1129252.2070945,24.40031662991818,24.729822268107892,FLEXED,0,0.8976321929259162,175.03400671532614,174.13637452240022,166.62213573682905,166.5783946083987,EXTENDED,2,8.157170896515378,169.23164188755945,161.07447099104408
1129252.2820996,24.025578859910738,24.525765173810235,FLEXED,0,0.8976321929259162,175.03400671532614,174.13637452240022,166.25440756395932,166.53039879103966,EXTENDED,2,8.157170896515378,169.23164188755945,161.07447099104408
1129252.3587811,23.649182347546418,24.27118839894816,FLEXED,0,0.8976321929259162,175.03400671532614,174.13637452240022,166.02464807253295,166.3537959411222,EXTENDED,2,8.157170896515378,169.23164188755945,161.07447099104408
1129252.4454107,23.595402237803768,24.04924757561442,FLEXED,0,0.8976321929259162,175.03400671532614,174.13637452240022,165.80203628455402,166.2109963172732,EXTENDED,2,8.157170896515378,169.23164188755945,161.07447099104408
1129252.5305192,23.593060637118192,23.85270814245946,FLEXED,0,0.8976321929259162,175.03400671532614,174.13637452240022,165.53024089035935,166.04669370964695,EXTENDED,2,8.157170896515378,169.23164188755945,161.07447099104408
1129252.6226846,23.629883638555143,23.69862154418685,FLEXED,0,0.8976321929259162,175.03400671532614,174.13637452240022,163.997716937019,165.52180994968495,EXTENDED,2,8.157170896515378,169.23164188755945,161.07447099104408
1129252.7042635,23.647228507604463,23.6229514737256,FLEXED,0,0.8976321929259162,175.03400671532614,174.13637452240022,163.80510177752458,165.03194879239797,EXTENDED,2,8.157170896515378,169.23164188755945,161.07447099104408
1129252.7877436,23.665084082669825,23.62613182075028,FLEXED,0,0.8976321929259162,175.03400671532614,174.13637452240022,163.49221395405866,164.52546196870313,EXTENDED,2,8.157170896515378,169.23164188755945,161.07447099104408
1129252.8665885,23.634010563717183,23.63385348593296,FLEXED,0,0.8976321929259162,175.03400671532614,174.13637452240022,163.31514141741457,164.02808299527524,EXTENDED,2,8.157170896515378,169.23164188755945,161.07447099104408
1129252.9436973,23.4142423206143,23.598089822632183,FLEXED,0,0.8976321929259162,175.03400671532614,174.13637452240022,163.6584626461794,163.65372734643924,EXTENDED,2,8.157170896515378,169.23164188755945,161.07447099104408
1129253.0105652,23.369853719142508,23.54608383874966,FLEXED,0,0.8976321929259162,175.03400671532614,174.13637452240022,164.58765257222313,163.77171447348005,EXTENDED,2,8.157170896515378,169.23164188755945,161.07447099104408
1129253.0786531,23.438584789615273,23.50435509515182,FLEXED,0,0.8976321929259162,175.03400671532614,174.13637452240022,164.56683782340048,163.92406168265524,EXTENDED,2,8.157170896515378,169.23164188755945,161.07447099104408
1129253.1520192,23.497507557333652,23.470839790084582,FLEXED,0,0.8976321929259162,175.03400671532614,174.13637452240022,164.5795742254652,164.14153373693654,EXTENDED,2,8.157170896515378,169.23164188755945,161.07447099104408
1129253.2272931,23.413870595539446,23.426811796449037,FLEXED,0,0.8976321929259162,175.03400671532614,174.13637452240022,164.73640247085072,164.42578594762378,EXTENDED,2,8.157170896515378,169.23164188755945,161.07447099104408
1129253.3078776,22.34485868757549,23.212935069841272,FLEXED,0,0.8976321929259162,175.03400671532614,174.13637452240022,164.91075100971918,164.67624362033175,EXTENDED,2,8.157170896515378,169.23164188755945,161.07447099104408
1129253.3902955,22.227081974039134,22.984380720820603,FLEXED,0,0.8976321929259162,175.03400671532614,174.13637452240022,164.23213132878377,164.60513937164387,EXTENDED,2,8.157170896515378,169.23164188755945,161.07447099104408
1129253.4673876,20.315582851975396,22.359780333292626,FLEXED,0,0.8976321929259162,175.03400671532614,174.13637452240022,163.39822138343604,164.371416083651,EXTENDED,2,8.157170896515378,169.23164188755945,161.07447099104408
1129253.5471277,21.385693089999858,21.937417439825865,FLEXED,0,0.8976321929259162,175.03400671532614,174.13637452240022,163.23975073710366,164.10345138597867,EXTENDED,2,8.157170896515378,169.23164188755945,161.07447099104408
1129253.6365469,22.332178987844422,21.72107911828686,FLEXED,0,0.8976321929259162,175.03400671532614,174.13637452240022,162.7627751318784,163.7087259181842,EXTENDED,2,8.157170896515378,169.23164188755945,161.07447099104408
1129253.7134626,22.25623373109717,21.703354126991197,FLEXED,0,0.8976321929259162,175.03400671532614,174.13637452240022,163.4037772015395,163.40733115654825,EXTENDED,2,8.157170896515378,169.23164188755945,161.07447099104408
1129253.7918518,22.430342737929635,21.744006279769295,FLEXED,0,0.8976321929259162,175.03400671532614,174.13637452240022,162.77604975661578,163.11611484211465,EXTENDED,2,8.157170896515378,169.23164188755945,161.07447099104408
1129253.8744193,22.536520177732363,22.18819374492069,FLEXED,0,0.8976321929259162,175.03400671532614,174.13637452240022,162.16379011283323,162.8692285879941,EXTENDED,2,8.157170896515378,169.23164188755945,161.07447099104408
1129253.968966,22.85907416252385,22.48286995942549,FLEXED,0,0.8976321929259162,175.03400671532614,174.13637452240022,161.64261199358856,162.5498008392911,EXTENDED,2,8.157170896515378,169.23164188755945,161.07447099104408
1129254.0493814,23.043284664685636,22.62509109479373,FLEXED,0,0.8976321929259162,175.03400671532614,174.13637452240022,160.1387498026728,162.02499577344997,EXTENDED,2,8.157170896515378,169.23164188755945,161.07447099104408
1129254.1306717,23.049285271911632,22.78370140295662,FLEXED,0,0.8976321929259162,175.03400671532614,174.13637452240022,159.35506797606888,161.21525392835585,EXTENDED,2,8.157170896515378,169.23164188755945,161.07447099104408
1129254.2097176,22.699339008150503,22.837500657000795,FLEXED,0,0.8976321929259162,175.03400671532614,174.13637452240022,158.72266342525992,160.40457666208468,EXTENDED,2,8.157170896515378,169.23164188755945,161.07447099104408
1129254.3041395,22.385179438240577,22.807232509102437,FLEXED,0,0.8976321929259162,175.03400671532614,174.13637452240022,158.6329510487066,159.69840884925935,EXTENDED,2,8.157170896515378,169.23164188755945,161.07447099104408
1129254.3877316,21.770495913533374,22.589516859304346,FLEXED,0,0.8976321929259162,175.03400671532614,174.13637452240022,154.39444802229318,158.2487760550003,EXTENDED,2,8.157170896515378,169.23164188755945,161.07447099104408
1129254.4661978,20.61659081820869,22.104178090008958,FLEXED,0,0.8976321929259162,175.03400671532614,174.13637452240022,149.95381332272078,156.21178875900986,EXTENDED,2,8.157170896515378,169.23164188755945,161.07447099104408
1129254.5531409,20.788249605855796,21.65197095679779,FLEXED,0,0.8976321929259162,175.03400671532614,174.13637452240022,147.78413097942376,153.89760135968086,EXTENDED,2,8.157170896515378,169.23164188755945,161.07447099104408
1129254.6209039,20.151765154132352,21.142456185994156,FLEXED,0,0.8976321929259162,175.03400671532614,174.13637452240022,141.60401778932453,150.47387223249376,EXTENDED,2,8.157170896515378,169.23164188755945,161.07447099104408
1129254.6994503,19.80936135905157,20.627292570156357,FLEXED,0,0.8976321929259162,175.03400671532614,174.13637452240022,140.57464334367137,146.86221069148672,EXTENDED,2,8.157170896515378,169.23164188755945,161.07447099104408
1129254.7763027,19.296398001226088,20.1324729876949,FLEXED,0,0.8976321929259162,175.03400671532614,174.13637452240022,133.92511421641277,142.76834393031066,EXTENDED,2,8.157170896515378,169.23164188755945,161.07447099104408
1129254.8505152,20.693738167602007,20.14790245757356,FLEXED,0,0.8976321929259162,175.03400671532614,174.13637452240022,131.05347272825128,138.9882758114167,EXTENDED,2,8.157170896515378,169.23164188755945,161.07447099104408
1129254.9345574,20.34622544843195,20.059497626088792,FLEXED,0,0.8976321929259162,175.03400671532614,174.13637452240022,129.2183145318696,135.2751125219059,EXTENDED,2,8.157170896515378,169.23164188755945,161.07447099104408
1129255.0076448,19.5454695138185,19.938238498026024,FLEXED,0,0.8976321929259162,175.03400671532614,174.13637452240022,118.03304623262235,130.5609182105655,EXTENDED,2,8.157170896515378,169.23164188755945,161.07447099104408
1129255.1068054,19.315474885571806,19.839461203330067,FLEXED,0,0.8976321929259162,175.03400671532614,174.13637452240022,111.26169191731196,124.6983279252936,EXTENDED,2,8.157170896515378,169.23164188755945,161.07447099104408
1129255.1751766,18.225335247911733,19.6252486526672,FLEXED,0,0.8976321929259162,175.03400671532614,174.13637452240022,107.31824098662123,119.3769532793353,EXTENDED,2,8.157170896515378,169.23164188755945,161.07447099104408
1129255.2357668,18.186750719851698,19.123851163117138,FLEXED,0,0.8976321929259162,175.03400671532614,174.13637452240022,104.75777915892989,114.11781456547101,EXTENDED,2,8.157170896515378,169.23164188755945,161.07447099104408
1129255.3023918,18.108229805833492,18.676252034597447,FLEXED,0,0.8976321929259162,175.03400671532614,174.13637452240022,99.31710355816705,108.13757237073051,EXTENDED,2,8.157170896515378,169.23164188755945,161.07447099104408
1129255.3689324,18.088543698251918,18.384866871484128,FLEXED,0,0.8976321929259162,175.03400671532614,174.13637452240022,96.5533125573033,103.8416256356667,EXTENDED,2,8.157170896515378,169.23164188755945,161.07447099104408
1129255.4381693,18.171284864299874,18.156028867229743,FLEXED,0,0.8976321929259162,175.03400671532614,174.13637452240022,96.34485344905245,100.85825794201477,EXTENDED,2,8.157170896515378,169.23164188755945,161.07447099104408
1129255.4963649,16.58060584975485,17.827082987598367,FLEXED,0,0.8976321929259162,175.03400671532614,174.13637452240022,91.42596026701514,97.67980179809356,EXTENDED,2,8.157170896515378,169.23164188755945,161.07447099104408
1129255.5589246,15.63410273451205,17.316553390530437,FLEXED,0,0.8976321929259162,175.03400671532614,174.13637452240022,90.78884370568561,94.8860147074447,EXTENDED,2,8.157170896515378,169.23164188755945,161.07447099104408
1129255.6314374,15.814548439319944,16.85781711722773,FLEXED,0,0.8976321929259162,175.03400671532614,174.13637452240022,89.86569459882315,92.99573291557593,EXTENDED,2,8.157170896515378,169.23164188755945,161.07447099104408
1129255.6986093,15.883123068173065,16.416732991211955,FLEXED,0,0.8976321929259162,175.03400671532614,174.13637452240022,89.31324749047697,91.54771990221067,EXTENDED,2,8.157170896515378,169.23164188755945,161.07447099104408
1129255.7583511,15.667539597256873,15.915983937803356,FLEXED,0,0.8976321929259162,175.03400671532614,174.13637452240022,89.93658495812747,90.26606620402566,EXTENDED,2,8.157170896515378,169.23164188755945,161.07447099104408
1129255.8220458,15.45236990310701,15.690336748473788,FLEXED,0,0.8976321929259162,175.03400671532614,174.13637452240022,89.99084939321203,89.97904402926505,EXTENDED,2,8.157170896515378,169.23164188755945,161.07447099104408
1129255.8797397,15.353724777343265,15.634261157040033,FLEXED,0,0.8976321929259162,175.03400671532614,174.13637452240022,89.89588002100939,89.80045129232981,EXTENDED,2,8.157170896515378,169.23164188755945,161.07447099104408
1129255.9479657,15.32330998184307,15.53601346554466,FLEXED,0,0.8976321929259162,175.03400671532614,174.13637452240022,89.89749579485715,89.8068115315366,EXTENDED,2,8.157170896515378,169.23164188755945,161.07447099104408
1129256.0172083,15.485789425426189,15.456546736995282,FLEXED,0,0.8976321929259162,175.03400671532614,174.13637452240022,89.96999455386056,89.93816094421332,EXTENDED,2,8.157170896515378,169.23164188755945,161.07447099104408
1129256.0767727,15.700217752490934,15.463082368042095,FLEXED,0,0.8976321929259162,175.03400671532614,174.13637452240022,89.91143775640148,89.93313150386811,EXTENDED,2,8.157170896515378,169.23164188755945,161.07447099104408
1129256.1442706,15.60779399514656,15.494167186450005,FLEXED,0,0.8976321929259162,175.03400671532614,174.13637452240022,89.98124757142993,89.9312111395117,EXTENDED,2,8.157170896515378,169.23164188755945,161.07447099104408
1129256.2129213,15.577121794847141,15.53884658995078,FLEXED,0,0.8976321929259162,175.03400671532614,174.13637452240022,89.95402497962016,89.94284013123385,EXTENDED,2,8.157170896515378,169.23164188755945,161.07447099104408
1129256.2790841,16.056441377558123,15.685472869093791,FLEXED,0,0.8976321929259162,175.03400671532614,174.13637452240022,89.98357982369471,89.96005693700137,EXTENDED,2,8.157170896515378,169.23164188755945,161.07447099104408
1129256.3450545,16.27322665449951,15.842960314908453,FLEXED,0,0.8976321929259162,175.03400671532614,174.13637452240022,90.00157604240913,89.96637323471109,EXTENDED,2,8.157170896515378,169.23164188755945,161.07447099104408
1129256.4121662,16.38842849764104,15.980602463938476,FLEXED,0,0.8976321929259162,175.03400671532614,174.13637452240022,89.66088297692419,89.91626227881562,EXTENDED,2,8.157170896515378,169.23164188755945,161.07447099104408
1129256.4840067,16.29914661506765,16.118872987922693,FLEXED,0,0.8976321929259162,175.03400671532614,174.13637452240022,86.9552920082385,89.31107116617734,EXTENDED,2,8.157170896515378,169.23164188755945,161.07447099104408
1129256.5464298,16.481961004970895,16.299840829947446,FLEXED,0,0.8976321929259162,175.03400671532614,174.13637452240022,76.82958474061817,86.68618311837695,EXTENDED,2,8.157170896515378,169.23164188755945,161.07447099104408
1129256.9748595,15.210505844379764,16.130653723311774,FLEXED,0,0.8976321929259162,175.03400671532614,174.13637452240022,39.364112449487116,76.56228964353542,EXTENDED,2,8.157170896515378,169.23164188755945,161.07447099104408
1129257.0512145,14.618700067174775,15.799748405846824,FLEXED,0,0.8976321929259162,175.03400671532614,174.13637452240022,33.148977927408204,65.19177002053524,EXTENDED,2,8.157170896515378,169.23164188755945,161.07447099104408
1129257.1237684,14.822154673296932,15.486493640978003,FLEXED,0,0.8976321929259162,175.03400671532614,174.13637452240022,32.19071881730356,53.69773718861111,FLEXED,2,8.157170896515378,169.23164188755945,161.07447099104408
1129257.2048253,14.776963541710195,15.182057026306513,FLEXED,0,0.8976321929259162,175.03400671532614,174.13637452240022,29.13663790887149,42.13400636873771,FLEXED,2,8.157170896515378,169.23164188755945,161.07447099104408
1129257.2797669,15.084489792693708,14.902562783851076,FLEXED,0,0.8976321929259162,175.03400671532614,174.13637452240022,28.598057097503393,32.487700840114755,FLEXED,2,8.157170896515378,169.23164188755945,161.07447099104408
1129257.3430218,15.015352515739657,14.863532118123056,FLEXED,0,0.8976321929259162,175.03400671532614,174.13637452240022,25.925388261454753,29.79995600250828,FLEXED,2,8.157170896515378,169.23164188755945,161.07447099104408
1129257.4145862,13.964665883127374,14.732725281313572,FLEXED,0,0.8976321929259162,175.03400671532614,174.13637452240022,21.800354112565234,27.530231239539688,FLEXED,2,8.157170896515378,169.23164188755945,161.07447099104408
1129257.4963722,13.816570906796821,14.531608528013553,FLEXED,0,0.8976321929259162,175.03400671532614,174.13637452240022,19.442076543774103,24.980502784833796,FLEXED,2,8.157170896515378,169.23164188755945,161.07447099104408
1129257.5678793,13.290021620401808,14.234220143751873,FLEXED,0,0.8976321929259162,175.03400671532614,174.13637452240022,18.467592496188963,22.84669370229729,FLEXED,2,8.157170896515378,169.23164188755945,161.07447099104408
1129257.6330744,12.984309168975482,13.814184019008229,FLEXED,0,0.8976321929259162,175.03400671532614,174.13637452240022,17.44856289274485,20.616794861345582,FLEXED,2,8.157170896515378,169.23164188755945,161.07447099104408
1129257.6930633,12.688663966457502,13.348846309151796,FLEXED,0,0.8976321929259162,175.03400671532614,174.13637452240022,12.834018825882701,17.998520974231173,FLEXED,2,8.157170896515378,169.23164188755945,161.07447099104408
1129257.7704816,12.529156070970188,13.06174434672036,FLEXED,0,0.8976321929259162,175.03400671532614,174.13637452240022,11.60711811711928,15.959873775141977,FLEXED,2,8.157170896515378,169.23164188755945,161.07447099104408
1129257.8339072,12.008827689626917,12.70019570328638,FLEXED,0,0.8976321929259162,175.03400671532614,174.13637452240022,11.245388447143126,14.320536155815784,FLEXED,2,8.157170896515378,169.23164188755945,161.07447099104408
1129257.8975782,11.987296845302321,12.439650748266482,FLEXED,0,0.8976321929259162,175.03400671532614,174.13637452240022,9.799548790319847,12.586927414641961,FLEXED,2,8.157170896515378,169.23164188755945,161.07447099104408
1129257.9824121,11.983653781283497,12.239519670728086,FLEXED,0,0.8976321929259162,175.03400671532614,174.13637452240022,9.515399656715564,11.000294767436104,FLEXED,2,8.157170896515378,169.23164188755945,161.07447099104408
1129258.0468743,11.983000160200206,12.098386909476625,FLEXED,0,0.8976321929259162,175.03400671532614,174.13637452240022,8.569285059017117,10.147348014062988,FLEXED,2,8.157170896515378,169.23164188755945,161.07447099104408
1129258.1110208,12.518466628265594,12.096249020935705,FLEXED,0,0.8976321929259162,175.03400671532614,174.13637452240022,8.890081066243944,9.60394060388792,FLEXED,2,8.157170896515378,169.23164188755945,161.07447099104408
1129258.1817822,13.091736119769187,12.31283070696416,FLEXED,0,0.8976321929259162,175.03400671532614,174.13637452240022,6.984589205369003,8.751780755533096,FLEXED,2,8.157170896515378,169.23164188755945,161.07447099104408
1129258.2542888,12.621166865694443,12.439604711042586,FLEXED,0,0.8976321929259162,175.03400671532614,174.13637452240022,7.514940355292564,8.29485906852764,FLEXED,2,8.157170896515378,169.23164188755945,161.07447099104408
1129258.3171811,13.738307226528326,12.790535400091551,FLEXED,0,0.8976321929259162,175.03400671532614,174.13637452240022,11.388358206115045,8.669450778407535,FLEXED,2,8.157170896515378,169.23164188755945,161.07447099104408
1129258.3779608,14.287872293441088,13.251509826739726,FLEXED,0,0.8976321929259162,175.03400671532614,174.13637452240022,12.057777909077227,9.367149348419556,FLEXED,2,8.157170896515378,169.23164188755945,161.07447099104408
1129258.4411162,16.798078554255667,14.107432211937743,FLEXED,0,0.8976321929259162,175.03400671532614,174.13637452240022,10.039372373546383,9.597007609880047,FLEXED,2,8.157170896515378,169.23164188755945,161.07447099104408
1129258.5152042,1.0753861393334831,11.704162215850602,FLEXED,0,0.8976321929259162,175.03400671532614,174.13637452240022,1.9531361688496909,8.59071700257618,FLEXED,2,8.157170896515378,169.23164188755945,161.07447099104408
1129258.5718177,10.25390174446306,11.230709191604324,FLEXED,0,0.8976321929259162,175.03400671532614,174.13637452240022,3.377686452687444,7.763266222055158,FLEXED,2,7.763266222055158,169.23164188755945,161.46837566550428
1129258.6541185,12.212562684348084,10.925560283168277,FLEXED,0,0.8976321929259162,175.03400671532614,174.13637452240022,11.449253081963594,7.775445197224869,FLEXED,2,7.763266222055158,169.23164188755945,161.46837566550428
1129258.7427929,9.305767053264729,9.929139235133004,FLEXED,0,0.8976321929259162,175.03400671532614,174.13637452240022,12.050448127232691,7.773979240855961,FLEXED,2,7.763266222055158,169.23164188755945,161.46837566550428
1129258.8025748,10.811586147118733,8.731840753705617,FLEXED,0,0.8976321929259162,175.03400671532614,174.13637452240022,10.99667810840325,7.965440387827334,FLEXED,2,7.763266222055158,169.23164188755945,161.46837566550428
1129258.869585,12.841210029198662,11.085005531678654,FLEXED,0,0.8976321929259162,175.03400671532614,174.13637452240022,11.5005035085036,9.874913855758116,FLEXED,2,7.763266222055158,169.23164188755945,161.46837566550428
1129258.937794,13.254351459366,11.685095474659242,FLEXED,0,0.8976321929259162,175.03400671532614,174.13637452240022,11.838833303156632,11.567143225851954,FLEXED,2,7.763266222055158,169.23164188755945,161.46837566550428
1129259.0057619,12.405622880334118,11.723707513856448,FLEXED,0,0.8976321929259162,175.03400671532614,174.13637452240022,10.506987967751686,11.378690203009572,FLEXED,2,7.763266222055158,169.23164188755945,161.46837566550428
1129259.0747806,12.500570547604038,12.36266821272431,FLEXED,0,0.8976321929259162,175.03400671532614,174.13637452240022,10.098865204115322,10.988373618386097,FLEXED,2,7.763266222055158,169.23164188755945,161.46837566550428
1129259.1474424,13.639085378603967,12.928168059021356,FLEXED,0,0.8976321929259162,175.03400671532614,174.13637452240022,10.176084997649449,10.824254996235336,FLEXED,2,7.763266222055158,169.23164188755945,161.46837566550428
1129259.2196179,12.74050960738245,12.908027974658115,FLEXED,0,0.8976321929259162,175.03400671532614,174.13637452240022,10.718077001790235,10.667769694892664,FLEXED,2,7.763266222055158,169.23164188755945,161.46837566550428
1129259.2882876,12.289887205322302,12.715135123849375,FLEXED,0,0.8976321929259162,175.03400671532614,174.13637452240022,10.281330411448083,10.356269116550955,FLEXED,2,7.763266222055158,169.23164188755945,161.46837566550428
1129259.3568597,12.246558769342425,12.683322301651037,FLEXED,0,0.8976321929259162,175.03400671532614,174.13637452240022,11.014319838212502,10.457735490643119,FLEXED,2,7.763266222055158,169.23164188755945,161.46837566550428
1129259.4311286,12.120079035804263,12.607223999291083,FLEXED,0,0.8976321929259162,175.03400671532614,174.13637452240022,11.098212368824816,10.657604923585016,FLEXED,2,7.763266222055158,169.23164188755945,161.46837566550428
1129259.5021689,12.471550843560765,12.373717092282442,FLEXED,0,0.8976321929259162,175.03400671532614,174.13637452240022,10.951424390979481,10.812672802251024,FLEXED,2,7.763266222055158,169.23164188755945,161.46837566550428
1129259.5753108,12.75726521921345,12.377068214648641,FLEXED,0,0.8976321929259162,175.03400671532614,174.13637452240022,11.159113218790203,10.900880045651018,FLEXED,2,7.763266222055158,169.23164188755945,161.46837566550428
1129259.6582366,12.967300486491984,12.512550870882578,FLEXED,0,0.8976321929259162,175.03400671532614,174.13637452240022,11.568831007465494,11.158380164854501,FLEXED,2,7.763266222055158,169.23164188755945,161.46837566550428
1129259.7292584,14.493706462790591,12.961980409572211,FLEXED,0,0.8976321929259162,175.03400671532614,174.13637452240022,12.086740768799928,11.372864350971984,FLEXED,2,7.763266222055158,169.23164188755945,161.46837566550428
1129259.7995821,24.80894237495045,15.499753077401447,FLEXED,0,0.8976321929259162,175.03400671532614,174.13637452240022,11.97071097264407,11.547364071735837,FLEXED,2,7.763266222055158,169.23164188755945,161.46837566550428
1129259.8643562,30.752593913197217,19.155961691328738,FLEXED,0,0.8976321929259162,175.03400671532614,174.13637452240022,11.681554472250271,11.693390087989993,FLEXED,2,7.763266222055158,169.23164188755945,161.46837566550428
1129259.926678,32.83002576863086,23.17051380121222,FLEXED,0,0.8976321929259162,175.03400671532614,174.13637452240022,11.361687763400349,11.73390499691202,FLEXED,2,7.763266222055158,169.23164188755945,161.46837566550428
1129259.9964611,44.300538437756984,29.437161391465224,FLEXED,0,0.8976321929259162,175.03400671532614,174.13637452240022,12.56027550368389,11.9321938961557,FLEXED,2,7.763266222055158,169.23164188755945,161.46837566550428
1129260.0773522,48.636124098148656,36.265644918536836,FLEXED,0,0.8976321929259162,175.03400671532614,174.13637452240022,13.73942240716181,12.262730223828077,FLEXED,2,7.763266222055158,169.23164188755945,161.46837566550428
1129260.1563586,52.59429330776657,41.82271510510006,FLEXED,0,0.8976321929259162,175.03400671532614,174.13637452240022,14.143905398464337,12.697369108992131,FLEXED,2,7.763266222055158,169.23164188755945,161.46837566550428
1129260.227648,55.380850536204264,46.74836642970147,FLEXED,0,0.8976321929259162,175.03400671532614,174.13637452240022,14.60689535080961,13.282437284703999,FLEXED,2,7.763266222055158,169.23164188755945,161.46837566550428
1129260.3035644,63.42421693056916,52.86720466208912,FLEXED,0,0.8976321929259162,175.03400671532614,174.13637452240022,14.911956110213586,13.992490954066644,FLEXED,2,7.763266222055158,169.23164188755945,161.46837566550428
1129260.3764994,69.67227417001688,57.9415518085411,FLEXED,0,0.8976321929259162,175.03400671532614,174.13637452240022,15.57763282993066,14.595962419316,FLEXED,2,7.763266222055158,169.23164188755945,161.46837566550428
1129260.4474088,70.36692957408408,62.2877129037282,FLEXED,0,0.8976321929259162,175.03400671532614,174.13637452240022,15.88141985403189,15.024361908690016,FLEXED,2,7.763266222055158,169.23164188755945,161.46837566550428
1129260.5161336,74.17296125887677,66.60344649395022,FLEXED,0,0.8976321929259162,175.03400671532614,174.13637452240022,15.657172750935528,15.327015379184255,FLEXED,2,7.763266222055158,169.23164188755945,161.46837566550428
1129260.5976038,77.16650072534814,70.96057653177901,FLEXED,0,0.8976321929259162,175.03400671532614,174.13637452240022,15.886193408471792,15.582874990716693,FLEXED,2,7.763266222055158,169.23164188755945,161.46837566550428
1129260.674782,77.43093763428683,73.76192067252255,FLEXED,0,0.8976321929259162,175.03400671532614,174.13637452240022,15.929423667618288,15.786368502197632,FLEXED,2,7.763266222055158,169.23164188755945,161.46837566550428
1129260.7429475,80.07414166250362,75.8422941710199,FLEXED,0,0.8976321929259162,175.03400671532614,174.13637452240022,15.980672037994358,15.86697634381037,FLEXED,2,7.763266222055158,169.23164188755945,161.46837566550428
1129260.8039936,82.50565664242761,78.27003958468859,FLEXED,0,0.8976321929259162,175.03400671532614,174.13637452240022,15.95497661441693,15.88168769588738,FLEXED,2,7.763266222055158,169.23164188755945,161.46837566550428
1129260.8839669,82.90433213014575,80.01631375894239,FLEXED,0,0.8976321929259162,175.03400671532614,174.13637452240022,15.938024676210768,15.937858080942428,FLEXED,2,7.763266222055158,169.23164188755945,161.46837566550428
1129260.9414457,84.61055403703278,81.50512442127932,FLEXED,0,0.8976321929259162,175.03400671532614,174.13637452240022,15.94021485678727,15.948662370605522,FLEXED,2,7.763266222055158,169.23164188755945,161.46837566550428
1129261.0116128,86.28019131300934,83.27497515702382,FLEXED,0,0.8976321929259162,175.03400671532614,174.13637452240022,15.876737356710168,15.938125108423899,FLEXED,2,7.763266222055158,169.23164188755945,161.46837566550428
1129261.0841314,86.7449848216232,84.60914378884775,FLEXED,0,0.8976321929259162,175.03400671532614,174.13637452240022,15.828959081093567,15.907782517043739,FLEXED,2,7.763266222055158,169.23164188755945,161.46837566550428
1129261.1558806,86.12270653127143,85.3325537666165,FLEXED,0,0.8976321929259162,175.03400671532614,174.13637452240022,15.830985894353656,15.882984373031084,FLEXED,2,7.763266222055158,169.23164188755945,161.46837566550428
1129261.2153623,85.95333730286359,85.94235480116006,FLEXED,0,0.8976321929259162,175.03400671532614,174.13637452240022,15.821570579394724,15.859693553667876,FLEXED,2,7.763266222055158,169.23164188755945,161.46837566550428
1129261.2855525,85.86005000783906,86.19225399532132,FLEXED,0,0.8976321929259162,175.03400671532614,174.13637452240022,15.813904593125336,15.834431500935489,FLEXED,2,7.763266222055158,169.23164188755945,161.46837566550428
1129261.3593559,86.59607198343954,86.25543012940736,FLEXED,0,0.8976321929259162,175.03400671532614,174.13637452240022,15.766630869714087,15.812410203536274,FLEXED,2,7.763266222055158,169.23164188755945,161.46837566550428
1129261.4312427,87.80574567017388,86.4675822991175,FLEXED,0,0.8976321929259162,175.03400671532614,174.13637452240022,15.756443475424097,15.79790708240238,FLEXED,2,7.763266222055158,169.23164188755945,161.46837566550428
1129261.5004903,93.81579878745173,88.00620075035356,FLEXED,0,0.8976321929259162,175.03400671532614,174.13637452240022,15.770020758477255,15.7857140552271,FLEXED,2,7.763266222055158,169.23164188755945,161.46837566550428
1129261.566622,94.93823673327398,89.80318063643564,FLEXED,0,0.8976321929259162,175.03400671532614,174.13637452240022,15.809578857854934,15.78331571091914,FLEXED,2,7.763266222055158,169.23164188755945,161.46837566550428
1129261.6367581,96.29840209167769,91.89085105320336,FLEXED,0,0.8976321929259162,175.03400671532614,174.13637452240022,15.75761349643083,15.772057491580242,FLEXED,2,7.763266222055158,169.23164188755945,161.46837566550428
1129261.6955312,105.210237004133,95.61368405734206,FLEXED,0,0.8976321929259162,175.03400671532614,174.13637452240022,15.461032398161516,15.710937797269725,FLEXED,2,7.763266222055158,169.23164188755945,161.46837566550428
1129261.7605965,106.43797625290694,99.34013017388867,FLEXED,0,0.8976321929259162,175.03400671532614,174.13637452240022,15.431814259538804,15.646011954092666,FLEXED,2,7.763266222055158,169.23164188755945,161.46837566550428
1129261.8199881,114.51812966198723,103.48059634879576,FLEXED,0,0.8976321929259162,175.03400671532614,174.13637452240022,15.949141772507275,15.681836156898672,FLEXED,2,7.763266222055158,169.23164188755945,161.46837566550428
1129261.8966999,118.73964859748331,108.24087872163764,FLEXED,0,0.8976321929259162,175.03400671532614,174.13637452240022,16.74646441657355,15.869213268642394,FLEXED,2,7.763266222055158,169.23164188755945,161.46837566550428
1129261.9707921,119.36861375652617,112.85492105460733,FLEXED,0,0.8976321929259162,175.03400671532614,174.13637452240022,17.024581986115518,16.122606966579333,FLEXED,2,7.763266222055158,169.23164188755945,161.46837566550428
1129262.0346216,134.50292902973726,118.71345945972818,FLEXED,0,0.8976321929259162,175.03400671532614,174.13637452240022,17.150677427985546,16.46053597254414,FLEXED,2,7.763266222055158,169.23164188755945,161.46837566550428
1129262.1007642,139.49333390108566,125.32453098936392,FLEXED,0,0.8976321929259162,175.03400671532614,174.13637452240022,17.20366773049916,16.81490666673621,FLEXED,2,7.763266222055158,169.23164188755945,161.46837566550428
1129262.1723092,140.07658720594688,130.43622249815584,FLEXED,0,0.8976321929259162,175.03400671532614,174.13637452240022,17.335585139523722,17.0921953401395,FLEXED,2,7.763266222055158,169.23164188755945,161.46837566550428
1129262.4953076,152.52162781240355,137.1926183411399,FLEXED,0,0.8976321929259162,175.03400671532614,174.13637452240022,17.38428095944888,17.219758648714567,FLEXED,2,7.763266222055158,169.23164188755945,161.46837566550428
1129262.5681729,157.3130389230275,144.78150337444018,FLEXED,0,0.8976321929259162,175.03400671532614,174.13637452240022,17.49011773469011,17.31286579842948,FLEXED,2,7.763266222055158,169.23164188755945,161.46837566550428
1129262.6414559,158.79739410850044,149.6403963901928,FLEXED,0,0.8976321929259162,175.03400671532614,174.13637452240022,17.17129641891483,17.31698959661534,FLEXED,2,7.763266222055158,169.23164188755945,161.46837566550428
1129262.7380496,159.2324760703039,153.58822482403644,FLEXED,0,0.8976321929259162,175.03400671532614,174.13637452240022,17.00325831290525,17.276907713096556,FLEXED,2,7.763266222055158,169.23164188755945,161.46837566550428
1129262.8241459,161.52629978018666,157.8781673388844,FLEXED,0,0.8976321929259162,175.03400671532614,174.13637452240022,16.90151040418225,17.190092766028265,FLEXED,2,7.763266222055158,169.23164188755945,161.46837566550428
1129262.8898062,162.76196326168437,159.92623442874057,FLEXED,0,0.8976321929259162,175.03400671532614,174.13637452240022,16.44070467598752,17.00137750933599,FLEXED,2,7.763266222055158,169.23164188755945,161.46837566550428
1129262.9631546,162.5689885260537,160.9774243493458,EXTENDED,1,0.8976321929259162,175.03400671532614,174.13637452240022,16.169002608476188,16.737154484093207,FLEXED,2,7.763266222055158,169.23164188755945,161.46837566550428
1129263.0212676,163.6969980729605,161.9573451422378,EXTENDED,1,0.8976321929259162,175.03400671532614,174.13637452240022,16.133110060707885,16.529517212451815,FLEXED,2,7.763266222055158,169.23164188755945,161.46837566550428
1129263.0872445,166.03718633139994,163.318287194457,EXTENDED,1,0.8976321929259162,175.03400671532614,174.13637452240022,15.816227324587551,16.292111014788276,FLEXED,2,7.763266222055158,169.23164188755945,161.46837566550428
1129263.1557173,166.38384521767335,164.28979628195435,EXTENDED,1,0.8976321929259162,175.03400671532614,174.13637452240022,15.769683090694953,16.06574555209082,FLEXED,2,7.763266222055158,169.23164188755945,161.46837566550428
1129263.2240891,166.59207147252727,165.05581792412295,EXTENDED,1,0.8976321929259162,175.03400671532614,174.13637452240022,15.747996898395284,15.92720399657237,FLEXED,2,7.763266222055158,169.23164188755945,161.46837566550428
1129263.2894773,166.61807896778984,165.8656360124702,EXTENDED,1,0.8976321929259162,175.03400671532614,174.13637452240022,15.724667162841705,15.838336907445477,FLEXED,2,7.763266222055158,169.23164188755945,161.46837566550428
1129263.3541466,166.6555702947997,166.45735045683801,EXTENDED,1,0.8976321929259162,175.03400671532614,174.13637452240022,15.740644475656369,15.759843790435173,FLEXED,2,7.763266222055158,169.23164188755945,161.46837566550428
1129263.4202121,167.68616621655195,166.78714643386843,EXTENDED,1,0.8976321929259162,175.03400671532614,174.13637452240022,15.769591785016155,15.750516682520892,FLEXED,2,7.763266222055158,169.23164188755945,161.46837566550428
1129263.486157,167.80985138478633,167.072347667291,EXTENDED,1,0.8976321929259162,175.03400671532614,174.13637452240022,15.814892416663255,15.759558547714553,FLEXED,2,7.763266222055158,169.23164188755945,161.46837566550428
1129263.5490547,167.7640332924489,167.30674003127533,EXTENDED,1,0.8976321929259162,175.03400671532614,174.13637452240022,15.842726309479984,15.778504429931493,FLEXED,2,7.763266222055158,169.23164188755945,161.46837566550428
1129263.615533,167.6270102572669,167.50852628917076,EXTENDED,1,0.8976321929259162,175.03400671532614,174.13637452240022,15.893284047971962,15.812227806957546,FLEXED,2,7.763266222055158,169.23164188755945,161.46837566550428
1129263.6886575,168.05987324927005,167.7893868800648,EXTENDED,1,0.8976321929259162,175.03400671532614,174.13637452240022,15.903012913963034,15.844701494618878,FLEXED,2,7.763266222055158,169.23164188755945,161.46837566550428
1129263.754696,168.3110624508387,167.91436612692218,EXTENDED,1,0.8976321929259162,175.03400671532614,174.13637452240022,15.73824931097433,15.838432999810513,FLEXED,2,7.763266222055158,169.23164188755945,161.46837566550428
1129263.8274347,168.15085796878785,167.98256744372247,EXTENDED,1,0.8976321929259162,175.03400671532614,174.13637452240022,15.536069671044315,15.782668450686725,FLEXED,2,7.763266222055158,169.23164188755945,161.46837566550428
1129263.898858,167.91532942491705,168.0128266702161,EXTENDED,1,0.8976321929259162,175.03400671532614,174.13637452240022,14.846817421550176,15.583486673100762,FLEXED,2,7.763266222055158,169.23164188755945,161.46837566550428
1129263.9646176,167.8740541222029,168.0622354432033,EXTENDED,1,0.8976321929259162,175.03400671532614,174.13637452240022,14.507909096420747,15.30641168279052,FLEXED,2,7.763266222055158,169.23164188755945,161.46837566550428
1129264.0342178,167.79745151283043,168.0097510959154,EXTENDED,1,0.8976321929259162,175.03400671532614,174.13637452240022,14.37389710965168,15.00058852192825,FLEXED,2,7.763266222055158,169.23164188755945,161.46837566550428
1129264.096892,167.37139481561147,167.82181756886993,EXTENDED,1,0.8976321929259162,175.03400671532614,174.13637452240022,14.50111425697637,14.753161511128656,FLEXED,2,7.763266222055158,169.23164188755945,161.46837566550428
1129264.1645949,165.33646315049305,167.25893860521097,EXTENDED,1,0.8976321929259162,175.03400671532614,174.13637452240022,15.090739226368909,14.664095422193578,FLEXED,2,7.763266222055158,169.23164188755945,161.46837566550428
1129264.2276666,163.77299244498903,166.43047120922537,EXTENDED,1,0.8976321929259162,175.03400671532614,174.13637452240022,15.342859413330867,14.763303820549714,FLEXED,2,7.763266222055158,169.23164188755945,161.46837566550428
1129264.2905603,163.34919664685663,165.5254997141561,EXTENDED,1,0.8976321929259162,175.03400671532614,174.13637452240022,15.693001505600828,15.000322302385731,FLEXED,2,7.763266222055158,169.23164188755945,161.46837566550428
1129264.3576847,162.93449549699875,164.5529085109898,EXTENDED,1,0.8976321929259162,175.03400671532614,174.13637452240022,15.516124912743729,15.22876786300414,FLEXED,2,7.763266222055158,169.23164188755945,161.46837566550428
1129264.4236222,161.3428926066399,163.34720806919546,EXTENDED,1,0.8976321929259162,175.03400671532614,174.13637452240022,15.307055187740094,15.389956049156885,FLEXED,2,7.763266222055158,169.23164188755945,161.46837566550428
1129264.4947538,159.87654455827158,162.25522435075118,EXTENDED,1,0.8976321929259162,175.03400671532614,174.13637452240022,15.204040810742928,15.412616366031688,FLEXED,2,7.763266222055158,169.23164188755945,161.46837566550428
1129264.5626701,159.03162342807312,161.306950547368,EXTENDED,1,0.8976321929259162,175.03400671532614,174.13637452240022,14.89816685510646,15.323677854386807,FLEXED,2,7.763266222055158,169.23164188755945,161.46837566550428
1129264.6370902,155.83805835574069,159.8047228891448,EXTENDED,1,0.8976321929259162,175.03400671532614,174.13637452240022,14.694299399352435,15.12393743313713,FLEXED,2,7.763266222055158,169.23164188755945,161.46837566550428
1129264.7050659,150.15395860757883,157.24861551126082,EXTENDED,1,0.8976321929259162,175.03400671532614,174.13637452240022,14.328482292883603,14.886408909165104,FLEXED,2,7.763266222055158,169.23164188755945,161.46837566550428
1129264.7691143,146.23431180709053,154.22689935135094,EXTENDED,1,0.8976321929259162,175.03400671532614,174.13637452240022,14.198452893245488,14.664688450266183,FLEXED,2,7.763266222055158,169.23164188755945,161.46837566550428
1129264.8318775,146.02900817979733,151.4573920756561,EXTENDED,1,0.8976321929259162,175.03400671532614,174.13637452240022,14.066645757152202,14.437209439548036,FLEXED,2,7.763266222055158,169.23164188755945,161.46837566550428
1129264.9042504,145.10624359638706,148.6723161093189,EXTENDED,1,0.8976321929259162,175.03400671532614,174.13637452240022,14.030776760205987,14.263731420567941,FLEXED,2,7.763266222055158,169.23164188755945,161.46837566550428
1129264.9805616,141.45693003910284,145.79609044599133,EXTENDED,1,0.8976321929259162,175.03400671532614,174.13637452240022,14.224516565463796,14.169774853790216,FLEXED,2,7.763266222055158,169.23164188755945,161.46837566550428
1129265.058058,140.66695599836507,143.89868992414856,EXTENDED,1,0.8976321929259162,175.03400671532614,174.13637452240022,14.651264544278252,14.234331304069144,FLEXED,2,7.763266222055158,169.23164188755945,161.46837566550428
1129265.1305499,134.13877113095015,141.47958178892048,EXTENDED,1,0.8976321929259162,175.03400671532614,174.13637452240022,14.413154729755101,14.277271671371068,FLEXED,2,7.763266222055158,169.23164188755945,161.46837566550428
1129265.2086479,128.16065847261424,137.90591184748388,EXTENDED,1,0.8976321929259162,175.03400671532614,174.13637452240022,14.675931595615808,14.399128839063787,FLEXED,2,7.763266222055158,169.23164188755945,161.46837566550428
1129265.2771171,128.51726305633434,134.58811573947332,EXTENDED,1,0.8976321929259162,175.03400671532614,174.13637452240022,15.590172064369948,14.71100789989658,FLEXED,2,7.763266222055158,169.23164188755945,161.46837566550428
1129265.344114,119.4251395733951,130.18175764633176,EXTENDED,1,0.8976321929259162,175.03400671532614,174.13637452240022,16.19668826592848,15.10544223998952,FLEXED,2,7.763266222055158,169.23164188755945,161.46837566550428
1129265.4147729,115.8451093322232,125.2173883131034,EXTENDED,1,0.8976321929259162,175.03400671532614,174.13637452240022,15.978626130804551,15.370914557294777,FLEXED,2,7.763266222055158,169.23164188755945,161.46837566550428
1129265.4967677,115.00700548122643,121.39103518315865,EXTENDED,1,0.8976321929259162,175.03400671532614,174.13637452240022,15.55391237925686,15.59906608719513,FLEXED,2,7.763266222055158,169.23164188755945,161.46837566550428
1129265.5629444,108.18356620955464,117.39561673054675,EXTENDED,1,0.8976321929259162,175.03400671532614,174.13637452240022,15.354694415254489,15.734818651122865,FLEXED,2,7.763266222055158,169.23164188755945,161.46837566550428
1129265.628272,106.29872700395075,112.95190952007002,EXTENDED,1,0.8976321929259162,175.03400671532614,174.13637452240022,14.914046883215292,15.599593614891933,FLEXED,2,7.763266222055158,169.23164188755945,161.46837566550428
1129265.6959334,105.09647026172634,110.08617565773628,EXTENDED,1,0.8976321929259162,175.03400671532614,174.13637452240022,15.02216105131539,15.364688171969316,FLEXED,2,7.763266222055158,169.23164188755945,161.46837566550428
1129265.7731356,100.63319749737383,107.04379329076639,EXTENDED,1,0.8976321929259162,175.03400671532614,174.13637452240022,15.638534991253659,15.296669944059138,FLEXED,2,7.763266222055158,169.23164188755945,161.46837566550428
1129265.8450011,96.19639308195218,103.28167081091155,EXTENDED,1,0.8976321929259162,175.03400671532614,174.13637452240022,16.503267445929538,15.486540957393675,FLEXED,2,7.763266222055158,169.23164188755945,161.46837566550428
1129265.908346,94.00204556680995,100.44536668236262,EXTENDED,1,0.8976321929259162,175.03400671532614,174.13637452240022,16.694520453923623,15.7545061651275,FLEXED,2,7.763266222055158,169.23164188755945,161.46837566550428
1129265.9755496,93.98845550198361,97.98331238196917,EXTENDED,1,0.8976321929259162,175.03400671532614,174.13637452240022,16.964579987170175,16.16461278591848,FLEXED,2,7.763266222055158,169.23164188755945,161.46837566550428
1129266.0658818,93.89875429243857,95.74376918811163,EXTENDED,1,0.8976321929259162,175.03400671532614,174.13637452240022,16.8804146396251,16.536263503580418,FLEXED,2,7.763266222055158,169.23164188755945,161.46837566550428
1129266.1413626,93.99127449359068,94.41538458735499,EXTENDED,1,0.8976321929259162,175.03400671532614,174.13637452240022,16.812878957828993,16.771132296895484,FLEXED,2,7.763266222055158,169.23164188755945,161.46837566550428
1129266.2272006,93.95730448358076,93.96756686768072,EXTENDED,1,0.8976321929259162,175.03400671532614,174.13637452240022,16.86894049887755,16.844266907485085,FLEXED,2,7.763266222055158,169.23164188755945,161.46837566550428
1129266.3045585,94.45458008834771,94.05807377198826,EXTENDED,1,0.8976321929259162,175.03400671532614,174.13637452240022,17.035309188609,16.912424654422164,FLEXED,2,7.763266222055158,169.23164188755945,161.46837566550428
1129266.3837692,94.59583296846861,94.17954926528526,EXTENDED,1,0.8976321929259162,175.03400671532614,174.13637452240022,17.620774833706026,17.043663623729334,FLEXED,2,7.763266222055158,169.23164188755945,161.46837566550428
1129266.5036647,94.35898619512561,94.27159564582267,EXTENDED,1,0.8976321929259162,175.03400671532614,174.13637452240022,17.507603891125562,17.169101474029425,FLEXED,2,7.763266222055158,169.23164188755945,161.46837566550428
1129266.5800437,91.62795499808873,93.79893174672227,EXTENDED,1,0.8976321929259162,175.03400671532614,174.13637452240022,16.699983806429344,17.146522443749497,FLEXED,2,7.763266222055158,169.23164188755945,161.46837566550428
1129266.6466345,90.25594188554845,93.05865922711583,EXTENDED,1,0.8976321929259162,175.03400671532614,174.13637452240022,16.29912314903705,17.0325589737814,FLEXED,2,7.763266222055158,169.23164188755945,161.46837566550428
1129266.7667004,86.87531296300226,91.54280580204673,EXTENDED,1,0.8976321929259162,175.03400671532614,174.13637452240022,16.08369112150667,16.84223536036093,FLEXED,2,7.763266222055158,169.23164188755945,161.46837566550428
1129266.8294694,75.85922809650756,87.79548482765453,EXTENDED,1,0.8976321929259162,175.03400671532614,174.13637452240022,16.08935056461756,16.535950506543237,FLEXED,2,7.763266222055158,169.23164188755945,161.46837566550428
1129266.9059721,69.590293037402,82.84174619610981,EXTENDED,1,0.8976321929259162,175.03400671532614,174.13637452240022,16.052864262604107,16.245002580838946,FLEXED,2,7.763266222055158,169.23164188755945,161.46837566550428
1129266.9689097,68.60638650166833,78.23743249682573,EXTENDED,1,0.8976321929259162,175.03400671532614,174.13637452240022,16.08812894730749,16.122631609014576,FLEXED,2,7.763266222055158,169.23164188755945,161.46837566550428
1129267.0383401,59.0552011104,71.99728434179602,EXTENDED,1,0.8976321929259162,175.03400671532614,174.13637452240022,15.862054380735058,16.035217855354176,FLEXED,2,7.763266222055158,169.23164188755945,161.46837566550428
1129267.1077852,54.762334954177284,65.57468874003104,EXTENDED,1,0.8976321929259162,175.03400671532614,174.13637452240022,15.344446828234938,15.887368996699829,FLEXED,2,7.763266222055158,169.23164188755945,161.46837566550428
1129267.1875276,54.199634195500735,61.24276995982966,EXTENDED,1,0.8976321929259162,175.03400671532614,174.13637452240022,14.982431259349323,15.665985135646185,FLEXED,2,7.763266222055158,169.23164188755945,161.46837566550428
1129267.2529162,44.59442118926512,56.24359559020229,FLEXED,1,0.8976321929259162,175.03400671532614,174.13637452240022,13.018673892874103,15.059147061700182,FLEXED,2,7.763266222055158,169.23164188755945,161.46837566550428
1129267.3222632,38.853572299314855,50.2930327497316,FLEXED,1,0.8976321929259162,175.03400671532614,174.13637452240022,11.213290091923142,14.084179290623315,FLEXED,2,7.763266222055158,169.23164188755945,161.46837566550428
1129267.3781024,38.00513391170643,46.083019309992885,FLEXED,1,0.8976321929259162,175.03400671532614,174.13637452240022,10.616913560947278,13.035151126665758,FLEXED,2,7.763266222055158,169.23164188755945,161.46837566550428
1129267.4392333,28.701423060990216,40.87083693135547,FLEXED,1,0.8976321929259162,175.03400671532614,174.13637452240022,9.815417367637071,11.929345234546181,FLEXED,2,7.763266222055158,169.23164188755945,161.46837566550428
1129267.5040804,20.820596378740955,34.19502936800352,FLEXED,1,0.8976321929259162,175.03400671532614,174.13637452240022,9.304232382636146,10.793705459203547,FLEXED,2,7.763266222055158,169.23164188755945,161.46837566550428
1129267.5715085,19.556433112500876,29.187431752650667,FLEXED,1,0.8976321929259162,175.03400671532614,174.13637452240022,9.066734360321663,10.003317552693058,FLEXED,2,7.763266222055158,169.23164188755945,161.46837566550428
1129267.637567,19.077248218194445,25.232166936426584,FLEXED,1,0.8976321929259162,175.03400671532614,174.13637452240022,9.275353729636935,9.615730280235818,FLEXED,2,7.763266222055158,169.23164188755945,161.46837566550428
1129267.7036094,17.462557752893197,21.12365170466394,FLEXED,1,0.8976321929259162,175.03400671532614,174.13637452240022,9.497962214002083,9.391940010846778,FLEXED,2,7.763266222055158,169.23164188755945,161.46837566550428
1129267.8020436,17.10619834582005,18.804606761629902,FLEXED,1,0.8976321929259162,175.03400671532614,174.13637452240022,9.661927607329604,9.361242058785285,FLEXED,2,7.763266222055158,169.23164188755945,161.46837566550428
1129268.134144,16.23084891834428,17.88665726955057,FLEXED,1,0.8976321929259162,175.03400671532614,174.13637452240022,9.188953540775183,9.338186290413093,FLEXED,2,7.763266222055158,169.23164188755945,161.46837566550428
1129268.2055524,16.279917194576438,17.231354085965684,FLEXED,1,0.8976321929259162,175.03400671532614,174.13637452240022,8.998598149544913,9.324559048257743,FLEXED,2,7.763266222055158,169.23164188755945,161.46837566550428
1129268.273952,16.47502839983919,16.71091012229463,FLEXED,1,0.8976321929259162,175.03400671532614,174.13637452240022,9.176757369128515,9.30483977615606,FLEXED,2,7.763266222055158,169.23164188755945,161.46837566550428
1129268.3432016,16.685220169358097,16.555442605587608,FLEXED,1,0.8976321929259162,175.03400671532614,174.13637452240022,9.165307701657962,9.238308873687236,FLEXED,2,7.763266222055158,169.23164188755945,161.46837566550428
1129268.412724,16.63662343767808,16.461527623959217,FLEXED,1,0.8976321929259162,175.03400671532614,174.13637452240022,8.860547307009375,9.078032813623189,FLEXED,2,7.763266222055158,169.23164188755945,161.46837566550428
1129268.4776497,16.630664780794792,16.541490796449317,FLEXED,1,0.8976321929259162,175.03400671532614,174.13637452240022,8.353941841258779,8.911030473719908,FLEXED,2,7.763266222055158,169.23164188755945,161.46837566550428
1129268.5517449,16.608580323683874,16.607223422270806,FLEXED,1,0.8976321929259162,175.03400671532614,174.13637452240022,8.040842442815554,8.719479332374037,FLEXED,2,7.763266222055158,169.23164188755945,161.46837566550428
1129268.6217957,16.43308221575522,16.59883418545401,FLEXED,1,0.8976321929259162,175.03400671532614,174.13637452240022,8.054848633640665,8.495097585276467,FLEXED,2,7.763266222055158,169.23164188755945,161.46837566550428
1129268.6816464,16.218008513898216,16.505391854362035,FLEXED,1,0.8976321929259162,175.03400671532614,174.13637452240022,8.026380679796915,8.26731218090426,FLEXED,2,7.763266222055158,169.23164188755945,161.46837566550428
1129268.7483778,16.10932171913992,16.399931510654405,FLEXED,1,0.8976321929259162,175.03400671532614,174.13637452240022,7.9995047576968545,8.095103671041754,FLEXED,2,7.763266222055158,169.23164188755945,161.46837566550428
1129268.8148318,15.993712868109093,16.27254112811727,FLEXED,1,0.8976321929259162,175.03400671532614,174.13637452240022,8.342565016979421,8.092828306185883,FLEXED,2,7.763266222055158,169.23164188755945,161.46837566550428
1129268.8854401,15.829594092279061,16.116743881836303,FLEXED,1,0.8976321929259162,175.03400671532614,174.13637452240022,8.380479526834309,8.160755722989633,FLEXED,2,7.763266222055158,169.23164188755945,161.46837566550428
1129268.9549151,15.722399759027875,15.974607390490835,FLEXED,1,0.8976321929259162,175.03400671532614,174.13637452240022,8.419623252880783,8.233710646837656,FLEXED,2,7.763266222055158,169.23164188755945,161.46837566550428
1129269.0245163,15.554340715561693,15.841873830823527,FLEXED,1,0.8976321929259162,175.03400671532614,174.13637452240022,8.452500398500309,8.318934590578333,FLEXED,2,7.763266222055158,169.23164188755945,161.46837566550428
1129269.0899374,15.439050187601634,15.70781952451587,FLEXED,1,0.8976321929259162,175.03400671532614,174.13637452240022,8.312193908067215,8.381472420652406,FLEXED,2,7.763266222055158,169.23164188755945,161.46837566550428
1129269.1588893,15.345995494494948,15.578276049793041,FLEXED,1,0.8976321929259162,175.03400671532614,174.13637452240022,8.223053282865395,8.357570073829601,FLEXED,2,7.763266222055158,169.23164188755945,161.46837566550428
1129269.2392883,15.234767211831642,15.459310673703559,FLEXED,1,0.8976321929259162,175.03400671532614,174.13637452240022,8.035522157265637,8.28857859991587,FLEXED,2,7.763266222055158,169.23164188755945,161.46837566550428
1129269.3008823,15.529642290218987,15.42075917994178,FLEXED,1,0.8976321929259162,175.03400671532614,174.13637452240022,7.9156634507875,8.187786639497212,FLEXED,2,7.763266222055158,169.23164188755945,161.46837566550428
1129269.3716801,16.828904794740566,15.675671995777554,FLEXED,1,0.8976321929259162,175.03400671532614,174.13637452240022,8.33707076982348,8.164700713761846,FLEXED,2,7.763266222055158,169.23164188755945,161.46837566550428
1129269.4396989,17.377581415200112,16.06337824129725,FLEXED,1,0.8976321929259162,175.03400671532614,174.13637452240022,8.582459064477847,8.218753745043973,FLEXED,2,7.763266222055158,169.23164188755945,161.46837566550428
1129269.5037855,31.22085280271422,19.238349702941104,FLEXED,1,0.8976321929259162,175.03400671532614,174.13637452240022,9.375866022022432,8.44931629287538,FLEXED,2,7.763266222055158,169.23164188755945,161.46837566550428
1129269.5688645,40.00787745490404,24.192971751555586,FLEXED,1,0.8976321929259162,175.03400671532614,174.13637452240022,10.212525760339773,8.884717013490206,FLEXED,2,7.763266222055158,169.23164188755945,161.46837566550428
1129269.632997,41.95902835808035,29.47884896512786,FLEXED,1,0.8976321929259162,175.03400671532614,174.13637452240022,10.739591168519746,9.449502557036656,FLEXED,2,7.763266222055158,169.23164188755945,161.46837566550428
1129269.6908286,55.33651253202206,37.18037051258416,FLEXED,1,0.8976321929259162,175.03400671532614,174.13637452240022,11.395970975248122,10.061282598121585,FLEXED,2,7.763266222055158,169.23164188755945,161.46837566550428
1129269.7855974,62.202200878980086,46.14529440534015,FLEXED,1,0.8976321929259162,175.03400671532614,174.13637452240022,12.166470426257971,10.77808487047761,FLEXED,2,7.763266222055158,169.23164188755945,161.46837566550428
1129269.8478803,63.243487775563956,52.5498213999101,FLEXED,1,0.8976321929259162,175.03400671532614,174.13637452240022,12.507444736991273,11.404400613471378,FLEXED,2,7.763266222055158,169.23164188755945,161.46837566550428
1129269.9119545,73.78508930215605,59.3052637693605,FLEXED,1,0.8976321929259162,175.03400671532614,174.13637452240022,12.689534097496718,11.899802280902767,FLEXED,2,7.763266222055158,169.23164188755945,161.46837566550428
1129269.9744906,77.88704707532285,66.490867512809,FLEXED,1,0.8976321929259162,175.03400671532614,174.13637452240022,12.659522841229421,12.283788615444701,FLEXED,2,7.763266222055158,169.23164188755945,161.46837566550428
1129270.0416051,77.97705856768478,71.01897671994155,FLEXED,1,0.8976321929259162,175.03400671532614,174.13637452240022,12.67482361484131,12.539559143363338,FLEXED,2,7.763266222055158,169.23164188755945,161.46837566550428
1129270.101795,82.29486450681304,75.03750944550814,FLEXED,1,0.8976321929259162,175.03400671532614,174.13637452240022,12.783570498559786,12.662979157823703,FLEXED,2,7.763266222055158,169.23164188755945,161.46837566550428
1129270.1695605,84.73794125445914,79.33640014128717,FLEXED,1,0.8976321929259162,175.03400671532614,174.13637452240022,12.862880675209462,12.734066345467339,FLEXED,2,7.763266222055158,169.23164188755945,161.46837566550428
1129270.2416528,85.09439752865802,81.59826178658757,FLEXED,1,0.8976321929259162,175.03400671532614,174.13637452240022,12.926568841775655,12.781473294323126,FLEXED,2,7.763266222055158,169.23164188755945,161.46837566550428
1129270.3074535,88.18019545589273,83.65689146270154,FLEXED,1,0.8976321929259162,175.03400671532614,174.13637452240022,13.127764504012411,12.875121626879723,FLEXED,2,7.763266222055158,169.23164188755945,161.46837566550428
1129270.3624411,89.32334822437802,85.9261493940402,FLEXED,1,0.8976321929259162,175.03400671532614,174.13637452240022,13.183822761091182,12.976921456129698,FLEXED,2,7.763266222055158,169.23164188755945,161.46837566550428
1129270.4298311,89.45252589455265,87.35768167158811,FLEXED,1,0.8976321929259162,175.03400671532614,174.13637452240022,13.219435597506653,13.064094475919074,FLEXED,2,7.763266222055158,169.23164188755945,161.46837566550428
1129270.4946415,90.41069330127739,88.49223208095177,FLEXED,1,0.8976321929259162,175.03400671532614,174.13637452240022,13.2887612409273,13.149270589062638,FLEXED,2,7.763266222055158,169.23164188755945,161.46837566550428
1129270.578359,90.363883264789,89.54612922817796,FLEXED,1,0.8976321929259162,175.03400671532614,174.13637452240022,13.311119227808964,13.2261806662693,FLEXED,2,7.763266222055158,169.23164188755945,161.46837566550428
1129270.640199,90.29071092387697,89.9682323217748,FLEXED,1,0.8976321929259162,175.03400671532614,174.13637452240022,13.329635661012261,13.266554897669272,FLEXED,2,7.763266222055158,169.23164188755945,161.46837566550428
1129270.7097933,90.2316182194172,90.14988632078264,FLEXED,1,0.8976321929259162,175.03400671532614,174.13637452240022,13.3510610939015,13.300002564231335,FLEXED,2,7.763266222055158,169.23164188755945,161.46837566550428
1129270.7746529,90.25323770445615,90.31002868276335,FLEXED,1,0.8976321929259162,175.03400671532614,174.13637452240022,13.397047529306395,13.335524950591283,FLEXED,2,7.763266222055158,169.23164188755945,161.46837566550428
1129270.844582,90.25041954440746,90.27797393138935,FLEXED,1,0.8976321929259162,175.03400671532614,174.13637452240022,13.42316877952461,13.362406458310748,FLEXED,2,7.763266222055158,169.23164188755945,161.46837566550428
1129270.9145057,90.58601582947584,90.32240044432673,FLEXED,1,0.8976321929259162,175.03400671532614,174.13637452240022,13.433278260678792,13.386838264884712,FLEXED,2,7.763266222055158,169.23164188755945,161.46837566550428
1129270.9785621,90.51785133159514,90.36782852587035,FLEXED,1,0.8976321929259162,175.03400671532614,174.13637452240022,13.477030192768492,13.416317171235956,FLEXED,2,7.763266222055158,169.23164188755945,161.46837566550428
1129271.0359083,90.48595793983868,90.41869646995465,FLEXED,1,0.8976321929259162,175.03400671532614,174.13637452240022,13.500821690195403,13.44626929049474,FLEXED,2,7.763266222055158,169.23164188755945,161.46837566550428
1129271.0962169,91.10432709152623,90.58891434736867,FLEXED,1,0.8976321929259162,175.03400671532614,174.13637452240022,13.549657106925002,13.476791206018458,FLEXED,2,7.763266222055158,169.23164188755945,161.46837566550428
1129271.1605192,91.46732633692993,90.83229570587316,FLEXED,1,0.8976321929259162,175.03400671532614,174.13637452240022,13.59084233642308,13.510325917398154,FLEXED,2,7.763266222055158,169.23164188755945,161.46837566550428
1129271.233019,95.44208221045403,91.8035089820688,FLEXED,1,0.8976321929259162,175.03400671532614,174.13637452240022,13.508961500282028,13.5254625653188,FLEXED,2,7.763266222055158,169.23164188755945,161.46837566550428
1129271.3026625,103.93052614128932,94.48604394400763,FLEXED,1,0.8976321929259162,175.03400671532614,174.13637452240022,13.770319051639573,13.584120337093017,FLEXED,2,7.763266222055158,169.23164188755945,161.46837566550428
1129271.371,109.8931303748195,98.3674784310038,FLEXED,1,0.8976321929259162,175.03400671532614,174.13637452240022,14.153906597338608,13.71473731852166,FLEXED,2,7.763266222055158,169.23164188755945,161.46837566550428
1129271.4433537,111.28781911597956,102.40417683589446,FLEXED,1,0.8976321929259162,175.03400671532614,174.13637452240022,14.369854296056358,13.878776756347929,FLEXED,2,7.763266222055158,169.23164188755945,161.46837566550428
1129271.5012062,120.60273165458942,108.23125789942637,FLEXED,1,0.8976321929259162,175.03400671532614,174.13637452240022,15.232658257654153,14.207139940594143,FLEXED,2,7.763266222055158,169.23164188755945,161.46837566550428
1129271.572888,132.0419597248126,115.5512334022981,FLEXED,1,0.8976321929259162,175.03400671532614,174.13637452240022,15.702625627819833,14.645872766101704,FLEXED,2,7.763266222055158,169.23164188755945,161.46837566550428
1129271.63488,132.56176617778917,121.27748140959804,FLEXED,1,0.8976321929259162,175.03400671532614,174.13637452240022,16.57701368675761,15.207211693125311,FLEXED,2,7.763266222055158,169.23164188755945,161.46837566550428
1129271.7091238,139.2283547100807,127.1445262766503,FLEXED,1,0.8976321929259162,175.03400671532614,174.13637452240022,17.12701647097856,15.801833667853305,FLEXED,2,7.763266222055158,169.23164188755945,161.46837566550428
1129271.7631406,136.9603613815861,132.27903472977158,FLEXED,1,0.8976321929259162,175.03400671532614,174.13637452240022,17.73659189609396,16.475181187860823,FLEXED,2,7.763266222055158,169.23164188755945,161.46837566550428
1129271.8293942,144.8965862949342,137.13780565784054,FLEXED,1,0.8976321929259162,175.03400671532614,174.13637452240022,17.908786239343787,17.01040678419875,FLEXED,2,7.763266222055158,169.23164188755945,161.46837566550428
1129271.8875583,149.61425678068758,140.65226506901553,FLEXED,1,0.8976321929259162,175.03400671532614,174.13637452240022,17.775279954735222,17.42493764958183,FLEXED,2,7.763266222055158,169.23164188755945,161.46837566550428
1129271.9559165,150.0678256795505,144.15347696936783,FLEXED,1,0.8976321929259162,175.03400671532614,174.13637452240022,17.848834950146124,17.67930190225953,FLEXED,2,7.763266222055158,169.23164188755945,161.46837566550428
1129272.0174358,153.01306519784816,146.9104190669213,FLEXED,1,0.8976321929259162,175.03400671532614,174.13637452240022,17.59914712905964,17.77372803387575,FLEXED,2,7.763266222055158,169.23164188755945,161.46837566550428
1129272.0819388,155.99116176653752,150.7165791439116,FLEXED,1,0.8976321929259162,175.03400671532614,174.13637452240022,17.120504660925537,17.650510586842064,FLEXED,2,7.763266222055158,169.23164188755945,161.46837566550428
1129272.1536199,156.42472330664023,153.0222065462528,FLEXED,1,0.8976321929259162,175.03400671532614,174.13637452240022,16.827690800638365,17.434291499100976,FLEXED,2,7.763266222055158,169.23164188755945,161.46837566550428
1129272.2226401,162.44432971595938,155.58822113330717,FLEXED,1,0.8976321929259162,175.03400671532614,174.13637452240022,16.680237756195464,17.215283059393027,FLEXED,2,7.763266222055158,169.23164188755945,161.46837566550428
1129272.2885716,164.04457159654956,158.38357031670697,FLEXED,1,0.8976321929259162,175.03400671532614,174.13637452240022,16.353435764868287,16.916203222337458,FLEXED,2,7.763266222055158,169.23164188755945,161.46837566550428
1129272.3480702,164.4383295321187,160.66862318356107,EXTENDED,2,0.8976321929259162,175.03400671532614,174.13637452240022,16.317257435482766,16.65982528362208,FLEXED,2,7.763266222055158,169.23164188755945,161.46837566550428
1129272.4241949,166.63358074604426,162.7971069794624,EXTENDED,2,0.8976321929259162,175.03400671532614,174.13637452240022,16.365724819493174,16.508869315335613,FLEXED,2,7.763266222055158,169.23164188755945,161.46837566550428
1129272.4895247,168.00524855423234,165.11321202898085,EXTENDED,2,0.8976321929259162,175.03400671532614,174.13637452240022,16.442224322931285,16.431776019794192,FLEXED,2,7.763266222055158,169.23164188755945,161.46837566550428
1129272.5555278,168.5872480394184,166.34179569367265,EXTENDED,2,0.8976321929259162,175.03400671532614,174.13637452240022,16.524751590779047,16.400678786710913,FLEXED,2,7.763266222055158,169.23164188755945,161.46837566550428
1129272.6200518,170.9830292217744,167.72948721871762,EXTENDED,2,0.8976321929259162,175.03400671532614,174.13637452240022,16.57586421320362,16.445164476377975,FLEXED,2,7.763266222055158,169.23164188755945,161.46837566550428
1129272.6801167,171.04663362539048,169.05114803737197,EXTENDED,2,0.8976321929259162,175.03400671532614,174.13637452240022,16.62033051540892,16.50577909236321,FLEXED,2,7.763266222055158,169.23164188755945,161.46837566550428
1129272.7416802,171.75187695311135,170.07480727878539,EXTENDED,2,0.8976321929259162,175.03400671532614,174.13637452240022,16.565065680752678,16.54564726461511,FLEXED,2,7.763266222055158,169.23164188755945,161.46837566550428
1129272.8089245,172.8756982836269,171.0488972246643,EXTENDED,2,0.8976321929259162,175.03400671532614,174.13637452240022,16.60096897621662,16.57739619527218,FLEXED,2,7.763266222055158,169.23164188755945,161.46837566550428
1129272.8788254,172.4650112907327,171.82444987492718,EXTENDED,2,0.8976321929259162,175.03400671532614,174.13637452240022,16.511369199899775,16.574719717096322,FLEXED,2,7.763266222055158,169.23164188755945,161.46837566550428
1129272.9593111,172.48454262831052,172.1247525562344,EXTENDED,2,0.8976321929259162,175.03400671532614,174.13637452240022,16.41769994048435,16.54308686255247,FLEXED,2,7.763266222055158,169.23164188755945,161.46837566550428
1129273.0307173,172.61025825976742,172.43747748310977,EXTENDED,2,0.8976321929259162,175.03400671532614,174.13637452240022,16.269755116551565,16.472971782781,FLEXED,2,7.763266222055158,169.23164188755945,161.46837566550428
1129273.0913187,173.28506789943575,172.74411567237465,EXTENDED,2,0.8976321929259162,175.03400671532614,174.13637452240022,16.100496468892626,16.38005794040899,FLEXED,2,7.763266222055158,169.23164188755945,161.46837566550428
1129273.1530842,173.64826510132522,172.89862903591433,EXTENDED,2,0.8976321929259162,175.03400671532614,174.13637452240022,15.94927277347795,16.249718699861255,FLEXED,2,7.763266222055158,169.23164188755945,161.46837566550428
1129273.2246363,173.565522937984,173.1187313653646,EXTENDED,2,0.8976321929259162,175.03400671532614,174.13637452240022,15.743163780223151,16.096077615925932,FLEXED,2,7.763266222055158,169.23164188755945,161.46837566550428
1129273.2919871,173.89332523257949,173.4004878862184,EXTENDED,2,0.8976321929259162,175.03400671532614,174.13637452240022,15.579622637176586,15.928462155264375,FLEXED,2,7.763266222055158,169.23164188755945,161.46837566550428
1129273.3614375,174.13257023852992,173.70495028197087,EXTENDED,2,0.8976321929259162,175.03400671532614,174.13637452240022,15.487696826586538,15.772050497271369,FLEXED,2,7.763266222055158,169.23164188755945,161.46837566550428
1129273.4327427,174.21000260117333,173.8899372223184,EXTENDED,2,0.8976321929259162,175.03400671532614,174.13637452240022,15.435009451461271,15.6389530937851,FLEXED,2,7.763266222055158,169.23164188755945,161.46837566550428
1129273.7574079,158.98843422133012,170.9579710463194,EXTENDED,2,0.8976321929259162,175.03400671532614,174.13637452240022,15.71039143559465,15.59117682620844,FLEXED,2,7.763266222055158,169.23164188755945,161.46837566550428
1129273.8474988,151.89433574179023,166.62373360708062,EXTENDED,2,0.8976321929259162,175.03400671532614,174.13637452240022,16.46964689826914,15.736473449817638,FLEXED,2,7.763266222055158,169.23164188755945,161.46837566550428
1129273.9618522,145.01732048079603,160.84853265672393,EXTENDED,2,0.8976321929259162,175.03400671532614,174.13637452240022,16.52414894386332,15.925378711154982,FLEXED,2,7.763266222055158,169.23164188755945,161.46837566550428
1129274.0331206,143.71801214543038,154.76562103810403,EXTENDED,2,0.8976321929259162,175.03400671532614,174.13637452240022,16.45436641102522,16.118712628042722,FLEXED,2,7.763266222055158,169.23164188755945,161.46837566550428
1129274.093408,138.80592145732268,147.6848048093339,EXTENDED,2,0.8976321929259162,175.03400671532614,174.13637452240022,16.374888492325006,16.306688436215467,FLEXED,2,7.763266222055158,169.23164188755945,161.46837566550428
1129274.163954,135.92624764195466,143.07236749345878,EXTENDED,2,0.8976321929259162,175.03400671532614,174.13637452240022,15.935482628462566,16.35170667478905,FLEXED,2,7.763266222055158,169.23164188755945,161.46837566550428
1129274.2261715,135.63362092402707,139.82022452990617,EXTENDED,2,0.8976321929259162,175.03400671532614,174.13637452240022,15.661052581909503,16.189987811517124,FLEXED,2,7.763266222055158,169.23164188755945,161.46837566550428
1129274.2983144,124.73613927420976,135.7639882885889,EXTENDED,2,0.8976321929259162,175.03400671532614,174.13637452240022,15.172987991513367,15.919755621047134,FLEXED,2,7.763266222055158,169.23164188755945,161.46837566550428
1129274.367003,118.87714275417423,130.79581441033767,EXTENDED,2,0.8976321929259162,175.03400671532614,174.13637452240022,15.626736081638505,15.75422955516979,FLEXED,2,7.763266222055158,169.23164188755945,161.46837566550428
1129274.4475015,119.7578741232426,126.98620494352164,EXTENDED,2,0.8976321929259162,175.03400671532614,174.13637452240022,15.308497789929266,15.540951414690642,FLEXED,2,7.763266222055158,169.23164188755945,161.46837566550428
1129274.5178367,116.10845939172339,123.02264729347539,EXTENDED,2,0.8976321929259162,175.03400671532614,174.13637452240022,14.963783836422863,15.3466116562827,FLEXED,2,7.763266222055158,169.23164188755945,161.46837566550428
1129274.5957306,107.1206540018841,117.3200539090468,EXTENDED,2,0.8976321929259162,175.03400671532614,174.13637452240022,14.712061049219935,15.15681334974479,FLEXED,2,7.763266222055158,169.23164188755945,161.46837566550428
1129274.6650488,103.22250806827445,113.01732766785976,EXTENDED,2,0.8976321929259162,175.03400671532614,174.13637452240022,15.375554989577562,15.197326749357625,FLEXED,2,7.763266222055158,169.23164188755945,161.46837566550428
1129274.7329577,103.49750823641178,109.94140076430726,EXTENDED,2,0.8976321929259162,175.03400671532614,174.13637452240022,16.04347504407994,15.280674541845915,FLEXED,2,7.763266222055158,169.23164188755945,161.46837566550428
1129274.8181976,98.24957554911478,105.6397410494817,EXTENDED,2,0.8976321929259162,175.03400671532614,174.13637452240022,16.42991062565888,15.504957108991835,FLEXED,2,7.763266222055158,169.23164188755945,161.46837566550428
1129274.8861079,96.85420612806068,101.78889039674917,EXTENDED,2,0.8976321929259162,175.03400671532614,174.13637452240022,16.40386366870764,15.792973075448794,FLEXED,2,7.763266222055158,169.23164188755945,161.46837566550428
1129274.9496556,96.34987454230566,99.63473450483347,EXTENDED,2,0.8976321929259162,175.03400671532614,174.13637452240022,16.496782186704543,16.149917302945717,FLEXED,2,7.763266222055158,169.23164188755945,161.46837566550428
1129275.0179037,95.82026262604853,98.15428541638829,EXTENDED,2,0.8976321929259162,175.03400671532614,174.13637452240022,16.492935580465698,16.37339342112334,FLEXED,2,7.763266222055158,169.23164188755945,161.46837566550428
1129275.0858681,96.1564672790465,96.68607722491522,EXTENDED,2,0.8976321929259162,175.03400671532614,174.13637452240022,16.636372642542817,16.49197294081592,FLEXED,2,7.763266222055158,169.23164188755945,161.46837566550428
1129275.1490752,96.53901269637613,96.3439646543675,EXTENDED,2,0.8976321929259162,175.03400671532614,174.13637452240022,16.668619301082895,16.53971467590072,FLEXED,2,7.763266222055158,169.23164188755945,161.46837566550428
1129275.2041374,96.68859155418126,96.31084173959161,EXTENDED,2,0.8976321929259162,175.03400671532614,174.13637452240022,16.70035314173327,16.599012570505845,FLEXED,2,7.763266222055158,169.23164188755945,161.46837566550428
1129275.2852949,96.85630765726647,96.41212836258379,EXTENDED,2,0.8976321929259162,175.03400671532614,174.13637452240022,16.688814074359,16.637418948036736,FLEXED,2,7.763266222055158,169.23164188755945,161.46837566550428
1129275.3537023,96.87301708051682,96.62267925347744,EXTENDED,2,0.8976321929259162,175.03400671532614,174.13637452240022,16.72937158976143,16.68470614989588,FLEXED,2,7.763266222055158,169.23164188755945,161.46837566550428
1129275.4247932,96.47746971874058,96.68687974141625,EXTENDED,2,0.8976321929259162,175.03400671532614,174.13637452240022,16.754110626872787,16.708253746761876,FLEXED,2,7.763266222055158,169.23164188755945,161.46837566550428
1129275.4886126,94.58754883040005,96.29658696822104,EXTENDED,2,0.8976321929259162,175.03400671532614,174.13637452240022,16.10398858894923,16.595327604335143,FLEXED,2,7.763266222055158,169.23164188755945,161.46837566550428
1129275.5548731,93.73365388338779,95.70559943406235,EXTENDED,2,0.8976321929259162,175.03400671532614,174.13637452240022,15.625076522298714,16.38027228044823,FLEXED,2,7.763266222055158,169.23164188755945,161.46837566550428
1129275.6175285,88.39646540738163,94.01363098408538,EXTENDED,2,0.8976321929259162,175.03400671532614,174.13637452240022,15.560868348708581,16.154683135318148,FLEXED,2,7.763266222055158,169.23164188755945,161.46837566550428
1129275.6989449,78.64071950704911,90.36717146939183,EXTENDED,2,0.8976321929259162,175.03400671532614,174.13637452240022,15.404744151926415,15.889757647751145,FLEXED,2,7.763266222055158,169.23164188755945,161.46837566550428
1129275.7799992,76.38887772834748,86.3494530713132,EXTENDED,2,0.8976321929259162,175.03400671532614,174.13637452240022,15.343924694935277,15.607720461363645,FLEXED,2,7.763266222055158,169.23164188755945,161.46837566550428
1129275.8445235,59.505131554550395,79.33296961614329,EXTENDED,2,0.8976321929259162,175.03400671532614,174.13637452240022,14.673983951091799,15.321719533792157,FLEXED,2,7.763266222055158,169.23164188755945,161.46837566550428
1129275.9110771,41.19824305747661,68.82588745096105,EXTENDED,2,0.8976321929259162,175.03400671532614,174.13637452240022,13.298343305319676,14.856372890396349,FLEXED,2,7.763266222055158,169.23164188755945,161.46837566550428
1129275.9974776,29.353976192059974,57.01738960789671,FLEXED,2,0.8976321929259162,175.03400671532614,174.13637452240022,13.035763804678695,14.351351981590373,FLEXED,2,7.763266222055158,169.23164188755945,161.46837566550428
1129276.0843877,27.53193222158711,46.795632150804316,FLEXED,2,0.8976321929259162,175.03400671532614,174.13637452240022,12.851674609109054,13.840738073026898,FLEXED,2,7.763266222055158,169.23164188755945,161.46837566550428
1129276.1708273,18.88311868643615,35.29448034242205,FLEXED,2,0.8976321929259162,175.03400671532614,174.13637452240022,12.690371383864175,13.31002741081268,FLEXED,2,7.763266222055158,169.23164188755945,161.46837566550428
1129276.2472688,17.221178897306434,26.837689810973256,FLEXED,2,0.8976321929259162,175.03400671532614,174.13637452240022,12.331060135704496,12.841442647735217,FLEXED,2,7.763266222055158,169.23164188755945,161.46837566550428
1129276.3407085,15.425004516903236,21.683042102858582,FLEXED,2,0.8976321929259162,175.03400671532614,174.13637452240022,13.239270796252635,12.829628145921811,FLEXED,2,7.763266222055158,169.23164188755945,161.46837566550428
1129276.4097044,14.307472672492286,18.673741398945044,FLEXED,2,0.8976321929259162,175.03400671532614,174.13637452240022,13.376137642757433,12.897702913537557,FLEXED,2,7.763266222055158,169.23164188755945,161.46837566550428
1129276.49171,10.137405004811015,15.194835955589824,FLEXED,2,0.8976321929259162,175.03400671532614,174.13637452240022,15.73079855038484,13.473527701792715,FLEXED,2,7.763266222055158,169.23164188755945,161.46837566550428
1129276.5553457,12.158398558840421,13.84989193007068,FLEXED,2,0.8976321929259162,175.03400671532614,174.13637452240022,17.894290824647477,14.514311589949376,FLEXED,2,7.763266222055158,169.23164188755945,161.46837566550428
1129276.6309586,13.072617635037364,13.020179677616863,FLEXED,2,0.8976321929259162,175.03400671532614,174.13637452240022,17.622651092328912,15.572629781274259,FLEXED,2,7.763266222055158,169.23164188755945,161.46837566550428
1129276.7133471,16.451314363144487,13.225441646865116,FLEXED,2,0.8976321929259162,175.03400671532614,174.13637452240022,18.25843961629175,16.576463545282085,FLEXED,2,7.763266222055158,169.23164188755945,161.46837566550428
1129276.7841457,19.858638440440533,14.335674800454763,FLEXED,2,0.8976321929259162,175.03400671532614,174.13637452240022,16.098902864830837,17.12101658969676,FLEXED,2,7.763266222055158,169.23164188755945,161.46837566550428
1129276.858447,22.54929360635367,16.818052520763295,FLEXED,2,0.8976321929259162,175.03400671532614,174.13637452240022,15.558434794837039,17.086543838587204,FLEXED,2,7.763266222055158,169.23164188755945,161.46837566550428
1129276.9242708,20.72455232079676,18.531283273154564,FLEXED,2,0.8976321929259162,175.03400671532614,174.13637452240022,16.567845717631833,16.821254817184077,FLEXED,2,7.763266222055158,169.23164188755945,161.46837566550428
1129276.9956162,26.50597935251077,21.217955616649242,FLEXED,2,0.8976321929259162,175.03400671532614,174.13637452240022,15.566239539366446,16.409972506591583,FLEXED,2,7.763266222055158,169.23164188755945,161.46837566550428
1129277.059969,25.22754950575201,22.973202645170748,FLEXED,2,0.8976321929259162,175.03400671532614,174.13637452240022,16.572191448545453,16.07272287304232,FLEXED,2,7.763266222055158,169.23164188755945,161.46837566550428
1129277.1290474,23.81192908668052,23.763860774418745,FLEXED,2,0.8976321929259162,175.03400671532614,174.13637452240022,16.196125785360802,16.092167457148314,FLEXED,2,7.763266222055158,169.23164188755945,161.46837566550428
1129277.1952855,25.086663628893195,24.27133477892665,FLEXED,2,0.8976321929259162,175.03400671532614,174.13637452240022,17.12871456780204,16.406223411741315,FLEXED,2,7.763266222055158,169.23164188755945,161.46837566550428
1129277.2576806,21.57697626224678,24.44181956721666,FLEXED,2,0.8976321929259162,175.03400671532614,174.13637452240022,17.254833365735273,16.543620941362,FLEXED,2,7.763266222055158,169.23164188755945,161.46837566550428
1129277.3266817,18.462572334259107,22.83313816356632,FLEXED,2,0.8976321929259162,175.03400671532614,174.13637452240022,17.312842137895004,16.892941461067714,FLEXED,2,7.763266222055158,169.23164188755945,161.46837566550428
1129277.3955994,20.614089465408593,21.91044615549764,FLEXED,2,0.8976321929259162,175.03400671532614,174.13637452240022,18.68972029070452,17.316447229499527,FLEXED,2,7.763266222055158,169.23164188755945,161.46837566550428
1129277.4515171,19.544815197311866,21.05702337762391,FLEXED,2,0.8976321929259162,175.03400671532614,174.13637452240022,19.695483908350358,18.016318854097438,FLEXED,2,7.763266222055158,169.23164188755945,161.46837566550428
1129277.5199797,19.295131326262307,19.89871691709773,FLEXED,2,0.8976321929259162,175.03400671532614,174.13637452240022,18.60432975577768,18.311441891692567,FLEXED,2,7.763266222055158,169.23164188755945,161.46837566550428
1129277.5794288,24.170618192950904,20.417445303238555,FLEXED,2,0.8976321929259162,175.03400671532614,174.13637452240022,19.096185028937246,18.679712224332963,FLEXED,2,7.763266222055158,169.23164188755945,161.46837566550428
1129277.6505414,27.116236285319243,22.148178093450582,FLEXED,2,0.8976321929259162,175.03400671532614,174.13637452240022,20.689552616303633,19.355054320014688,FLEXED,2,7.763266222055158,169.23164188755945,161.46837566550428
1129277.7138182,26.983505116611113,23.422061223691085,FLEXED,2,0.8976321929259162,175.03400671532614,174.13637452240022,19.91553834849312,19.600217931572406,FLEXED,2,7.763266222055158,169.23164188755945,161.46837566550428
1129277.7721095,28.98547782934063,25.31019375009684,FLEXED,2,0.8976321929259162,175.03400671532614,174.13637452240022,21.864482612839087,20.03401767247015,FLEXED,2,7.763266222055158,169.23164188755945,161.46837566550428
1129277.8332665,25.70671279852254,26.592510044548884,FLEXED,2,0.8976321929259162,175.03400671532614,174.13637452240022,24.14058012611826,21.14126774653827,FLEXED,2,7.763266222055158,169.23164188755945,161.46837566550428
1129277.9107031,25.935098307945033,26.945406067547715,FLEXED,2,0.8976321929259162,175.03400671532614,174.13637452240022,23.84988388699642,22.092007518150105,FLEXED,2,7.763266222055158,169.23164188755945,161.46837566550428
1129277.9775671,23.32937586192871,26.188033982869605,FLEXED,2,0.8976321929259162,175.03400671532614,174.13637452240022,25.1307828621774,22.98025356732486,FLEXED,2,7.763266222055158,169.23164188755945,161.46837566550428
1129278.0499731,22.797902016207942,25.35091336278897,FLEXED,2,0.8976321929259162,175.03400671532614,174.13637452240022,24.68114236129957,23.93337436988615,FLEXED,2,7.763266222055158,169.23164188755945,161.46837566550428
1129278.1032496,31.7851897100238,25.9108557389256,FLEXED,2,0.8976321929259162,175.03400671532614,174.13637452240022,25.640227867592877,24.6885234208369,FLEXED,2,7.763266222055158,169.23164188755945,161.46837566550428
1129278.1632318,37.67491120741875,28.304495420704846,FLEXED,2,0.8976321929259162,175.03400671532614,174.13637452240022,26.356693774964107,25.131746150606073,FLEXED,2,7.763266222055158,169.23164188755945,161.46837566550428
1129278.2233184,40.313748853160185,31.18022552974788,FLEXED,2,0.8976321929259162,175.03400671532614,174.13637452240022,25.81220499156831,25.52421037152045,FLEXED,2,7.763266222055158,169.23164188755945,161.46837566550428
1129278.2867865,44.85372977630518,35.48509631262317,FLEXED,2,0.8976321929259162,175.03400671532614,174.13637452240022,30.013212545200602,26.50069630812509,FLEXED,2,7.763266222055158,169.23164188755945,161.46837566550428
1129278.3565932,45.78646914716529,40.082809738814646,FLEXED,2,0.8976321929259162,175.03400671532614,174.13637452240022,27.174829688733286,26.999433773611837,FLEXED,2,7.763266222055158,169.23164188755945,161.46837566550428
1129278.4296244,48.26664758633857,43.379101314077595,FLEXED,2,0.8976321929259162,175.03400671532614,174.13637452240022,25.753786041344014,27.022145408362064,FLEXED,2,7.763266222055158,169.23164188755945,161.46837566550428
1129278.5027623,43.402169270502604,44.52455292669437,FLEXED,2,0.8976321929259162,175.03400671532614,174.13637452240022,22.856669632021745,26.32214057977359,FLEXED,2,7.763266222055158,169.23164188755945,161.46837566550428
1129278.5671827,43.18527501915745,45.09885815989382,FLEXED,2,0.8976321929259162,175.03400671532614,174.13637452240022,24.076279465605964,25.974955474581122,FLEXED,2,7.763266222055158,169.23164188755945,161.46837566550428
1129278.6326042,40.42279906232806,44.2126720170984,FLEXED,2,0.8976321929259162,175.03400671532614,174.13637452240022,24.42895318720441,24.858103602981885,FLEXED,2,7.763266222055158,169.23164188755945,161.46837566550428
1129278.7076423,39.39057245700752,42.933492679066845,FLEXED,2,0.8976321929259162,175.03400671532614,174.13637452240022,22.671534638060848,23.9574445928474,FLEXED,2,7.763266222055158,169.23164188755945,161.46837566550428
1129278.7814964,40.4027857705848,41.36072031591609,FLEXED,2,0.8976321929259162,175.03400671532614,174.13637452240022,22.237005266374336,23.25408843785346,FLEXED,2,7.763266222055158,169.23164188755945,161.46837566550428
1129278.8465206,40.048996401667104,40.69008574214899,FLEXED,2,0.8976321929259162,175.03400671532614,174.13637452240022,23.643026897630158,23.41135989097514,FLEXED,2,7.763266222055158,169.23164188755945,161.46837566550428
1129278.9097976,37.29368685633279,39.511768109584054,FLEXED,2,0.8976321929259162,175.03400671532614,174.13637452240022,22.60761447367153,23.11762689258826,FLEXED,2,7.763266222055158,169.23164188755945,161.46837566550428
1129278.9668753,37.582276045813735,38.94366350628119,FLEXED,2,0.8976321929259162,175.03400671532614,174.13637452240022,22.738486264055034,22.779533507958384,FLEXED,2,7.763266222055158,169.23164188755945,161.46837566550428
1129279.0584495,38.26563870861984,38.71867675660365,FLEXED,2,0.8976321929259162,175.03400671532614,174.13637452240022,22.458851741830482,22.73699692871231,FLEXED,2,7.763266222055158,169.23164188755945,161.46837566550428
1129279.3868496,38.02031685928094,38.24218297434288,FLEXED,2,0.8976321929259162,175.03400671532614,174.13637452240022,21.07685779775468,22.504967434988377,FLEXED,2,7.763266222055158,169.23164188755945,161.46837566550428
1129279.4686515,39.503829447043735,38.13314958341821,FLEXED,2,0.8976321929259162,175.03400671532614,174.13637452240022,24.138397958191725,22.60404164710069,FLEXED,2,7.763266222055158,169.23164188755945,161.46837566550428
1129279.5568981,38.828027012732086,38.44001761469807,FLEXED,2,0.8976321929259162,175.03400671532614,174.13637452240022,27.13824343023886,23.510167438414154,FLEXED,2,7.763266222055158,169.23164188755945,161.46837566550428
1129279.6164572,40.236720043039846,38.970906414143286,FLEXED,2,0.8976321929259162,175.03400671532614,174.13637452240022,27.962186004813027,24.554907386565752,FLEXED,2,7.763266222055158,169.23164188755945,161.46837566550428
1129279.6832377,41.13525571167482,39.54482981475429,FLEXED,2,0.8976321929259162,175.03400671532614,174.13637452240022,27.16191267428747,25.49551957305715,FLEXED,2,7.763266222055158,169.23164188755945,161.46837566550428
1129279.747669,38.15214871601657,39.57119618610141,FLEXED,2,0.8976321929259162,175.03400671532614,174.13637452240022,26.339595386903,26.548067090886814,FLEXED,2,7.763266222055158,169.23164188755945,161.46837566550428
1129279.8141426,38.67454020167068,39.405338337026805,FLEXED,2,0.8976321929259162,175.03400671532614,174.13637452240022,28.03427922303343,27.327243343855155,FLEXED,2,7.763266222055158,169.23164188755945,161.46837566550428
1129279.8732516,37.813481784891096,39.2024292914586,FLEXED,2,0.8976321929259162,175.03400671532614,174.13637452240022,27.366215344420176,27.372837726691422,FLEXED,2,7.763266222055158,169.23164188755945,161.46837566550428
1129279.9294774,37.921446864447795,38.73937465574019,FLEXED,2,0.8976321929259162,175.03400671532614,174.13637452240022,26.754107123411103,27.13122195041104,FLEXED,2,7.763266222055158,169.23164188755945,161.46837566550428
1129279.9957917,35.586132112814134,37.62954993596806,FLEXED,2,0.8976321929259162,175.03400671532614,174.13637452240022,26.893334993458755,27.077506414245295,FLEXED,2,7.763266222055158,169.23164188755945,161.46837566550428
