timestamp,left_raw_left_shoulder,left_smoothed_left_shoulder,left_state,left_repetitions,left_rom_min,left_rom_max,left_rom,right_raw_right_shoulder,right_smoothed_right_shoulder,right_state,right_repetitions,right_rom_min,right_rom_max,right_rom
1128997.37045,23.65448249599299,23.65448249599299,UNKNOWN,0,23.65448249599299,23.65448249599299,0.0,11.002370068311938,,UNKNOWN,0,,,
1128997.5523805,13.060937725804267,18.35771011089863,UNKNOWN,0,18.35771011089863,23.65448249599299,5.296772385094361,8.995847495236399,,UNKNOWN,0,,,
1128997.6340727,10.72263505445528,15.81268509208418,UNKNOWN,0,15.81268509208418,23.65448249599299,7.84179740390881,7.790629832536679,,UNKNOWN,0,,,
1128997.7170289,10.670676999533706,14.527183068946561,UNKNOWN,0,14.527183068946561,23.65448249599299,9.12729942704643,7.698933129043067,,UNKNOWN,0,,,
1128997.7875504,11.248734672103007,13.87149338957785,UNKNOWN,0,13.87149338957785,23.65448249599299,9.78298910641514,7.112296903949995,,UNKNOWN,0,,,
1128997.867961,11.244491413691163,11.389495173117485,UNKNOWN,0,11.389495173117485,23.65448249599299,12.264987322875506,6.652090227707876,,UNKNOWN,0,,,
1128997.9702118,9.91864848397588,10.761037324751808,UNKNOWN,0,10.761037324751808,23.65448249599299,12.893445171241183,5.118455588022331,,UNKNOWN,0,,,
1128998.0727981,11.307563571616901,10.878023028184131,UNKNOWN,0,10.761037324751808,23.65448249599299,12.893445171241183,3.22596859795536,,UNKNOWN,0,,,
1128998.1432113,11.113756616646404,10.966638951606672,UNKNOWN,0,10.761037324751808,23.65448249599299,12.893445171241183,3.2325789852236433,,UNKNOWN,0,,,
1128998.2108575,11.685128084512803,11.05391763408863,UNKNOWN,0,10.761037324751808,23.65448249599299,12.893445171241183,2.6291914635446654,,UNKNOWN,0,,,
1128998.2791415,11.473595351054142,11.099738421561227,UNKNOWN,0,10.761037324751808,23.65448249599299,12.893445171241183,3.4795637845321132,,UNKNOWN,0,,,
1128998.3590885,11.42331344155881,11.400671413077813,UNKNOWN,0,10.761037324751808,23.65448249599299,12.893445171241183,4.119570494613702,,UNKNOWN,0,,,
1128998.4309358,10.940407299756025,11.327240158705637,UNKNOWN,0,10.761037324751808,23.65448249599299,12.893445171241183,4.491394483553909,,UNKNOWN,0,,,
1128998.5004373,10.60728227849571,11.225945291075497,UNKNOWN,0,10.761037324751808,23.65448249599299,12.893445171241183,4.420031794494696,,UNKNOWN,0,,,
1128998.5686717,10.446923835592475,10.978304441291433,UNKNOWN,0,10.761037324751808,23.65448249599299,12.893445171241183,4.875604532511107,,UNKNOWN,0,,,
1128998.6310162,10.446733967587084,10.772932164598021,UNKNOWN,0,10.761037324751808,23.65448249599299,12.893445171241183,4.668385372137137,,UNKNOWN,0,,,
1128998.6884135,10.566628941788078,10.601595264643873,UNKNOWN,0,10.601595264643873,23.65448249599299,13.052887231349118,4.179599492672905,,UNKNOWN,0,,,
1128998.7572684,10.62627640901308,10.538769086495286,UNKNOWN,0,10.538769086495286,23.65448249599299,13.115713409497705,4.431882311048944,,UNKNOWN,0,,,
1128998.8314369,10.689505728466102,10.555213776489364,UNKNOWN,0,10.538769086495286,23.65448249599299,13.115713409497705,4.681630144842119,,UNKNOWN,0,,,
1128998.9024596,10.751981730717441,10.616225355514356,UNKNOWN,0,10.538769086495286,23.65448249599299,13.115713409497705,4.673362723420355,,UNKNOWN,0,,,
1128998.9649969,10.965555723438118,10.719989706684563,UNKNOWN,0,10.538769086495286,23.65448249599299,13.115713409497705,4.956359827839042,,UNKNOWN,0,,,
1128999.032718,11.034806668288267,10.8136252519846,UNKNOWN,0,10.538769086495286,23.65448249599299,13.115713409497705,4.502860865193375,,UNKNOWN,0,,,
1128999.1135399,11.08534388395309,10.905438746972603,UNKNOWN,0,10.538769086495286,23.65448249599299,13.115713409497705,3.5533764536155172,,UNKNOWN,0,,,
1128999.1985314,10.526184420030884,10.87277448528556,UNKNOWN,0,10.538769086495286,23.65448249599299,13.115713409497705,3.342804734298896,,UNKNOWN,0,,,
1128999.2710143,10.222092356374747,10.766796610417021,UNKNOWN,0,10.538769086495286,23.65448249599299,13.115713409497705,2.0276016926159093,,UNKNOWN,0,,,
1128999.3539984,9.059867574634842,10.385658980656366,UNKNOWN,0,10.385658980656366,23.65448249599299,13.268823515336624,0.7870189303636446,,UNKNOWN,0,,,
1128999.4344948,8.687023902766011,9.916102427551914,UNKNOWN,0,9.916102427551914,23.65448249599299,13.738380068441076,0.4435190760805761,,UNKNOWN,0,,,
1128999.5110956,8.167656516770343,9.332564954115366,UNKNOWN,0,9.332564954115366,23.65448249599299,14.321917541877625,1.9562613701545908,,UNKNOWN,0,,,
1128999.5774029,6.469129274363266,8.521153924981842,UNKNOWN,0,8.521153924981842,23.65448249599299,15.133328571011148,6.809445422904948,,UNKNOWN,0,,,
1128999.6496976,4.7144313883184035,7.419621731370573,UNKNOWN,0,7.419621731370573,23.65448249599299,16.234860764622418,5.908965239209608,,UNKNOWN,0,,,
1128999.7251332,4.534769777591748,6.514602171961954,UNKNOWN,0,6.514602171961954,23.65448249599299,17.139880324031036,13.096024903804727,,UNKNOWN,0,,,
1128999.7854963,7.111557334764431,6.199508858361638,UNKNOWN,0,6.199508858361638,23.65448249599299,17.454973637631355,20.486134476090353,,UNKNOWN,0,,,
1128999.8607855,11.074213663079453,6.7808202876234605,UNKNOWN,0,6.199508858361638,23.65448249599299,17.454973637631355,20.975175462063035,,UNKNOWN,0,,,
1128999.9306424,19.272841623709958,9.341562757492799,UNKNOWN,0,6.199508858361638,23.65448249599299,17.454973637631355,31.031173320495924,,UNKNOWN,0,,,
1128999.9992888,25.790693459016847,13.556815171632488,UNKNOWN,0,6.199508858361638,23.65448249599299,17.454973637631355,21.45576024473626,,UNKNOWN,0,,,
1129000.064721,29.01912310598703,18.453685837311546,UNKNOWN,0,6.199508858361638,23.65448249599299,17.454973637631355,20.33742136251761,,UNKNOWN,0,,,
1129000.1376269,51.42002907696205,27.31538018575107,UNKNOWN,0,6.199508858361638,27.31538018575107,21.115871327389435,6.827376284422519,,UNKNOWN,0,,,
1129000.2085332,58.00489964506411,36.701517382148,UNKNOWN,0,6.199508858361638,36.701517382148,30.50200852378636,4.462633527171336,,UNKNOWN,0,,,
1129000.2728275,54.90178685008274,43.827306427422556,UNKNOWN,0,6.199508858361638,43.827306427422556,37.62779756906092,2.5460368451745636,,UNKNOWN,0,,,
1129000.3405762,51.847957926047386,49.03875932082866,UNKNOWN,0,6.199508858361638,49.03875932082866,42.83925046246702,2.859418336823574,,UNKNOWN,0,,,
1129000.4159454,51.106942886512165,53.45632327693369,UNKNOWN,0,6.199508858361638,53.45632327693369,47.25681441857205,0.845215509305023,,UNKNOWN,0,,,
1129000.4892112,43.59308488593279,51.89093443872785,UNKNOWN,0,6.199508858361638,53.45632327693369,47.25681441857205,3.6188270727279126,,UNKNOWN,0,,,
1129000.5456891,41.51473896773846,48.592902303262704,UNKNOWN,0,6.199508858361638,53.45632327693369,47.25681441857205,4.896885625118113,,UNKNOWN,0,,,
1129000.6123676,43.15891369412868,46.24432767207189,UNKNOWN,0,6.199508858361638,53.45632327693369,47.25681441857205,2.2967075617155293,,UNKNOWN,0,,,
1129000.6826152,45.51302284433641,44.9773406557297,UNKNOWN,0,6.199508858361638,53.45632327693369,47.25681441857205,3.071329751275683,,UNKNOWN,0,,,
1129000.7538177,45.910840419995274,43.93812016242632,UNKNOWN,0,6.199508858361638,53.45632327693369,47.25681441857205,2.750162554033624,,UNKNOWN,0,,,
1129000.8142291,44.3868916695804,44.09688151915584,UNKNOWN,0,6.199508858361638,53.45632327693369,47.25681441857205,2.1480815511721922,,UNKNOWN,0,,,
1129000.8788553,41.15341867065733,44.024617459739616,UNKNOWN,0,6.199508858361638,53.45632327693369,47.25681441857205,1.0204272194077155,,UNKNOWN,0,,,
1129000.9446201,39.10279529145523,43.21339377920493,UNKNOWN,0,6.199508858361638,53.45632327693369,47.25681441857205,1.7950533293138462,,UNKNOWN,0,,,
1129001.0118164,37.496781741031924,41.61014555854403,UNKNOWN,0,6.199508858361638,53.45632327693369,47.25681441857205,1.758253700424477,,UNKNOWN,0,,,
1129001.0764224,36.42099913988845,39.712177302522676,UNKNOWN,0,6.199508858361638,53.45632327693369,47.25681441857205,1.3899013552937678,,UNKNOWN,0,,,
1129001.1475631,33.350848827261906,37.50496873405896,UNKNOWN,0,6.199508858361638,53.45632327693369,47.25681441857205,9.100040556571694,,UNKNOWN,0,,,
1129001.2224097,30.254246058244885,35.32513421157648,UNKNOWN,0,6.199508858361638,53.45632327693369,47.25681441857205,13.154627275950942,,UNKNOWN,0,,,
1129001.2859886,23.683642519579696,32.24130365720138,UNKNOWN,0,6.199508858361638,53.45632327693369,47.25681441857205,15.099623129605634,,UNKNOWN,0,,,
1129001.3532263,20.9771477823007,28.93737686545513,UNKNOWN,0,6.199508858361638,53.45632327693369,47.25681441857205,10.397911772952314,,UNKNOWN,0,,,
1129001.4178042,27.124468172616346,27.078070672000706,UNKNOWN,0,6.199508858361638,53.45632327693369,47.25681441857205,6.773545651759722,,UNKNOWN,0,,,
1129001.4869301,21.96919057143511,24.80173902083535,UNKNOWN,0,6.199508858361638,53.45632327693369,47.25681441857205,78.79006209809377,,UNKNOWN,0,,,
1129001.5620579,18.515050521949554,22.453899913576283,UNKNOWN,0,6.199508858361638,53.45632327693369,47.25681441857205,56.88849372805851,,UNKNOWN,0,,,
1129001.6381579,17.78452964538749,21.27407733873784,UNKNOWN,0,6.199508858361638,53.45632327693369,47.25681441857205,57.973583942937104,,UNKNOWN,0,,,
1129001.7161451,15.309145781483995,20.140476938574498,UNKNOWN,0,6.199508858361638,53.45632327693369,47.25681441857205,24.03281923365397,,UNKNOWN,0,,,
1129001.7802721,15.858554000453493,17.88729410414193,UNKNOWN,0,6.199508858361638,53.45632327693369,47.25681441857205,16.975150917489238,,UNKNOWN,0,,,
1129001.8698305,9.602442570991297,15.413944504053166,UNKNOWN,0,6.199508858361638,53.45632327693369,47.25681441857205,20.32636282126512,,UNKNOWN,0,,,
1129001.9607907,8.652323190592847,13.441399037781826,UNKNOWN,0,6.199508858361638,53.45632327693369,47.25681441857205,18.319198589398386,,UNKNOWN,0,,,
1129002.0619069,4.231732934661474,10.730839695636622,UNKNOWN,0,6.199508858361638,53.45632327693369,47.25681441857205,12.213538082806927,,UNKNOWN,0,,,
1129002.1434816,1.845633729818687,8.03813728530356,UNKNOWN,0,6.199508858361638,53.45632327693369,47.25681441857205,5.536902936787676,,UNKNOWN,0,,,
1129002.2092855,0.33604366417597936,4.933635218048057,UNKNOWN,0,4.933635218048057,53.45632327693369,48.522688058885635,0.7182260078570258,,UNKNOWN,0,,,
1129002.2838681,0.210182312145468,3.0551831662788915,UNKNOWN,0,3.0551831662788915,53.45632327693369,50.401140110654794,0.9326858003965109,,UNKNOWN,0,,,
1129002.3513918,0.7878406633621153,1.4822866608327447,UNKNOWN,0,1.4822866608327447,53.45632327693369,51.974036616100946,2.9989026157490186,,UNKNOWN,0,,,
1129002.4280254,2.7067135032932157,1.177282774559093,UNKNOWN,0,1.177282774559093,53.45632327693369,52.27904050237459,1.7323095521139107,,UNKNOWN,0,,,
1129002.5075528,3.6116652308929833,1.5304890747739524,UNKNOWN,0,1.177282774559093,53.45632327693369,52.27904050237459,1.8966734393273545,,UNKNOWN,0,,,
1129002.5824223,4.986722693711992,2.460624880681155,UNKNOWN,0,1.177282774559093,53.45632327693369,52.27904050237459,3.649418741314169,,UNKNOWN,0,,,
1129002.6538647,5.434980899802873,3.5055845982126357,UNKNOWN,0,1.177282774559093,53.45632327693369,52.27904050237459,3.4576163330138816,,UNKNOWN,0,,,
1129002.7295157,7.038653252031727,4.755747115946558,UNKNOWN,0,1.177282774559093,53.45632327693369,52.27904050237459,5.024404815973746,,UNKNOWN,0,,,
1129002.8126335,8.122655536090031,5.8389355225059205,UNKNOWN,0,1.177282774559093,53.45632327693369,52.27904050237459,5.39789658525178,,UNKNOWN,0,,,
1129002.8867556,8.585353838392217,6.833673244005768,UNKNOWN,0,1.177282774559093,53.45632327693369,52.27904050237459,6.63185259283443,,UNKNOWN,0,,,
1129002.9496777,10.70086836811132,7.976502378885634,UNKNOWN,0,1.177282774559093,53.45632327693369,52.27904050237459,6.672289213241558,,UNKNOWN,0,,,
1129003.0221392,10.73393543151168,9.036293285227396,UNKNOWN,0,1.177282774559093,53.45632327693369,52.27904050237459,7.075344934469694,,UNKNOWN,0,,,
1129003.082654,10.937367851943828,9.816036205209816,UNKNOWN,0,1.177282774559093,53.45632327693369,52.27904050237459,7.41348952106533,,UNKNOWN,0,,,
1129003.1464452,11.402044791264535,10.471914056244717,UNKNOWN,0,1.177282774559093,53.45632327693369,52.27904050237459,8.096609612037385,,UNKNOWN,0,,,
1129003.2036963,12.801272708908256,11.315097830347925,UNKNOWN,0,1.177282774559093,53.45632327693369,52.27904050237459,8.386091057346244,,UNKNOWN,0,,,
1129003.2807639,13.226008579950099,11.82012587271568,UNKNOWN,0,1.177282774559093,53.45632327693369,52.27904050237459,8.54837769450227,,UNKNOWN,0,,,
1129003.3448195,14.2850111172269,12.530341009858724,UNKNOWN,0,1.177282774559093,53.45632327693369,52.27904050237459,9.247359341724483,,UNKNOWN,0,,,
1129003.4076474,14.915944361422595,13.326056311754476,UNKNOWN,0,1.177282774559093,53.45632327693369,52.27904050237459,9.173481230485802,,UNKNOWN,0,,,
1129003.4781616,15.16373539816843,14.078394433135255,UNKNOWN,0,1.177282774559093,53.45632327693369,52.27904050237459,9.561093532367055,,UNKNOWN,0,,,
1129003.5500223,15.344333819895802,14.587006655332766,UNKNOWN,0,1.177282774559093,53.45632327693369,52.27904050237459,10.315450022572069,,UNKNOWN,0,,,
1129003.6087844,15.262996040962788,14.994404147535302,UNKNOWN,0,1.177282774559093,53.45632327693369,52.27904050237459,10.528887678465123,,UNKNOWN,0,,,
1129003.6833847,15.259491326627025,15.189300189415329,UNKNOWN,0,1.177282774559093,53.45632327693369,52.27904050237459,10.678152357707715,,UNKNOWN,0,,,
1129003.7475667,15.281190489265136,15.262349414983834,UNKNOWN,0,1.177282774559093,53.45632327693369,52.27904050237459,10.696988812737366,,UNKNOWN,0,,,
1129003.8096387,15.208755656995036,15.271353466749156,UNKNOWN,0,1.177282774559093,53.45632327693369,52.27904050237459,11.909099135382888,,UNKNOWN,0,,,
1129003.8779062,15.157070788611351,15.233900860492266,UNKNOWN,0,1.177282774559093,53.45632327693369,52.27904050237459,12.458916498198036,,UNKNOWN,0,,,
1129003.9459977,14.4883102346052,15.078963699220747,UNKNOWN,0,1.177282774559093,53.45632327693369,52.27904050237459,11.579898619171168,,UNKNOWN,0,,,
1129004.0147455,10.923526867208187,14.21177080733698,UNKNOWN,0,1.177282774559093,53.45632327693369,52.27904050237459,8.848501901881697,,UNKNOWN,0,,,
1129004.1625169,6.758235347133017,12.507179778910558,UNKNOWN,0,1.177282774559093,53.45632327693369,52.27904050237459,4.741879727081205,,UNKNOWN,0,,,
1129004.2671536,9.895750627062158,11.444578772923983,UNKNOWN,0,1.177282774559093,53.45632327693369,52.27904050237459,4.536726421120663,,UNKNOWN,0,,,
1129004.3527098,44.51980748267003,17.317126111735718,UNKNOWN,0,1.177282774559093,53.45632327693369,52.27904050237459,28.83429927946057,,UNKNOWN,0,,,
1129004.4279629,76.67020040936477,29.753504146687636,UNKNOWN,0,1.177282774559093,53.45632327693369,52.27904050237459,39.354532106034355,,UNKNOWN,0,,,
1129004.5041003,81.89012123804464,43.94682302085492,UNKNOWN,0,1.177282774559093,53.45632327693369,52.27904050237459,46.86015661248729,,UNKNOWN,0,,,
1129004.5895568,81.52986159575384,58.901148270579085,UNKNOWN,0,1.177282774559093,58.901148270579085,57.72386549601999,53.32978726341567,,UNKNOWN,0,,,
1129004.6604955,105.08246399159898,77.93849094348646,UNKNOWN,0,1.177282774559093,77.93849094348646,76.76120816892737,86.47927344086631,,UNKNOWN,0,,,
1129004.7307594,115.8450640706698,92.20354226108643,UNKNOWN,0,1.177282774559093,92.20354226108643,91.02625948652734,30.60185007028167,,UNKNOWN,0,,,
1129004.7896692,120.9511271153799,101.05972760228943,UNKNOWN,0,1.177282774559093,101.05972760228943,99.88244482773034,92.65990143770175,,UNKNOWN,0,,,
1129004.8614272,122.74752044729252,109.231207444139,UNKNOWN,0,1.177282774559093,109.231207444139,108.05392466957991,75.91149708046923,,UNKNOWN,0,,,
1129004.9295692,127.75489358312605,118.47621384161346,UNKNOWN,0,1.177282774559093,118.47621384161346,117.29893106705437,55.73231602896214,,UNKNOWN,0,,,
1129004.9963009,130.12460687330324,123.48464241795429,UNKNOWN,0,1.177282774559093,123.48464241795429,122.3073596433952,138.01159011657563,,UNKNOWN,0,,,
1129005.0646602,133.72378613842042,127.06038683150443,UNKNOWN,0,1.177282774559093,127.06038683150443,125.88310405694534,142.05408483157174,,UNKNOWN,0,,,
1129005.41836,173.81516615788783,137.63319464000602,UNKNOWN,0,1.177282774559093,137.63319464000602,136.45591186544692,5.38189044762429,,UNKNOWN,0,,,
1129005.4983723,172.2737273121599,147.5384360129795,UNKNOWN,0,1.177282774559093,147.5384360129795,146.3611532384204,23.687360598282673,,UNKNOWN,0,,,
1129005.572558,171.24651425095362,156.236760146545,UNKNOWN,0,1.177282774559093,156.236760146545,155.0594773719859,22.496896362912587,,UNKNOWN,0,,,
1129005.6433616,171.4173184044269,164.49530245276975,EXTENDED,0,1.177282774559093,164.49530245276975,163.31801967821065,17.597659799212092,,UNKNOWN,0,,,
1129005.7072695,170.38310419191478,171.8271660634686,EXTENDED,0,1.177282774559093,171.8271660634686,170.6498832889095,14.180209700556103,,UNKNOWN,0,,,
1129005.7681955,170.75225907136667,171.21458464616438,EXTENDED,0,1.177282774559093,171.8271660634686,170.6498832889095,1.8001205897513068,,UNKNOWN,0,,,
1129005.8405334,170.97954606833716,170.95574839739984,EXTENDED,0,1.177282774559093,171.8271660634686,170.6498832889095,8.597887839048784,,UNKNOWN,0,,,
1129005.8991458,170.8509538513477,170.87663631747864,EXTENDED,0,1.177282774559093,171.8271660634686,170.6498832889095,5.777102989125662,,UNKNOWN,0,,,
1129005.9772629,170.88393261752137,170.76995916009756,EXTENDED,0,1.177282774559093,171.8271660634686,170.6498832889095,1.0481687898958338,,UNKNOWN,0,,,
1129006.0438737,170.6682783287148,170.82699398745757,EXTENDED,0,1.177282774559093,171.8271660634686,170.6498832889095,7.026417225598929,,UNKNOWN,0,,,
1129006.1229982,170.92086875108836,170.86071592340187,EXTENDED,0,1.177282774559093,171.8271660634686,170.6498832889095,13.612606366655037,,UNKNOWN,0,,,
1129006.1865663,170.1712239702722,170.6990515037889,EXTENDED,0,1.177282774559093,171.8271660634686,170.6498832889095,12.02488331990035,,UNKNOWN,0,,,
1129006.2589037,169.15566941573465,170.35999461666628,EXTENDED,0,1.177282774559093,171.8271660634686,170.6498832889095,10.52953246161148,,UNKNOWN,0,,,
1129006.3675377,164.80559130089466,169.14432635334094,EXTENDED,0,1.177282774559093,171.8271660634686,170.6498832889095,8.644775903685273,,UNKNOWN,0,,,
1129006.4356026,165.65509785270316,168.14169025813862,EXTENDED,0,1.177282774559093,171.8271660634686,170.6498832889095,5.550731809050778,,UNKNOWN,0,,,
1129006.5011433,166.1794129212652,167.193399092174,EXTENDED,0,1.177282774559093,171.8271660634686,170.6498832889095,4.1124047751847455,,UNKNOWN,0,,,
1129006.6606637,169.0700809512702,166.97317048837357,EXTENDED,0,1.177282774559093,171.8271660634686,170.6498832889095,4.095047532025008,,UNKNOWN,0,,,
1129006.7387965,166.48360887606296,166.43875838043925,EXTENDED,0,1.177282774559093,171.8271660634686,170.6498832889095,5.926652934807595,,UNKNOWN,0,,,
1129006.8176893,162.2430661933423,165.92625335892876,EXTENDED,0,1.177282774559093,171.8271660634686,170.6498832889095,5.824211435849317,,UNKNOWN,0,,,
1129006.8922155,160.56091166110863,164.90741612060987,EXTENDED,0,1.177282774559093,171.8271660634686,170.6498832889095,6.027782707385077,,UNKNOWN,0,,,
1129006.959644,145.67293517043322,160.80612057044348,EXTENDED,0,1.177282774559093,171.8271660634686,170.6498832889095,6.916516389175398,,UNKNOWN,0,,,
1129007.0242853,146.57694052499326,156.30749248518808,EXTENDED,0,1.177282774559093,171.8271660634686,170.6498832889095,6.480586957205581,,UNKNOWN,0,,,
1129007.0871977,143.47545909834412,151.70586252964432,EXTENDED,0,1.177282774559093,171.8271660634686,170.6498832889095,5.088947867697975,,UNKNOWN,0,,,
1129007.240413,159.19334260531605,151.09591781203906,EXTENDED,0,1.177282774559093,171.8271660634686,170.6498832889095,78.49302412241198,,UNKNOWN,0,,,
1129007.4311711,117.81364751619805,142.54646498305692,EXTENDED,0,1.177282774559093,171.8271660634686,170.6498832889095,159.1204529848894,,UNKNOWN,0,,,
1129007.4971964,125.18599479884244,138.44907690873876,EXTENDED,0,1.177282774559093,171.8271660634686,170.6498832889095,134.8844082244848,,UNKNOWN,0,,,
1129007.5588221,119.13305862223336,132.96030052818682,EXTENDED,0,1.177282774559093,171.8271660634686,170.6498832889095,25.327507617701965,,UNKNOWN,0,,,
1129007.6308158,117.42803421948732,127.75081555241545,EXTENDED,0,1.177282774559093,171.8271660634686,170.6498832889095,7.342172131965082,,UNKNOWN,0,,,
1129007.708481,111.40114811390465,118.19237665413316,EXTENDED,0,1.177282774559093,171.8271660634686,170.6498832889095,0.6784700815371278,,UNKNOWN,0,,,
1129007.7731693,109.33333936512412,116.49631502391837,EXTENDED,0,1.177282774559093,171.8271660634686,170.6498832889095,65.51236454324267,,UNKNOWN,0,,,
1129007.8405873,106.26725149806187,112.71256636376226,EXTENDED,0,1.177282774559093,171.8271660634686,170.6498832889095,82.67426814962657,,UNKNOWN,0,,,
1129007.9095928,75.69626918947586,104.02520847721075,EXTENDED,0,1.177282774559093,171.8271660634686,170.6498832889095,55.69893053137318,,UNKNOWN,0,,,
1129007.9692458,65.31890318413997,93.60338227014128,EXTENDED,0,1.177282774559093,171.8271660634686,170.6498832889095,53.644400365867796,,UNKNOWN,0,,,
1129008.0442585,60.65166461750333,83.45348557086103,EXTENDED,0,1.177282774559093,171.8271660634686,170.6498832889095,49.907452736450914,,UNKNOWN,0,,,
1129008.1085833,55.25682859652782,72.63818341714178,EXTENDED,0,1.177282774559093,171.8271660634686,170.6498832889095,47.8472332404327,,UNKNOWN,0,,,
1129008.1818076,42.19126966955266,59.82298705143993,FLEXED,0,1.177282774559093,171.8271660634686,170.6498832889095,34.111616340921884,,UNKNOWN,0,,,
1129008.2460555,41.81788073694864,53.04730936093449,FLEXED,0,1.177282774559093,171.8271660634686,170.6498832889095,33.141921280865766,,UNKNOWN,0,,,
1129008.3214983,22.57579249143576,44.49868722239364,FLEXED,0,1.177282774559093,171.8271660634686,170.6498832889095,13.668483288387657,,UNKNOWN,0,,,
1129008.3940691,15.027420121661619,35.37383832322529,FLEXED,0,1.177282774559093,171.8271660634686,170.6498832889095,2.510874829759495,,UNKNOWN,0,,,
1129008.4669079,1.3611696131753668,24.59470652655481,FLEXED,0,1.177282774559093,171.8271660634686,170.6498832889095,3.536424907230867,,UNKNOWN,0,,,
1129008.5299494,1.8468865887677828,16.525829910397835,FLEXED,0,1.177282774559093,171.8271660634686,170.6498832889095,7.823136581351681,,UNKNOWN,0,,,
1129008.603178,11.777127094460033,10.517679181900112,FLEXED,0,1.177282774559093,171.8271660634686,170.6498832889095,11.37543502218836,,UNKNOWN,0,,,
1129008.6670368,16.48058406017909,9.298637495648778,FLEXED,0,1.177282774559093,171.8271660634686,170.6498832889095,17.045981998680794,,UNKNOWN,0,,,
1129008.7316515,20.09328122442189,10.311809716200832,FLEXED,0,1.177282774559093,171.8271660634686,170.6498832889095,17.09215357784259,,UNKNOWN,0,,,
1129008.79126,20.740294652787142,14.187634724123189,FLEXED,0,1.177282774559093,171.8271660634686,170.6498832889095,17.54328450321617,,UNKNOWN,0,,,
1129008.848743,21.034764901568167,18.025210386683263,FLEXED,0,1.177282774559093,171.8271660634686,170.6498832889095,15.703553464530536,,UNKNOWN,0,,,
1129008.9094118,21.921345241912967,20.054054016173854,FLEXED,0,1.177282774559093,171.8271660634686,170.6498832889095,16.376892758473037,,UNKNOWN,0,,,
1129008.9741561,22.43239322690484,21.244415849519,FLEXED,0,1.177282774559093,171.8271660634686,170.6498832889095,17.922926421286412,,UNKNOWN,0,,,
1129009.0343377,22.67847925436688,21.761455455508,FLEXED,0,1.177282774559093,171.8271660634686,170.6498832889095,18.145182118755677,,UNKNOWN,0,,,
1129009.1087609,23.05309342866425,22.224015210683422,FLEXED,0,1.177282774559093,171.8271660634686,170.6498832889095,18.407207079121385,,UNKNOWN,0,,,
1129009.1774896,23.522044640715052,22.7214711585128,FLEXED,0,1.177282774559093,171.8271660634686,170.6498832889095,18.1098086376266,,UNKNOWN,0,,,
1129009.2523269,23.713964100779116,23.079994930286027,FLEXED,0,1.177282774559093,171.8271660634686,170.6498832889095,18.120220143135644,,UNKNOWN,0,,,
1129009.3249558,23.48916305334346,23.29134889557375,FLEXED,0,1.177282774559093,171.8271660634686,170.6498832889095,17.925927453315605,,UNKNOWN,0,,,
1129009.3975156,23.594837814777662,23.47462060765591,FLEXED,0,1.177282774559093,171.8271660634686,170.6498832889095,17.9365283817661,,UNKNOWN,0,,,
1129009.4759508,23.748853973370444,23.613772716597147,FLEXED,0,1.177282774559093,171.8271660634686,170.6498832889095,17.394972809700946,,UNKNOWN,0,,,
1129009.5469298,23.338264775963573,23.57701674364685,FLEXED,0,1.177282774559093,171.8271660634686,170.6498832889095,17.10444941381656,,UNKNOWN,0,,,
1129009.6048182,23.015144822076888,23.437252887906403,FLEXED,0,1.177282774559093,171.8271660634686,170.6498832889095,17.23217775683002,,UNKNOWN,0,,,
1129009.6726071,22.886505362697054,23.316721349777126,FLEXED,0,1.177282774559093,171.8271660634686,170.6498832889095,17.354650312826397,,UNKNOWN,0,,,
1129009.9566729,22.631966183489077,23.124147023519406,FLEXED,0,1.177282774559093,171.8271660634686,170.6498832889095,16.077737964682484,,UNKNOWN,0,,,
1129010.0243663,22.3229462821432,22.838965485273956,FLEXED,0,1.177282774559093,171.8271660634686,170.6498832889095,14.895349319016017,,UNKNOWN,0,,,
1129010.0823379,22.1317024155464,22.59765301319052,FLEXED,0,1.177282774559093,171.8271660634686,170.6498832889095,14.48693193324943,,UNKNOWN,0,,,
1129010.1454613,21.943894612207206,22.383402971216587,FLEXED,0,1.177282774559093,171.8271660634686,170.6498832889095,14.49569813190593,,UNKNOWN,0,,,
1129010.2152686,20.728013787144246,21.951704656106024,FLEXED,0,1.177282774559093,171.8271660634686,170.6498832889095,13.734389099414038,,UNKNOWN,0,,,
1129010.2838211,18.646751701348563,21.154661759677925,FLEXED,0,1.177282774559093,171.8271660634686,170.6498832889095,11.83352060497565,,UNKNOWN,0,,,
1129010.3480689,10.78881284398886,18.847835072047054,FLEXED,0,1.177282774559093,171.8271660634686,170.6498832889095,9.281562733090073,,UNKNOWN,0,,,
1129010.4194856,4.3435331894602625,15.290201226829828,FLEXED,0,1.177282774559093,171.8271660634686,170.6498832889095,5.712569389449364,,UNKNOWN,0,,,
1129010.4979331,2.8100560645360693,11.4634335172956,FLEXED,0,1.177282774559093,171.8271660634686,170.6498832889095,4.8795808154464915,,UNKNOWN,0,,,
1129010.5695986,0.8589465931007084,7.489620078486892,FLEXED,0,1.177282774559093,171.8271660634686,170.6498832889095,2.895128599784092,,UNKNOWN,0,,,
1129010.6442261,29.872203484933607,9.734710435203901,FLEXED,0,1.177282774559093,171.8271660634686,170.6498832889095,17.91236555495189,,UNKNOWN,0,,,
1129010.7134752,44.86985859970083,16.550919586346293,FLEXED,0,1.177282774559093,171.8271660634686,170.6498832889095,28.668101667368322,,UNKNOWN,0,,,
1129010.787569,61.5993472612408,28.002082400702403,FLEXED,0,1.177282774559093,171.8271660634686,170.6498832889095,44.397044375911804,,UNKNOWN,0,,,
1129010.8551326,69.96184866937487,41.432440921670164,FLEXED,0,1.177282774559093,171.8271660634686,170.6498832889095,41.10842086232432,,UNKNOWN,0,,,
1129010.9164419,70.80349559041085,55.42135072113219,FLEXED,0,1.177282774559093,171.8271660634686,170.6498832889095,42.177872015938206,,UNKNOWN,0,,,
1129010.9850421,77.0232783007701,64.85156568429949,FLEXED,0,1.177282774559093,171.8271660634686,170.6498832889095,50.005191452299044,,UNKNOWN,0,,,
1129011.0570449,95.48123578972393,74.97384112230411,FLEXED,0,1.177282774559093,171.8271660634686,170.6498832889095,92.23470537024258,,UNKNOWN,0,,,
1129011.1312463,106.80884654537566,84.01574097913108,FLEXED,0,1.177282774559093,171.8271660634686,170.6498832889095,101.1233990392341,,UNKNOWN,0,,,
1129011.198047,104.9575096986384,91.0148731849838,FLEXED,0,1.177282774559093,171.8271660634686,170.6498832889095,105.3955237524746,,UNKNOWN,0,,,
1129011.2820728,104.47734476174075,97.74964301924977,FLEXED,0,1.177282774559093,171.8271660634686,170.6498832889095,100.46267300182905,,UNKNOWN,0,,,
1129011.3462987,106.30701381397826,103.6063901218914,FLEXED,0,1.177282774559093,171.8271660634686,170.6498832889095,99.17357160684877,,UNKNOWN,0,,,
1129011.4178541,109.57433412490536,106.42500978892767,FLEXED,0,1.177282774559093,171.8271660634686,170.6498832889095,109.00614862152155,,UNKNOWN,0,,,
1129011.5396875,117.46635489555703,108.55651145896395,FLEXED,0,1.177282774559093,171.8271660634686,170.6498832889095,112.6108580838909,,UNKNOWN,0,,,
1129011.6051597,123.08971761660625,112.18295304255753,FLEXED,0,1.177282774559093,171.8271660634686,170.6498832889095,101.72500642195764,,UNKNOWN,0,,,
1129011.6738648,126.6427086056341,116.6160258113362,FLEXED,0,1.177282774559093,171.8271660634686,170.6498832889095,9.828595054151123,,UNKNOWN,0,,,
1129011.7385231,128.67926159722822,121.09047536798619,FLEXED,0,1.177282774559093,171.8271660634686,170.6498832889095,3.222325511868359,,UNKNOWN,0,,,
1129011.8000063,129.43026302263954,125.06166114753303,FLEXED,0,1.177282774559093,171.8271660634686,170.6498832889095,1.022634509148865,,UNKNOWN,0,,,
1129011.8603731,130.6839350045561,127.70517716933284,FLEXED,0,1.177282774559093,171.8271660634686,170.6498832889095,0.711528408178402,,UNKNOWN,0,,,
1129011.9286,131.76208980224575,129.43965160646076,FLEXED,0,1.177282774559093,171.8271660634686,170.6498832889095,0.6396285746202176,,UNKNOWN,0,,,
1129011.9970788,131.71826881627456,130.45476364858885,FLEXED,0,1.177282774559093,171.8271660634686,170.6498832889095,1.5078848079230494,,UNKNOWN,0,,,
1129012.0670984,130.82629441987058,130.8841702131173,FLEXED,0,1.177282774559093,171.8271660634686,170.6498832889095,0.20068949171497558,,UNKNOWN,0,,,
1129012.1292559,130.7314782235675,131.1444132533029,FLEXED,0,1.177282774559093,171.8271660634686,170.6498832889095,1.2472349722951273,,UNKNOWN,0,,,
1129012.2037672,130.6398367559196,131.1355936035756,FLEXED,0,1.177282774559093,171.8271660634686,170.6498832889095,3.918710389795446,,UNKNOWN,0,,,
1129012.2775333,130.36684304336308,130.85654425179905,FLEXED,0,1.177282774559093,171.8271660634686,170.6498832889095,1.631137884449795,,UNKNOWN,0,,,
1129012.3493129,130.26493148893874,130.5658767863319,FLEXED,0,1.177282774559093,171.8271660634686,170.6498832889095,0.9396175505908734,,UNKNOWN,0,,,
1129012.431522,130.09287421915315,130.41919274618843,FLEXED,0,1.177282774559093,171.8271660634686,170.6498832889095,0.1451170117203241,,UNKNOWN,0,,,
1129012.4995266,129.10681229685557,130.094259560846,FLEXED,0,1.177282774559093,171.8271660634686,170.6498832889095,3.0207183631524455,,UNKNOWN,0,,,
1129012.5715489,128.24494756010756,129.61528172168363,FLEXED,0,1.177282774559093,171.8271660634686,170.6498832889095,12.179651779704438,,UNKNOWN,0,,,
1129012.6409127,125.9477569547127,128.73146450395353,FLEXED,0,1.177282774559093,171.8271660634686,170.6498832889095,36.62733648901352,,UNKNOWN,0,,,
1129012.7036091,122.18398329178427,127.11527486452265,FLEXED,0,1.177282774559093,171.8271660634686,170.6498832889095,114.19071216189907,,UNKNOWN,0,,,
1129012.7650272,120.96629374536404,125.28995876976482,FLEXED,0,1.177282774559093,171.8271660634686,170.6498832889095,113.51353741517413,,UNKNOWN,0,,,
1129012.8286485,117.946714903234,123.05793929104053,FLEXED,0,1.177282774559093,171.8271660634686,170.6498832889095,114.80405936238111,,UNKNOWN,0,,,
1129012.9919324,115.99825472354685,120.60860072372839,FLEXED,0,1.177282774559093,171.8271660634686,170.6498832889095,35.55363956659783,,UNKNOWN,0,,,
1129013.0749941,119.1248698133482,119.24402329545546,FLEXED,0,1.177282774559093,171.8271660634686,170.6498832889095,114.25485531835854,,UNKNOWN,0,,,
1129013.1376145,118.32983266023302,118.47319316914522,FLEXED,0,1.177282774559093,171.8271660634686,170.6498832889095,94.0367747304068,,UNKNOWN,0,,,
1129013.1987832,115.84351635273426,117.44863769061926,FLEXED,0,1.177282774559093,171.8271660634686,170.6498832889095,109.7963694254366,,UNKNOWN,0,,,
1129013.2732738,115.92120260007002,117.04353522998647,FLEXED,0,1.177282774559093,171.8271660634686,170.6498832889095,115.3281467151636,,UNKNOWN,0,,,
1129013.3535494,110.0564462676355,115.85517353880418,FLEXED,0,1.177282774559093,171.8271660634686,170.6498832889095,109.0843273554226,,UNKNOWN,0,,,
1129013.4216192,106.63326335098951,113.35685224633247,FLEXED,0,1.177282774559093,171.8271660634686,170.6498832889095,104.79846946027799,,UNKNOWN,0,,,
1129013.489257,105.96651173132283,110.88418806055043,FLEXED,0,1.177282774559093,171.8271660634686,170.6498832889095,103.50921258962099,,UNKNOWN,0,,,
1129013.5627985,97.66911624667173,107.24930803933792,FLEXED,0,1.177282774559093,171.8271660634686,170.6498832889095,96.60225071596294,,UNKNOWN,0,,,
1129013.6440807,89.35231708689334,101.93553093670258,FLEXED,0,1.177282774559093,171.8271660634686,170.6498832889095,63.40704347330376,,UNKNOWN,0,,,
1129013.7095523,88.92530700501896,97.70930308417927,FLEXED,0,1.177282774559093,171.8271660634686,170.6498832889095,53.94502153603559,,UNKNOWN,0,,,
1129013.782031,71.93278038239038,90.76920649045944,FLEXED,0,1.177282774559093,171.8271660634686,170.6498832889095,48.80050346147845,,UNKNOWN,0,,,
1129013.8590935,67.01090511491641,82.97808516717816,FLEXED,0,1.177282774559093,171.8271660634686,170.6498832889095,47.628257258368755,,UNKNOWN,0,,,
1129013.9288777,65.88890793408552,76.62204350466092,FLEXED,0,1.177282774559093,171.8271660634686,170.6498832889095,46.44040899945239,,UNKNOWN,0,,,
1129013.9966567,42.50304177807022,67.2521884428963,FLEXED,0,1.177282774559093,171.8271660634686,170.6498832889095,20.856588413733803,,UNKNOWN,0,,,
1129014.0634633,31.53377988274491,55.77388301844148,FLEXED,0,1.177282774559093,171.8271660634686,170.6498832889095,8.344485644220983,,UNKNOWN,0,,,
1129014.1406308,30.0132019738682,47.38996733673705,FLEXED,0,1.177282774559093,171.8271660634686,170.6498832889095,11.713968754276527,,UNKNOWN,0,,,
1129014.2095989,5.737515636908573,35.135289441135484,FLEXED,0,1.177282774559093,171.8271660634686,170.6498832889095,3.076512800553009,,UNKNOWN,0,,,
1129014.2826089,7.191469814186133,23.395801817155608,FLEXED,0,1.177282774559093,171.8271660634686,170.6498832889095,2.112195879718175,,UNKNOWN,0,,,
1129014.358305,12.298660499059052,17.354925561353376,FLEXED,0,1.177282774559093,171.8271660634686,170.6498832889095,4.745358658159127,,UNKNOWN,0,,,
1129014.4236436,12.160331463709356,13.480235877546264,FLEXED,0,1.177282774559093,171.8271660634686,170.6498832889095,5.96075971788774,,UNKNOWN,0,,,
1129014.4832074,16.159092004609203,10.709413883694463,FLEXED,0,1.177282774559093,171.8271660634686,170.6498832889095,6.856157116418923,,UNKNOWN,0,,,
1129014.562503,21.65375604477699,13.89266196526815,FLEXED,0,1.177282774559093,171.8271660634686,170.6498832889095,7.209935244782539,,UNKNOWN,0,,,
1129014.63212,21.27994708396077,16.710357419223076,FLEXED,0,1.177282774559093,171.8271660634686,170.6498832889095,6.106346670224582,,UNKNOWN,0,,,
1129014.7106008,21.85688115432334,18.622001550275932,FLEXED,0,1.177282774559093,171.8271660634686,170.6498832889095,8.310559420940796,,UNKNOWN,0,,,
1129014.7721015,21.215827791823113,20.433100815898683,FLEXED,0,1.177282774559093,171.8271660634686,170.6498832889095,3.6644953916389102,,UNKNOWN,0,,,
1129014.8473828,20.59947969206951,21.321178353390742,FLEXED,0,1.177282774559093,171.8271660634686,170.6498832889095,2.607515142628916,,UNKNOWN,0,,,
1129014.9124622,18.424229265041504,20.67527299744365,FLEXED,0,1.177282774559093,171.8271660634686,170.6498832889095,13.740799600123639,,UNKNOWN,0,,,
1129014.9763013,16.78376185698882,19.776035952049256,FLEXED,0,1.177282774559093,171.8271660634686,170.6498832889095,15.891855139588223,,UNKNOWN,0,,,
1129015.0393456,16.581677538812816,18.720995228947153,FLEXED,0,1.177282774559093,171.8271660634686,170.6498832889095,15.263540055520714,,UNKNOWN,0,,,
1129015.1239329,16.047588725848296,17.68734741575219,FLEXED,0,1.177282774559093,171.8271660634686,170.6498832889095,20.851206226807378,,UNKNOWN,0,,,
1129015.1821351,16.9991648771256,16.96728445276341,FLEXED,0,1.177282774559093,171.8271660634686,170.6498832889095,21.73304506069798,21.73304506069798,UNKNOWN,0,21.73304506069798,21.73304506069798,0.0
1129015.2519653,17.079150826067174,16.698268764968542,FLEXED,0,1.177282774559093,171.8271660634686,170.6498832889095,22.132576204078838,21.93281063238841,UNKNOWN,0,21.73304506069798,21.93281063238841,0.1997655716904312
1129015.3276113,14.622173170302048,16.265951027631186,FLEXED,0,1.177282774559093,171.8271660634686,170.6498832889095,21.414052526232176,21.75989126366967,UNKNOWN,0,21.73304506069798,21.93281063238841,0.1997655716904312
1129015.600846,13.49414617632189,15.648444755133003,FLEXED,0,1.177282774559093,171.8271660634686,170.6498832889095,21.29431904792068,21.64349820973242,UNKNOWN,0,21.64349820973242,21.93281063238841,0.2893124226559891
1129015.6886344,13.687350589576615,15.176397127878664,FLEXED,0,1.177282774559093,171.8271660634686,170.6498832889095,21.651086332543702,21.645015834294675,UNKNOWN,0,21.64349820973242,21.93281063238841,0.2893124226559891
1129015.7677888,13.96797014530611,14.570158181514767,FLEXED,0,1.177282774559093,171.8271660634686,170.6498832889095,21.917947314755523,21.681996285106184,UNKNOWN,0,21.64349820973242,21.93281063238841,0.2893124226559891
1129015.832307,14.229513429452236,14.00023070219178,FLEXED,0,1.177282774559093,171.8271660634686,170.6498832889095,21.643124333388673,21.58410591096815,UNKNOWN,0,21.58410591096815,21.93281063238841,0.3487047214202583
1129015.9071192,18.71437668817971,14.818671405767313,FLEXED,0,1.177282774559093,171.8271660634686,170.6498832889095,20.767781597485595,21.454851725218834,UNKNOWN,0,21.454851725218834,21.93281063238841,0.477958907169576
1129015.9808695,19.36898460728612,15.993639091960159,FLEXED,0,1.177282774559093,171.8271660634686,170.6498832889095,20.64609989528586,21.325207894691868,UNKNOWN,0,21.325207894691868,21.93281063238841,0.607602737696542
1129016.0586757,22.13376819104381,17.6829226122536,FLEXED,0,1.177282774559093,171.8271660634686,170.6498832889095,22.684533165520822,21.53189726128729,UNKNOWN,0,21.325207894691868,21.93281063238841,0.607602737696542
1129016.1358945,22.473802019283397,19.384088987049054,FLEXED,0,1.177282774559093,171.8271660634686,170.6498832889095,18.60394498880654,20.869096796097494,UNKNOWN,0,20.869096796097494,21.93281063238841,1.0637138362909155
1129016.2053924,23.44756842723427,21.22769998660546,FLEXED,0,1.177282774559093,171.8271660634686,170.6498832889095,16.27147566449175,19.79476706231811,UNKNOWN,0,19.79476706231811,21.93281063238841,2.1380435700703018
1129016.2696892,24.101049975355103,22.30503464404054,FLEXED,0,1.177282774559093,171.8271660634686,170.6498832889095,16.145507871664606,18.870312317153914,UNKNOWN,0,18.870312317153914,21.93281063238841,3.062498315234496
1129016.3325557,22.936872574383386,23.018612237459998,FLEXED,0,1.177282774559093,171.8271660634686,170.6498832889095,16.66613572577126,18.074319483250996,UNKNOWN,0,18.074319483250996,21.93281063238841,3.8584911491374143
1129016.3957201,22.475837493284104,23.08702609790805,FLEXED,0,1.177282774559093,171.8271660634686,170.6498832889095,16.970527180272832,16.931518286201396,UNKNOWN,0,16.931518286201396,21.93281063238841,5.0012923461870145
1129016.4666925,22.03076945696821,22.998419585445014,FLEXED,0,1.177282774559093,171.8271660634686,170.6498832889095,17.40085298749344,16.690899885938773,UNKNOWN,0,16.690899885938773,21.93281063238841,5.241910746449637
1129016.5308954,21.385037167087024,22.585913333415565,FLEXED,0,1.177282774559093,171.8271660634686,170.6498832889095,17.62641498809118,16.961887750658665,UNKNOWN,0,16.690899885938773,21.93281063238841,5.241910746449637
1129016.5919218,21.020436926735364,21.96979072369162,FLEXED,0,1.177282774559093,171.8271660634686,170.6498832889095,17.75724216018074,17.284234608361892,UNKNOWN,0,16.690899885938773,21.93281063238841,5.241910746449637
1129016.6508557,19.70262701268449,21.32294161135184,FLEXED,0,1.177282774559093,171.8271660634686,170.6498832889095,17.94569610779012,17.540146684765666,UNKNOWN,0,16.690899885938773,21.93281063238841,5.241910746449637
1129016.7175874,17.89870026672017,20.407514166039054,FLEXED,0,1.177282774559093,171.8271660634686,170.6498832889095,18.42171743396432,17.83038473550396,UNKNOWN,0,16.690899885938773,21.93281063238841,5.241910746449637
1129016.7830746,16.92650396894514,19.38666106843444,FLEXED,0,1.177282774559093,171.8271660634686,170.6498832889095,18.761721623295614,18.102558462664398,UNKNOWN,0,16.690899885938773,21.93281063238841,5.241910746449637
1129016.8429487,15.420379513643299,18.193729537745693,FLEXED,0,1.177282774559093,171.8271660634686,170.6498832889095,19.876984806210267,18.55267242628821,UNKNOWN,0,16.690899885938773,21.93281063238841,5.241910746449637
1129016.9216825,14.229023973211646,16.835446947040946,FLEXED,0,1.177282774559093,171.8271660634686,170.6498832889095,20.697322231649864,19.140688440582036,UNKNOWN,0,16.690899885938773,21.93281063238841,5.241910746449637
1129016.9841569,13.80358680740553,15.65563890598516,FLEXED,0,1.177282774559093,171.8271660634686,170.6498832889095,21.047716903718364,19.761092599767686,UNKNOWN,0,16.690899885938773,21.93281063238841,5.241910746449637
1129017.0529799,13.747354460996062,14.825369744840335,FLEXED,0,1.177282774559093,171.8271660634686,170.6498832889095,22.558981948010604,20.58854550257694,UNKNOWN,0,16.690899885938773,21.93281063238841,5.241910746449637
1129017.1189545,14.027989623602572,14.245666875771821,FLEXED,0,1.177282774559093,171.8271660634686,170.6498832889095,27.248993102111335,22.28599979834009,UNKNOWN,0,16.690899885938773,22.28599979834009,5.5950999124013165
1129017.1948546,14.245444190026362,14.010679811048437,FLEXED,0,1.177282774559093,171.8271660634686,170.6498832889095,28.59130507718606,24.02886385253525,UNKNOWN,0,16.690899885938773,24.02886385253525,7.337963966596476
1129017.2583101,14.629129769133995,14.090700970232906,FLEXED,0,1.177282774559093,171.8271660634686,170.6498832889095,39.26478592062367,27.742356590330008,UNKNOWN,0,16.690899885938773,27.742356590330008,11.051456704391235
1129017.3221075,14.508720112445173,14.231727631240833,FLEXED,0,1.177282774559093,171.8271660634686,170.6498832889095,51.29794599696417,33.792402408979164,UNKNOWN,0,16.690899885938773,33.792402408979164,17.10150252304039
1129017.3898267,14.482838029792084,14.378824345000037,FLEXED,0,1.177282774559093,171.8271660634686,170.6498832889095,52.675600156436154,39.81572605066428,UNKNOWN,0,16.690899885938773,39.81572605066428,23.12482616472551
1129017.4591159,14.530617849621843,14.479349990203891,FLEXED,0,1.177282774559093,171.8271660634686,170.6498832889095,96.92296086981601,53.750519604205216,UNKNOWN,0,16.690899885938773,53.750519604205216,37.05961971826645
1129017.5238845,14.639732555387242,14.558207663276068,FLEXED,0,1.177282774559093,171.8271660634686,170.6498832889095,128.25594602728717,73.68344779422543,UNKNOWN,0,16.690899885938773,73.68344779422543,56.99254790828665
1129017.5861797,14.941214823352757,14.620624674119819,FLEXED,0,1.177282774559093,171.8271660634686,170.6498832889095,125.47301768873989,90.92509414784868,UNKNOWN,0,16.690899885938773,90.92509414784868,74.2341942619099
1129017.6583735,15.305324978437064,14.779945647318197,FLEXED,0,1.177282774559093,171.8271660634686,170.6498832889095,149.08207882007255,110.48192071247036,UNKNOWN,0,16.690899885938773,110.48192071247036,93.79102082653158
1129017.7363141,15.997297077327524,15.082837456825285,FLEXED,0,1.177282774559093,171.8271660634686,170.6498832889095,155.26738370863416,131.00027742290996,UNKNOWN,0,16.690899885938773,131.00027742290996,114.30937753697118
1129017.8025292,17.77096314501117,15.730906515903152,FLEXED,0,1.177282774559093,171.8271660634686,170.6498832889095,157.62901895588288,143.14148904012333,UNKNOWN,0,16.690899885938773,143.14148904012333,126.45058915418456
1129017.8652539,18.623850201953946,16.527730045216494,FLEXED,0,1.177282774559093,171.8271660634686,170.6498832889095,158.02476725354975,149.09525328537583,UNKNOWN,0,16.690899885938773,149.09525328537583,132.40435339943707
1129017.9341941,20.36291264736114,17.612069610018168,FLEXED,0,1.177282774559093,171.8271660634686,170.6498832889095,158.50748061034088,155.70214586969604,UNKNOWN,0,16.690899885938773,155.70214586969604,139.01124598375728
1129018.0149015,21.136347950560335,18.778274204442823,FLEXED,0,1.177282774559093,171.8271660634686,170.6498832889095,160.45513663215834,157.97675743211317,UNKNOWN,0,16.690899885938773,157.97675743211317,141.2858575461744
1129018.0843158,21.447531876991068,19.86832116437553,FLEXED,0,1.177282774559093,171.8271660634686,170.6498832889095,160.1694993609671,158.9571805625798,UNKNOWN,0,16.690899885938773,158.9571805625798,142.26628067664103
1129018.1481996,21.487104035776962,20.61154934252869,FLEXED,0,1.177282774559093,171.8271660634686,170.6498832889095,160.49709517780045,159.5307958069633,UNKNOWN,0,16.690899885938773,159.5307958069633,142.83989592102455
1129018.2297836,21.61813385436907,21.21040607301172,FLEXED,0,1.177282774559093,171.8271660634686,170.6498832889095,161.330288736502,160.19190010355376,EXTENDED,0,16.690899885938773,160.19190010355376,143.501000217615
1129018.2986746,21.700296816066775,21.477882906752843,FLEXED,0,1.177282774559093,171.8271660634686,170.6498832889095,161.26874983592063,160.74415394866972,EXTENDED,0,16.690899885938773,160.74415394866972,144.05325406273096
1129018.3726649,21.788434011502325,21.60830011894124,FLEXED,0,1.177282774559093,171.8271660634686,170.6498832889095,161.671696743076,160.98746597085324,EXTENDED,0,16.690899885938773,160.98746597085324,144.29656608491447
1129018.451274,21.850843179520393,21.6889623794471,FLEXED,0,1.177282774559093,171.8271660634686,170.6498832889095,161.6524512229381,161.28405634324744,EXTENDED,0,16.690899885938773,161.28405634324744,144.59315645730868
1129018.524626,21.907796393959117,21.773100851083534,FLEXED,0,1.177282774559093,171.8271660634686,170.6498832889095,161.70902518083145,161.52644234385363,EXTENDED,0,16.690899885938773,161.52644234385363,144.83554245791487
1129018.5923681,21.944739939174458,21.838422068044615,FLEXED,0,1.177282774559093,171.8271660634686,170.6498832889095,161.44082736930574,161.54855007041436,EXTENDED,0,16.690899885938773,161.54855007041436,144.8576501844756
1129018.6616247,21.863053990875397,21.870973503006336,FLEXED,0,1.177282774559093,171.8271660634686,170.6498832889095,160.97395829667576,161.48959176256542,EXTENDED,0,16.690899885938773,161.54855007041436,144.8576501844756
1129018.7470719,21.740012971447843,21.86128929499544,FLEXED,0,1.177282774559093,171.8271660634686,170.6498832889095,160.6212707110924,161.27950655616868,EXTENDED,0,16.690899885938773,161.54855007041436,144.8576501844756
1129018.8202487,21.624418405645788,21.81600434022052,FLEXED,0,1.177282774559093,171.8271660634686,170.6498832889095,160.09120121919503,160.96725655542008,EXTENDED,0,16.690899885938773,161.54855007041436,144.8576501844756
1129018.8955305,21.253124363675955,21.685069934163884,FLEXED,0,1.177282774559093,171.8271660634686,170.6498832889095,155.38551173525033,159.70255386630384,EXTENDED,0,16.690899885938773,161.54855007041436,144.8576501844756
1129018.9724364,20.879629106267913,21.472047767582577,FLEXED,0,1.177282774559093,171.8271660634686,170.6498832889095,153.06656560444083,158.02770151333087,EXTENDED,0,16.690899885938773,161.54855007041436,144.8576501844756
1129019.0386693,20.636342401695654,21.226705449746632,FLEXED,0,1.177282774559093,171.8271660634686,170.6498832889095,151.1225934160092,156.05742853719755,EXTENDED,0,16.690899885938773,161.54855007041436,144.8576501844756
1129019.0984288,20.40527749253465,20.95975835396399,FLEXED,0,1.177282774559093,171.8271660634686,170.6498832889095,142.9584332807912,152.5248610511373,EXTENDED,0,16.690899885938773,161.54855007041436,144.8576501844756
1129019.1686132,20.35015359643378,20.704905392121592,FLEXED,0,1.177282774559093,171.8271660634686,170.6498832889095,144.9261526967919,149.4918513466567,EXTENDED,0,16.690899885938773,161.54855007041436,144.8576501844756
1129019.2409355,20.3947658783991,20.533233695066222,FLEXED,0,1.177282774559093,171.8271660634686,170.6498832889095,139.57329174029485,146.3294073476656,EXTENDED,0,16.690899885938773,161.54855007041436,144.8576501844756
1129019.3219034,20.578638034867673,20.473035480786173,FLEXED,0,1.177282774559093,171.8271660634686,170.6498832889095,143.02043311716224,144.32018085020988,EXTENDED,0,16.690899885938773,161.54855007041436,144.8576501844756
1129019.3870796,20.618027421425914,20.469372484732226,FLEXED,0,1.177282774559093,171.8271660634686,170.6498832889095,144.8311878378586,143.06189973457975,EXTENDED,0,16.690899885938773,161.54855007041436,144.8576501844756
1129019.4514635,20.659080488970623,20.52013308401942,FLEXED,0,1.177282774559093,171.8271660634686,170.6498832889095,145.48787817812607,143.5677887140467,EXTENDED,0,16.690899885938773,161.54855007041436,144.8576501844756
1129019.524306,20.398101809441272,20.529722726620918,FLEXED,0,1.177282774559093,171.8271660634686,170.6498832889095,141.82009266706677,142.9465767081017,EXTENDED,0,16.690899885938773,161.54855007041436,144.8576501844756
1129019.5959816,20.14178758773393,20.47912706848788,FLEXED,0,1.177282774559093,171.8271660634686,170.6498832889095,143.59765456102173,143.75144927224707,EXTENDED,0,16.690899885938773,161.54855007041436,144.8576501844756
1129019.6706055,19.86880458081,20.337160377676348,FLEXED,0,1.177282774559093,171.8271660634686,170.6498832889095,145.72463123386237,144.2922888955871,EXTENDED,0,16.690899885938773,161.54855007041436,144.8576501844756
1129019.729277,19.804156380572447,20.174386169505656,FLEXED,0,1.177282774559093,171.8271660634686,170.6498832889095,156.48237441745857,146.6225262115071,EXTENDED,0,16.690899885938773,161.54855007041436,144.8576501844756
1129019.7957967,19.832072169969305,20.008984505705392,FLEXED,0,1.177282774559093,171.8271660634686,170.6498832889095,158.9212939184081,149.3092093595635,EXTENDED,0,16.690899885938773,161.54855007041436,144.8576501844756
1129019.8590945,19.83600406941363,19.896564957699862,FLEXED,0,1.177282774559093,171.8271660634686,170.6498832889095,159.2364832050295,152.79248746715604,EXTENDED,0,16.690899885938773,161.54855007041436,144.8576501844756
1129019.9188348,20.129012518401403,19.894009943833357,FLEXED,0,1.177282774559093,171.8271660634686,170.6498832889095,160.83595007531633,156.24014657001496,EXTENDED,0,16.690899885938773,161.54855007041436,144.8576501844756
1129019.9907016,20.508733435562963,20.021995714783948,FLEXED,0,1.177282774559093,171.8271660634686,170.6498832889095,161.2865485017799,159.35253002359846,EXTENDED,0,16.690899885938773,161.54855007041436,144.8576501844756
1129020.0662314,20.91867217098266,20.244898872865992,FLEXED,0,1.177282774559093,171.8271660634686,170.6498832889095,161.47495741419522,160.3510466229458,EXTENDED,0,16.690899885938773,161.54855007041436,144.8576501844756
1129020.1288602,21.175730175159817,20.513630473904094,FLEXED,0,1.177282774559093,171.8271660634686,170.6498832889095,162.93327556366927,161.15344295199802,EXTENDED,0,16.690899885938773,161.54855007041436,144.8576501844756
1129020.1943332,21.15515444607751,20.77746054923687,FLEXED,0,1.177282774559093,171.8271660634686,170.6498832889095,162.9933800083978,161.9048223126717,EXTENDED,0,16.690899885938773,161.9048223126717,145.21392242673295
1129020.2723302,21.102533151729848,20.972164675902555,FLEXED,0,1.177282774559093,171.8271660634686,170.6498832889095,163.58233511745343,162.45409932109914,EXTENDED,0,16.690899885938773,162.45409932109914,145.76319943516037
1129020.3414538,21.23075068123582,21.11656812503713,FLEXED,0,1.177282774559093,171.8271660634686,170.6498832889095,164.09129113040524,163.0150478468242,EXTENDED,0,16.690899885938773,163.0150478468242,146.32414796088543
1129020.408766,21.187846660420586,21.170403022924717,FLEXED,0,1.177282774559093,171.8271660634686,170.6498832889095,164.58503213200837,163.6370627903868,EXTENDED,0,16.690899885938773,163.6370627903868,146.94616290444804
1129020.4811335,21.05822681777633,21.14690235144802,FLEXED,0,1.177282774559093,171.8271660634686,170.6498832889095,165.6169437516021,164.1737964279734,EXTENDED,0,16.690899885938773,164.1737964279734,147.48289654203464
1129020.5529217,21.159727681038976,21.147816998440312,FLEXED,0,1.177282774559093,171.8271660634686,170.6498832889095,165.90887804638754,164.75689603557134,EXTENDED,0,16.690899885938773,164.75689603557134,148.06599614963258
1129020.6210156,21.1932306772838,21.165956503551104,FLEXED,0,1.177282774559093,171.8271660634686,170.6498832889095,166.21454652383576,165.2833383168478,EXTENDED,0,16.690899885938773,165.2833383168478,148.59243843090903
1129020.6829844,21.249111350932413,21.16962863749042,FLEXED,0,1.177282774559093,171.8271660634686,170.6498832889095,167.4676577470902,165.95861164018478,EXTENDED,0,16.690899885938773,165.95861164018478,149.26771175424602
1129020.776432,21.233673072924596,21.17879391999122,FLEXED,0,1.177282774559093,171.8271660634686,170.6498832889095,168.07657610729322,166.65692043524177,EXTENDED,0,16.690899885938773,166.65692043524177,149.966020549303
1129020.8491333,21.272249143018822,21.22159838503972,FLEXED,0,1.177282774559093,171.8271660634686,170.6498832889095,168.4982356919263,167.2331788233066,EXTENDED,0,16.690899885938773,167.2331788233066,150.54227893736783
1129020.9208304,21.517901020438547,21.293233052919636,FLEXED,0,1.177282774559093,171.8271660634686,170.6498832889095,169.04448368315965,167.86029995066104,EXTENDED,0,16.690899885938773,167.86029995066104,151.16940006472228
1129021.2379094,22.19852201702073,21.494291320867024,FLEXED,0,1.177282774559093,171.8271660634686,170.6498832889095,172.8481837481232,169.18702739551853,EXTENDED,0,16.690899885938773,169.18702739551853,152.49612750957976
1129021.3196718,22.514989435044416,21.74746693768942,FLEXED,0,1.177282774559093,171.8271660634686,170.6498832889095,173.95977314991427,170.48545047608337,EXTENDED,0,16.690899885938773,170.48545047608337,153.7945505901446
1129021.3980888,22.97782509695002,22.096297342494506,FLEXED,0,1.177282774559093,171.8271660634686,170.6498832889095,172.82524237776644,171.435183730178,EXTENDED,0,16.690899885938773,171.435183730178,154.74428384423925
1129021.4662274,23.155064204569804,22.472860354804702,FLEXED,0,1.177282774559093,171.8271660634686,170.6498832889095,170.9737686229127,171.93029031637525,EXTENDED,0,16.690899885938773,171.93029031637525,155.2393904304365
1129021.5438695,22.97127986024874,22.763536122766745,FLEXED,0,1.177282774559093,171.8271660634686,170.6498832889095,170.39175422477604,172.19974442469854,EXTENDED,0,16.690899885938773,172.19974442469854,155.50884453875977
1129021.6093979,22.63511932880157,22.85085558512291,FLEXED,0,1.177282774559093,171.8271660634686,170.6498832889095,170.098580779303,171.64982383093448,EXTENDED,0,16.690899885938773,172.19974442469854,155.50884453875977
1129021.6885359,22.509893683832352,22.849836434880494,FLEXED,0,1.177282774559093,171.8271660634686,170.6498832889095,169.91673751015568,170.84121670298276,EXTENDED,0,16.690899885938773,172.19974442469854,155.50884453875977
1129021.7460018,22.414729844756415,22.73721738444177,FLEXED,0,1.177282774559093,171.8271660634686,170.6498832889095,169.71828488401192,170.21982520423188,EXTENDED,0,16.690899885938773,172.19974442469854,155.50884453875977
1129021.819997,22.34293190831138,22.574790925190094,FLEXED,0,1.177282774559093,171.8271660634686,170.6498832889095,169.43720945787734,169.9125133712248,EXTENDED,0,16.690899885938773,172.19974442469854,155.50884453875977
1129021.8828673,22.28459952131497,22.437454857403342,FLEXED,0,1.177282774559093,171.8271660634686,170.6498832889095,169.3660501564925,169.7073725575681,EXTENDED,0,16.690899885938773,172.19974442469854,155.50884453875977
1129021.9584747,22.445191575149607,22.399469306672948,FLEXED,0,1.177282774559093,171.8271660634686,170.6498832889095,169.81165110461606,169.6499866226307,EXTENDED,0,16.690899885938773,172.19974442469854,155.50884453875977
1129022.0376825,22.47451271977455,22.392393113861385,FLEXED,0,1.177282774559093,171.8271660634686,170.6498832889095,170.07547278974158,169.6817336785479,EXTENDED,0,16.690899885938773,172.19974442469854,155.50884453875977
1129022.099253,22.721009621964594,22.45364906930302,FLEXED,0,1.177282774559093,171.8271660634686,170.6498832889095,170.02289505599816,169.74265571294512,EXTENDED,0,16.690899885938773,172.19974442469854,155.50884453875977
1129022.1664901,22.80366378580923,22.545795444802593,FLEXED,0,1.177282774559093,171.8271660634686,170.6498832889095,170.03235212280072,169.8616842459298,EXTENDED,0,16.690899885938773,172.19974442469854,155.50884453875977
1129022.2372326,22.898001693293015,22.6684758791982,FLEXED,0,1.177282774559093,171.8271660634686,170.6498832889095,170.03825512564083,169.99612523975946,EXTENDED,0,16.690899885938773,172.19974442469854,155.50884453875977
1129022.3102708,23.20530928278881,22.820499420726037,FLEXED,0,1.177282774559093,171.8271660634686,170.6498832889095,169.54192424863405,169.94217986856307,EXTENDED,0,16.690899885938773,172.19974442469854,155.50884453875977
1129022.3753185,23.904001091553525,23.106397095081835,FLEXED,0,1.177282774559093,171.8271660634686,170.6498832889095,165.8732589822198,169.1017371070587,EXTENDED,0,16.690899885938773,172.19974442469854,155.50884453875977
1129022.4389169,24.330429660509807,23.42828110279088,FLEXED,0,1.177282774559093,171.8271660634686,170.6498832889095,164.6468955705261,168.0265372099643,EXTENDED,0,16.690899885938773,172.19974442469854,155.50884453875977
1129022.5087013,24.47873114022225,23.763294573673484,FLEXED,0,1.177282774559093,171.8271660634686,170.6498832889095,162.99311893464127,166.6186905723324,EXTENDED,0,16.690899885938773,172.19974442469854,155.50884453875977
1129022.5765745,24.48263363646072,24.080220962307024,FLEXED,0,1.177282774559093,171.8271660634686,170.6498832889095,161.3821997384743,164.8874794948991,EXTENDED,0,16.690899885938773,172.19974442469854,155.50884453875977
1129022.6428762,24.5199252398264,24.34314415371454,FLEXED,0,1.177282774559093,171.8271660634686,170.6498832889095,160.96489812564542,163.17207427030138,EXTENDED,0,16.690899885938773,172.19974442469854,155.50884453875977
1129022.71439,24.69675090322579,24.50169411604899,FLEXED,0,1.177282774559093,171.8271660634686,170.6498832889095,154.11620771793338,160.8206640174441,EXTENDED,0,16.690899885938773,172.19974442469854,155.50884453875977
1129022.785818,24.235383548870708,24.482684893721178,FLEXED,0,1.177282774559093,171.8271660634686,170.6498832889095,148.75316932435922,157.6419187682107,EXTENDED,0,16.690899885938773,172.19974442469854,155.50884453875977
1129022.8595877,23.957082334089524,24.378355132494626,FLEXED,0,1.177282774559093,171.8271660634686,170.6498832889095,147.39449913696927,154.52219480867635,EXTENDED,0,16.690899885938773,172.19974442469854,155.50884453875977
1129022.9268999,23.20126248630639,24.12208090246376,FLEXED,0,1.177282774559093,171.8271660634686,170.6498832889095,129.35635657077754,148.11702617513697,EXTENDED,0,16.690899885938773,172.19974442469854,155.50884453875977
1129022.9899402,22.5436070836238,23.726817271223243,FLEXED,0,1.177282774559093,171.8271660634686,170.6498832889095,109.90658896192882,137.90536434239365,EXTENDED,0,16.690899885938773,172.19974442469854,155.50884453875977
1129023.0521944,21.6055220608141,23.108571502740904,FLEXED,0,1.177282774559093,171.8271660634686,170.6498832889095,86.09093079576897,124.30030895796077,EXTENDED,0,16.690899885938773,172.19974442469854,155.50884453875977
1129023.1214633,20.17833201161014,22.297161195288787,FLEXED,0,1.177282774559093,171.8271660634686,170.6498832889095,52.463877725651344,105.04245063821918,EXTENDED,0,16.690899885938773,172.19974442469854,155.50884453875977
1129023.2018571,19.82483724725703,21.47071217792229,FLEXED,0,1.177282774559093,171.8271660634686,170.6498832889095,42.94285536223465,84.15212188327226,EXTENDED,0,16.690899885938773,172.19974442469854,155.50884453875977
1129023.2737626,19.355482986592452,20.701556277979506,FLEXED,0,1.177282774559093,171.8271660634686,170.6498832889095,42.6453517660764,66.80992092233203,EXTENDED,0,16.690899885938773,172.19974442469854,155.50884453875977
1129023.3394975,18.20714910855327,19.834264682965397,FLEXED,0,1.177282774559093,171.8271660634686,170.6498832889095,38.45143005871493,52.51888914168926,FLEXED,0,16.690899885938773,172.19974442469854,155.50884453875977
1129023.400651,17.835978036728008,19.08035587814818,FLEXED,0,1.177282774559093,171.8271660634686,170.6498832889095,35.693065673422375,42.439316117219946,FLEXED,0,16.690899885938773,172.19974442469854,155.50884453875977
1129023.4775278,17.093673857898775,18.463424247405907,FLEXED,0,1.177282774559093,171.8271660634686,170.6498832889095,33.977296546496305,38.741999881388935,FLEXED,0,16.690899885938773,172.19974442469854,155.50884453875977
1129023.5356572,16.72409755579723,17.843276309113946,FLEXED,0,1.177282774559093,171.8271660634686,170.6498832889095,25.685500695206667,35.29052894798333,FLEXED,0,16.690899885938773,172.19974442469854,155.50884453875977
1129023.5996983,16.67650177006196,17.307480065807848,FLEXED,0,1.177282774559093,171.8271660634686,170.6498832889095,22.215640990134535,31.204586792794963,FLEXED,0,16.690899885938773,172.19974442469854,155.50884453875977
1129023.6654127,16.615464824871292,16.989143209071454,FLEXED,0,1.177282774559093,171.8271660634686,170.6498832889095,21.292381147680132,27.772777010588005,FLEXED,0,16.690899885938773,172.19974442469854,155.50884453875977
1129023.7397737,16.5910686909481,16.74016133991547,FLEXED,0,1.177282774559093,171.8271660634686,170.6498832889095,18.153546937027485,24.264873263309024,FLEXED,0,16.690899885938773,172.19974442469854,155.50884453875977
1129023.8126706,16.653020256389144,16.652030619613544,FLEXED,0,1.177282774559093,171.8271660634686,170.6498832889095,16.537621320945423,20.776938218198847,FLEXED,0,16.690899885938773,172.19974442469854,155.50884453875977
1129023.8843146,16.606509219941078,16.628512952442314,FLEXED,0,1.177282774559093,171.8271660634686,170.6498832889095,15.47089366278132,18.73401681171378,FLEXED,0,16.690899885938773,172.19974442469854,155.50884453875977
1129023.9658584,16.411533233505306,16.575519245130984,FLEXED,0,1.177282774559093,171.8271660634686,170.6498832889095,15.449395919117077,17.380767797510288,FLEXED,0,16.690899885938773,172.19974442469854,155.50884453875977
1129024.0333621,16.345912160975033,16.521608712351732,FLEXED,0,1.177282774559093,171.8271660634686,170.6498832889095,15.55082100465997,16.232455768906256,FLEXED,0,16.232455768906256,172.19974442469854,155.9672886557923
1129024.0947165,16.39469203009775,16.48233338018166,FLEXED,0,1.177282774559093,171.8271660634686,170.6498832889095,15.566648659058233,15.715076113312403,FLEXED,0,15.715076113312403,172.19974442469854,156.48466831138614
1129024.1600577,16.29579922858653,16.41088917462114,FLEXED,0,1.177282774559093,171.8271660634686,170.6498832889095,15.485921372249512,15.50473612357322,FLEXED,0,15.50473612357322,172.19974442469854,156.6950083011253
1129024.2224482,16.180618967673293,16.325711124167583,FLEXED,0,1.177282774559093,171.8271660634686,170.6498832889095,15.657173983637644,15.541992187744487,FLEXED,0,15.50473612357322,172.19974442469854,156.6950083011253
1129024.2930729,16.143330635446002,16.272070604555722,FLEXED,0,1.177282774559093,171.8271660634686,170.6498832889095,15.463357844660463,15.544784572853166,FLEXED,0,15.50473612357322,172.19974442469854,156.6950083011253
1129024.4167743,16.070220373651072,16.21693224709093,FLEXED,0,1.177282774559093,171.8271660634686,170.6498832889095,15.26732069171841,15.488084510264851,FLEXED,0,15.488084510264851,172.19974442469854,156.71165991443368
1129024.4981652,16.185986200184594,16.175191081108302,FLEXED,0,1.177282774559093,171.8271660634686,170.6498832889095,15.226993248495866,15.420153428152378,FLEXED,0,15.420153428152378,172.19974442469854,156.77959099654615
1129024.568221,16.10467555503388,16.13696634639777,FLEXED,0,1.177282774559093,171.8271660634686,170.6498832889095,15.123740321225513,15.34771721794758,FLEXED,0,15.34771721794758,172.19974442469854,156.85202720675096
1129024.6406014,15.991842894873319,16.099211131837773,FLEXED,0,1.177282774559093,171.8271660634686,170.6498832889095,14.943360322021226,15.204954485624295,FLEXED,0,15.204954485624295,172.19974442469854,156.99478993907425
1129024.7087215,15.90453209163548,16.05145142307567,FLEXED,0,1.177282774559093,171.8271660634686,170.6498832889095,14.879514134202271,15.088185743532657,FLEXED,0,15.088185743532657,172.19974442469854,157.1115586811659
1129024.7637958,15.739411311538353,15.985289610653123,FLEXED,0,1.177282774559093,171.8271660634686,170.6498832889095,14.746077752959122,14.983937155780799,FLEXED,0,14.983937155780799,172.19974442469854,157.21580726891773
1129024.8255625,15.731903360154512,15.89447304264711,FLEXED,0,1.177282774559093,171.8271660634686,170.6498832889095,14.724881214080407,14.88351474889771,FLEXED,0,14.88351474889771,172.19974442469854,157.31622967580083
1129024.8882702,15.69921740242824,15.813381412125981,FLEXED,0,1.177282774559093,171.8271660634686,170.6498832889095,14.883531354941345,14.835472955640872,FLEXED,0,14.835472955640872,172.19974442469854,157.36427146905766
1129024.9539741,15.742519658318678,15.763516764815051,FLEXED,0,1.177282774559093,171.8271660634686,170.6498832889095,14.814155084992517,14.809631908235133,FLEXED,0,14.809631908235133,172.19974442469854,157.3901125164634
1129025.0121501,15.745092643327512,15.731628875153458,FLEXED,0,1.177282774559093,171.8271660634686,170.6498832889095,14.778047199959435,14.789338521386565,FLEXED,0,14.789338521386565,172.19974442469854,157.41040590331198
1129025.0840137,15.75155813404487,15.734058239654763,FLEXED,0,1.177282774559093,171.8271660634686,170.6498832889095,14.670144736240886,14.774151918042918,FLEXED,0,14.774151918042918,172.19974442469854,157.42559250665562
1129025.1461569,15.676239991041134,15.722925565832085,FLEXED,0,1.177282774559093,171.8271660634686,170.6498832889095,14.480677011491709,14.725311077525177,FLEXED,0,14.725311077525177,172.19974442469854,157.47443334717337
1129025.2347929,15.658082309521191,15.714698547250677,FLEXED,0,1.177282774559093,171.8271660634686,170.6498832889095,14.445352648037785,14.637675336144465,FLEXED,0,14.637675336144465,172.19974442469854,157.56206908855407
1129025.298951,15.625759218095514,15.691346459206045,FLEXED,0,1.177282774559093,171.8271660634686,170.6498832889095,14.651836004147004,14.605211519975365,FLEXED,0,14.605211519975365,172.19974442469854,157.59453290472317
1129025.3719776,15.611540568698167,15.664636044280178,FLEXED,0,1.177282774559093,171.8271660634686,170.6498832889095,14.823504753980414,14.614303030779558,FLEXED,0,14.605211519975365,172.19974442469854,157.59453290472317
1129025.4447405,15.74678140801054,15.66368069907331,FLEXED,0,1.177282774559093,171.8271660634686,170.6498832889095,15.306569212819358,14.741587926095255,FLEXED,0,14.605211519975365,172.19974442469854,157.59453290472317
1129025.506348,15.848318974265458,15.698096495718175,FLEXED,0,1.177282774559093,171.8271660634686,170.6498832889095,15.615753595852276,14.968603242967367,FLEXED,0,14.605211519975365,172.19974442469854,157.59453290472317
1129025.5698095,15.866813350351888,15.739842703884312,FLEXED,0,1.177282774559093,171.8271660634686,170.6498832889095,15.750282237693524,15.229589160898513,FLEXED,0,14.605211519975365,172.19974442469854,157.59453290472317
1129025.6488725,15.855005997269553,15.785692059719121,FLEXED,0,1.177282774559093,171.8271660634686,170.6498832889095,15.842210035411837,15.46766396715148,FLEXED,0,14.605211519975365,172.19974442469854,157.59453290472317
1129025.7174283,15.852359603585935,15.833855866696675,FLEXED,0,1.177282774559093,171.8271660634686,170.6498832889095,15.88657302672738,15.680277621700876,FLEXED,0,14.605211519975365,172.19974442469854,157.59453290472317
1129025.7774373,15.759524319293426,15.836404448953255,FLEXED,0,1.177282774559093,171.8271660634686,170.6498832889095,16.19095039514679,15.857153858166361,FLEXED,0,14.605211519975365,172.19974442469854,157.59453290472317
1129025.8430624,15.729599816721256,15.812660617444411,FLEXED,0,1.177282774559093,171.8271660634686,170.6498832889095,16.315426771647214,15.997088493325347,FLEXED,0,14.605211519975365,172.19974442469854,157.59453290472317
1129025.9194211,15.68864913739002,15.777027774852039,FLEXED,0,1.177282774559093,171.8271660634686,170.6498832889095,16.404618592520016,16.127955764290647,FLEXED,0,14.605211519975365,172.19974442469854,157.59453290472317
1129026.2395682,18.657214881277856,16.337469551653697,FLEXED,0,1.177282774559093,171.8271660634686,170.6498832889095,17.657116732100175,16.49093710362832,FLEXED,0,14.605211519975365,172.19974442469854,157.59453290472317
1129026.31482,29.431871183151255,19.05337186756676,FLEXED,0,1.177282774559093,171.8271660634686,170.6498832889095,17.89182531760774,16.891987561804388,FLEXED,0,14.605211519975365,172.19974442469854,157.59453290472317
1129026.392539,45.86097783963078,25.073662571634234,FLEXED,0,1.177282774559093,171.8271660634686,170.6498832889095,19.171659282803517,17.488129339335735,FLEXED,0,14.605211519975365,172.19974442469854,157.59453290472317
1129026.472472,49.51522278864675,31.83078716601933,FLEXED,0,1.177282774559093,171.8271660634686,170.6498832889095,19.858978386693593,18.196839662345006,FLEXED,0,14.605211519975365,172.19974442469854,157.59453290472317
1129026.5486867,78.89714619704557,44.47248657795044,FLEXED,0,1.177282774559093,171.8271660634686,170.6498832889095,19.90764249250404,18.897444442341815,FLEXED,0,14.605211519975365,172.19974442469854,157.59453290472317
1129026.6164621,120.60114511014724,64.86127262372432,FLEXED,0,1.177282774559093,171.8271660634686,170.6498832889095,19.95730958859627,19.357483013641033,FLEXED,0,14.605211519975365,172.19974442469854,157.59453290472317
1129026.6863189,144.8257237852105,87.94004314413617,FLEXED,0,1.177282774559093,171.8271660634686,170.6498832889095,20.464922708418037,19.872102491803094,FLEXED,0,14.605211519975365,172.19974442469854,157.59453290472317
1129026.751391,147.49702524341248,108.2672526248925,FLEXED,0,1.177282774559093,171.8271660634686,170.6498832889095,21.076084052285086,20.252987445699407,FLEXED,0,14.605211519975365,172.19974442469854,157.59453290472317
1129026.8175837,154.65130969061892,129.29447000528694,FLEXED,0,1.177282774559093,171.8271660634686,170.6498832889095,20.45828571016665,20.37284891039402,FLEXED,0,14.605211519975365,172.19974442469854,157.59453290472317
1129026.8829227,157.55091713335236,145.02522419254834,FLEXED,0,1.177282774559093,171.8271660634686,170.6498832889095,21.052278830965005,20.601776178086208,FLEXED,0,14.605211519975365,172.19974442469854,157.59453290472317
1129026.9429392,158.269767948243,152.55894876016745,FLEXED,0,1.177282774559093,171.8271660634686,170.6498832889095,21.274561170818362,20.865226494530628,FLEXED,0,14.605211519975365,172.19974442469854,157.59453290472317
1129027.0147341,160.8544192309951,155.76468784932436,FLEXED,0,1.177282774559093,171.8271660634686,170.6498832889095,21.675923549305235,21.107426662708068,FLEXED,0,14.605211519975365,172.19974442469854,157.59453290472317
1129027.0775161,164.44260473329408,159.15380374730069,FLEXED,0,1.177282774559093,171.8271660634686,170.6498832889095,21.75317301007855,21.242844454266763,FLEXED,0,14.605211519975365,172.19974442469854,157.59453290472317
1129027.1438816,165.0810957837482,161.23976096592654,EXTENDED,1,1.177282774559093,171.8271660634686,170.6498832889095,22.898194085246818,21.730826129282796,FLEXED,0,14.605211519975365,172.19974442469854,157.59453290472317
1129027.1983549,164.62152861251354,162.65388326175878,EXTENDED,1,1.177282774559093,171.8271660634686,170.6498832889095,23.02170890122233,22.124712143334257,FLEXED,0,14.605211519975365,172.19974442469854,157.59453290472317
1129027.2771705,164.53179737337416,163.906289146785,EXTENDED,1,1.177282774559093,171.8271660634686,170.6498832889095,23.121171009448357,22.49403411106026,FLEXED,0,14.605211519975365,172.19974442469854,157.59453290472317
1129027.376914,164.53209566719255,164.6418244340245,EXTENDED,1,1.177282774559093,171.8271660634686,170.6498832889095,23.203121455172568,22.799473692233725,FLEXED,0,14.605211519975365,172.19974442469854,157.59453290472317
1129027.4396578,164.98138527698546,164.7495805427628,EXTENDED,1,1.177282774559093,171.8271660634686,170.6498832889095,21.645255025623367,22.777890095342688,FLEXED,0,14.605211519975365,172.19974442469854,157.59453290472317
1129027.5029621,167.56717344216494,165.24679607444614,EXTENDED,1,1.177282774559093,171.8271660634686,170.6498832889095,20.827001362272156,22.363651550747754,FLEXED,0,14.605211519975365,172.19974442469854,157.59453290472317
1129027.5752736,167.1243635851153,165.74736306896648,EXTENDED,1,1.177282774559093,171.8271660634686,170.6498832889095,20.178850375952987,21.795079845693888,FLEXED,0,14.605211519975365,172.19974442469854,157.59453290472317
1129027.645843,167.64270891544484,166.36954537738063,EXTENDED,1,1.177282774559093,171.8271660634686,170.6498832889095,19.945561767653622,21.159957997334942,FLEXED,0,14.605211519975365,172.19974442469854,157.59453290472317
1129027.7181973,167.42133529451849,166.9473933028458,EXTENDED,1,1.177282774559093,171.8271660634686,170.6498832889095,20.08036485374923,20.535406677050272,FLEXED,0,14.605211519975365,172.19974442469854,157.59453290472317
1129027.7955126,167.28086919478534,167.4072900864058,EXTENDED,1,1.177282774559093,171.8271660634686,170.6498832889095,19.820660334586606,20.17048773884292,FLEXED,0,14.605211519975365,172.19974442469854,157.59453290472317
1129027.8665247,167.34019092441463,167.36189358285574,EXTENDED,1,1.177282774559093,171.8271660634686,170.6498832889095,19.769470627602228,19.958981591908934,FLEXED,0,14.605211519975365,172.19974442469854,157.59453290472317
1129027.9347698,167.474737710065,167.43196840784566,EXTENDED,1,1.177282774559093,171.8271660634686,170.6498832889095,19.952979263511594,19.913807369420656,FLEXED,0,14.605211519975365,172.19974442469854,157.59453290472317
1129028.0085831,167.46552402067724,167.39653142889213,EXTENDED,1,1.177282774559093,171.8271660634686,170.6498832889095,20.0234302683484,19.92938106955961,FLEXED,0,14.605211519975365,172.19974442469854,157.59453290472317
1129028.0796365,166.92524196716664,167.29731276342176,EXTENDED,1,1.177282774559093,171.8271660634686,170.6498832889095,19.934310991872394,19.900170297184246,FLEXED,0,14.605211519975365,172.19974442469854,157.59453290472317
1129028.1467337,166.56491207811396,167.1541213400875,EXTENDED,1,1.177282774559093,171.8271660634686,170.6498832889095,19.921007123330916,19.920239654933106,FLEXED,0,14.605211519975365,172.19974442469854,157.59453290472317
1129028.2176386,165.49091578802168,166.7842663128089,EXTENDED,1,1.177282774559093,171.8271660634686,170.6498832889095,19.920312266595676,19.950407982731797,FLEXED,0,14.605211519975365,172.19974442469854,157.59453290472317
1129028.2915982,158.33822510348114,164.95696379149211,EXTENDED,1,1.177282774559093,171.8271660634686,170.6498832889095,19.860704716509183,19.93195307333131,FLEXED,0,14.605211519975365,172.19974442469854,157.59453290472317
1129028.3595007,156.32269139759114,162.7283972668749,EXTENDED,1,1.177282774559093,171.8271660634686,170.6498832889095,19.82084387268765,19.89143579419916,FLEXED,0,14.605211519975365,172.19974442469854,157.59453290472317
1129028.4266022,157.8784867441747,160.9190462222765,EXTENDED,1,1.177282774559093,171.8271660634686,170.6498832889095,19.825589831031518,19.86969156203099,FLEXED,0,14.605211519975365,172.19974442469854,157.59453290472317
1129028.5193626,162.19287291978654,160.04463839061103,EXTENDED,1,1.177282774559093,171.8271660634686,170.6498832889095,19.85414984282906,19.856320105930617,FLEXED,0,14.605211519975365,172.19974442469854,157.59453290472317
1129028.5878529,166.09049319745876,160.16455387249843,EXTENDED,1,1.177282774559093,171.8271660634686,170.6498832889095,19.907190484004044,19.853695749412292,FLEXED,0,14.605211519975365,172.19974442469854,157.59453290472317
1129028.6501385,168.77164350701113,162.25123755320445,EXTENDED,1,1.177282774559093,171.8271660634686,170.6498832889095,19.97761186403756,19.877077178917965,FLEXED,0,14.605211519975365,172.19974442469854,157.59453290472317
1129028.7184113,169.50774195850602,164.88824766538744,EXTENDED,1,1.177282774559093,171.8271660634686,170.6498832889095,20.032718481475886,19.919452100675613,FLEXED,0,14.605211519975365,172.19974442469854,157.59453290472317
1129028.7952513,169.45393364863193,167.20333704627888,EXTENDED,1,1.177282774559093,171.8271660634686,170.6498832889095,20.124778168457603,19.97928976816083,FLEXED,0,14.605211519975365,172.19974442469854,157.59453290472317
1129028.8687024,169.20782497558002,168.60632745743757,EXTENDED,1,1.177282774559093,171.8271660634686,170.6498832889095,20.07611180513903,20.02368216062282,FLEXED,0,14.605211519975365,172.19974442469854,157.59453290472317
1129028.9483767,169.20248655872527,169.22872612969087,EXTENDED,1,1.177282774559093,171.8271660634686,170.6498832889095,20.104111212006796,20.063066306223377,FLEXED,0,14.605211519975365,172.19974442469854,157.59453290472317
1129029.0140042,170.84620840400757,169.64363910909017,EXTENDED,1,1.177282774559093,171.8271660634686,170.6498832889095,19.894605505215832,20.04646503445903,FLEXED,0,14.605211519975365,172.19974442469854,157.59453290472317
1129029.0825704,172.23431308103866,170.1889533335967,EXTENDED,1,1.177282774559093,171.8271660634686,170.6498832889095,19.689918524598305,19.977905043083513,FLEXED,0,14.605211519975365,172.19974442469854,157.59453290472317
1129029.1413515,172.2140445843725,170.7409755207448,EXTENDED,1,1.177282774559093,171.8271660634686,170.6498832889095,19.254406912954117,19.80383079198282,FLEXED,0,14.605211519975365,172.19974442469854,157.59453290472317
1129029.2122428,172.6819268275343,171.43579589113565,EXTENDED,1,1.177282774559093,171.8271660634686,170.6498832889095,18.428046633307662,19.47421775761654,FLEXED,0,14.605211519975365,172.19974442469854,157.59453290472317
1129029.2921853,172.93495150558314,172.18228888050723,EXTENDED,1,1.177282774559093,172.18228888050723,171.00500610594813,17.453095818772262,18.944014678969637,FLEXED,0,14.605211519975365,172.19974442469854,157.59453290472317
1129029.3587754,172.7525176743395,172.56355073457365,EXTENDED,1,1.177282774559093,172.56355073457365,171.38626796001455,17.381049079793005,18.441303393885068,FLEXED,0,14.605211519975365,172.19974442469854,157.59453290472317
1129029.4295179,172.5865890385806,172.634005926082,EXTENDED,1,1.177282774559093,172.634005926082,171.4567231515229,17.410314683199754,17.98538262560536,FLEXED,0,14.605211519975365,172.19974442469854,157.59453290472317
1129029.50449,172.4146698692736,172.67413098306224,EXTENDED,1,1.177282774559093,172.67413098306224,171.49684820850314,17.50742878437204,17.635986999888946,FLEXED,0,14.605211519975365,172.19974442469854,157.59453290472317
1129029.5686251,171.95557138375122,172.5288598943056,EXTENDED,1,1.177282774559093,172.67413098306224,171.49684820850314,17.74297699017363,17.49897307126214,FLEXED,0,14.605211519975365,172.19974442469854,157.59453290472317
1129029.6367713,171.51860168437508,172.245589930064,EXTENDED,1,1.177282774559093,172.67413098306224,171.49684820850314,17.878319867157487,17.584017880939182,FLEXED,0,14.605211519975365,172.19974442469854,157.59453290472317
1129029.6972954,169.8951000728602,171.67410640976814,EXTENDED,1,1.177282774559093,172.67413098306224,171.49684820850314,17.767854048983725,17.661378874777327,FLEXED,0,14.605211519975365,172.19974442469854,157.59453290472317
1129029.7624033,169.10768692593953,170.97832598723994,EXTENDED,1,1.177282774559093,172.67413098306224,171.49684820850314,18.16654860066656,17.812625658270687,FLEXED,0,14.605211519975365,172.19974442469854,157.59453290472317
1129029.8232667,169.53584248479237,170.40256051034368,EXTENDED,1,1.177282774559093,172.67413098306224,171.49684820850314,18.432851537774297,17.99771020895114,FLEXED,0,14.605211519975365,172.19974442469854,157.59453290472317
1129029.8851143,164.33571092542826,168.8785884186791,EXTENDED,1,1.177282774559093,172.67413098306224,171.49684820850314,18.663108298986984,18.18173647071381,FLEXED,0,14.605211519975365,172.19974442469854,157.59453290472317
1129029.9494359,159.56382470636325,166.4876330230767,EXTENDED,1,1.177282774559093,172.67413098306224,171.49684820850314,18.823443365073818,18.370761170297076,FLEXED,0,14.605211519975365,172.19974442469854,157.59453290472317
1129030.0292249,157.66578585437873,164.04177017938042,EXTENDED,1,1.177282774559093,172.67413098306224,171.49684820850314,18.936924623800756,18.604575285260484,FLEXED,0,14.605211519975365,172.19974442469854,157.59453290472317
1129030.0983054,134.30854663174574,157.08194212054164,EXTENDED,1,1.177282774559093,172.67413098306224,171.49684820850314,18.173647642336064,18.60599509359438,FLEXED,0,14.605211519975365,172.19974442469854,157.59453290472317
1129030.1615925,122.50222063661553,147.6752177509063,EXTENDED,1,1.177282774559093,172.67413098306224,171.49684820850314,18.2067362815,18.560772042339526,FLEXED,0,14.605211519975365,172.19974442469854,157.59453290472317
1129030.2246107,122.7248367354704,139.35304291291473,EXTENDED,1,1.177282774559093,172.67413098306224,171.49684820850314,17.48274812305989,18.324700007154107,FLEXED,0,14.605211519975365,172.19974442469854,157.59453290472317
1129030.2897744,76.64242643855579,122.76876325935322,EXTENDED,1,1.177282774559093,172.67413098306224,171.49684820850314,16.893245299057682,17.938660393950876,FLEXED,0,14.605211519975365,172.19974442469854,157.59453290472317
1129030.3581749,64.65162996717535,104.16593208191254,EXTENDED,1,1.177282774559093,172.67413098306224,171.49684820850314,17.215491478725603,17.594373764935845,FLEXED,0,14.605211519975365,172.19974442469854,157.59453290472317
1129030.4270681,66.69740134534894,90.6437030246332,EXTENDED,1,1.177282774559093,172.67413098306224,171.49684820850314,19.08620828094289,17.776885892657212,FLEXED,0,14.605211519975365,172.19974442469854,157.59453290472317
1129030.5006583,52.70112425781682,76.68348374887347,EXTENDED,1,1.177282774559093,172.67413098306224,171.49684820850314,17.891409756799703,17.713820587717155,FLEXED,0,14.605211519975365,172.19974442469854,157.59453290472317
1129030.5784411,42.8433234918595,60.70718110015129,EXTENDED,1,1.177282774559093,172.67413098306224,171.49684820850314,16.015228909781605,17.420316745061495,FLEXED,0,14.605211519975365,172.19974442469854,157.59453290472317
1129030.646852,39.13059141884862,53.20481409620985,FLEXED,1,1.177282774559093,172.67413098306224,171.49684820850314,15.393264916928683,17.1203206686357,FLEXED,0,14.605211519975365,172.19974442469854,157.59453290472317
1129030.7069246,30.82118107336101,46.438724317446976,FLEXED,1,1.177282774559093,172.67413098306224,171.49684820850314,14.857387041488195,16.648699781188217,FLEXED,0,14.605211519975365,172.19974442469854,157.59453290472317
1129030.7730145,26.540670174523,38.407378083281785,FLEXED,1,1.177282774559093,172.67413098306224,171.49684820850314,14.82535976693483,15.796530078386601,FLEXED,0,14.605211519975365,172.19974442469854,157.59453290472317
1129030.8469915,25.790796962602176,33.02531262423886,FLEXED,1,1.177282774559093,172.67413098306224,171.49684820850314,15.388733826314528,15.295994892289567,FLEXED,0,14.605211519975365,172.19974442469854,157.59453290472317
1129030.9135858,23.47630663044073,29.151909251955107,FLEXED,1,1.177282774559093,172.67413098306224,171.49684820850314,15.586508127993351,15.210250735931917,FLEXED,0,14.605211519975365,172.19974442469854,157.59453290472317
1129030.9954143,21.89473690431156,25.704738349047698,FLEXED,1,1.177282774559093,172.67413098306224,171.49684820850314,15.488307091124652,15.229259170771112,FLEXED,0,14.605211519975365,172.19974442469854,157.59453290472317
1129031.0651653,21.373761568109707,23.815254447997432,FLEXED,1,1.177282774559093,172.67413098306224,171.49684820850314,15.347835718692558,15.327348906211984,FLEXED,0,14.605211519975365,172.19974442469854,157.59453290472317
1129031.1362986,19.78987568673932,22.465095550440697,FLEXED,1,1.177282774559093,172.67413098306224,171.49684820850314,15.266151193611824,15.415507191547382,FLEXED,0,14.605211519975365,172.19974442469854,157.59453290472317
1129031.2002406,18.31385147919147,20.969706453758555,FLEXED,1,1.177282774559093,172.67413098306224,171.49684820850314,15.322005411534025,15.402161508591282,FLEXED,0,14.605211519975365,172.19974442469854,157.59453290472317
1129031.2762267,17.531587538863494,19.78076263544311,FLEXED,1,1.177282774559093,172.67413098306224,171.49684820850314,15.345602822652578,15.353980447523128,FLEXED,0,14.605211519975365,172.19974442469854,157.59453290472317
1129031.3473347,16.60265875669792,18.722347005920383,FLEXED,1,1.177282774559093,172.67413098306224,171.49684820850314,15.534448887911658,15.363208806880527,FLEXED,0,14.605211519975365,172.19974442469854,157.59453290472317
1129031.4136442,15.968327718028815,17.641260235904205,FLEXED,1,1.177282774559093,172.67413098306224,171.49684820850314,15.619971035909176,15.417635870323853,FLEXED,0,14.605211519975365,172.19974442469854,157.59453290472317
1129031.4698864,15.693613404774712,16.82200777951128,FLEXED,1,1.177282774559093,172.67413098306224,171.49684820850314,15.720894540246121,15.508584539650712,FLEXED,0,14.605211519975365,172.19974442469854,157.59453290472317
1129031.5409169,15.576182455647638,16.274473974802515,FLEXED,1,1.177282774559093,172.67413098306224,171.49684820850314,15.741696253234993,15.592522707990906,FLEXED,0,14.605211519975365,172.19974442469854,157.59453290472317
1129031.6193966,15.282882345796839,15.824732936189184,FLEXED,1,1.177282774559093,172.67413098306224,171.49684820850314,15.69894831788667,15.663191807037723,FLEXED,0,14.605211519975365,172.19974442469854,157.59453290472317
1129031.8772317,14.872384087603153,15.47867800237023,FLEXED,1,1.177282774559093,172.67413098306224,171.49684820850314,15.82697259874031,15.721696549203452,FLEXED,0,14.605211519975365,172.19974442469854,157.59453290472317
1129031.9455088,14.607701305715779,15.206552719907624,FLEXED,1,1.177282774559093,172.67413098306224,171.49684820850314,16.01308969045451,15.80032028011252,FLEXED,0,14.605211519975365,172.19974442469854,157.59453290472317
1129032.018986,14.303684763785563,14.928566991709795,FLEXED,1,1.177282774559093,172.67413098306224,171.49684820850314,16.127244500035,15.881590272070298,FLEXED,0,14.605211519975365,172.19974442469854,157.59453290472317
1129032.1137561,13.878481145045168,14.589026729589301,FLEXED,1,1.177282774559093,172.67413098306224,171.49684820850314,16.355377406166237,16.004326502656546,FLEXED,0,14.605211519975365,172.19974442469854,157.59453290472317
1129032.1876234,13.651098965718253,14.262670053573581,FLEXED,1,1.177282774559093,172.67413098306224,171.49684820850314,16.484732563980124,16.16148335187524,FLEXED,0,14.605211519975365,172.19974442469854,157.59453290472317
1129032.2540337,13.514701208072086,13.99113347766737,FLEXED,1,1.177282774559093,172.67413098306224,171.49684820850314,21.844044098888475,17.36489765190487,FLEXED,0,14.605211519975365,172.19974442469854,157.59453290472317
1129032.3162132,13.433458229783163,13.756284862480845,FLEXED,1,1.177282774559093,172.67413098306224,171.49684820850314,25.89531353334697,19.341342420483365,FLEXED,0,14.605211519975365,172.19974442469854,157.59453290472317
1129032.3854782,13.404437854990022,13.576435480721738,FLEXED,1,1.177282774559093,172.67413098306224,171.49684820850314,34.31802939173912,22.979499398824185,FLEXED,0,14.605211519975365,172.19974442469854,157.59453290472317
1129032.4499295,13.5027855207022,13.501296355853146,FLEXED,1,1.177282774559093,172.67413098306224,171.49684820850314,41.00205321827645,27.908834561246227,FLEXED,0,14.605211519975365,172.19974442469854,157.59453290472317
1129032.5150494,14.098352646636657,13.590747092036827,FLEXED,1,1.177282774559093,172.67413098306224,171.49684820850314,46.121403076361545,33.83616866372252,FLEXED,0,14.605211519975365,172.19974442469854,157.59453290472317
1129032.5863251,14.289193592904203,13.745645569003248,FLEXED,1,1.177282774559093,172.67413098306224,171.49684820850314,45.45897190047188,38.55915422403919,FLEXED,0,14.605211519975365,172.19974442469854,157.59453290472317
1129032.6690428,14.378309208776919,13.934615764802,FLEXED,1,1.177282774559093,172.67413098306224,171.49684820850314,36.78210518684862,40.73651255473952,FLEXED,0,14.605211519975365,172.19974442469854,157.59453290472317
1129032.7316926,14.529926716800905,14.159713537164176,FLEXED,1,1.177282774559093,172.67413098306224,171.49684820850314,125.57476310570655,58.98785929753301,FLEXED,0,14.605211519975365,172.19974442469854,157.59453290472317
1129032.8054527,14.606853211722408,14.380527075368217,FLEXED,1,1.177282774559093,172.67413098306224,171.49684820850314,132.1479683253883,77.21704231895538,FLEXED,0,14.605211519975365,172.19974442469854,157.59453290472317
1129032.8766546,14.746423967393339,14.510141339519555,FLEXED,1,1.177282774559093,172.67413098306224,171.49684820850314,146.55989512624356,97.30474072893178,FLEXED,0,14.605211519975365,172.19974442469854,157.59453290472317
1129032.9477477,15.220879559176598,14.696478532774034,FLEXED,1,1.177282774559093,172.67413098306224,171.49684820850314,154.4889158010639,119.11072950905017,FLEXED,0,14.605211519975365,172.19974442469854,157.59453290472317
1129033.0128516,16.05822505693044,15.032461702404737,FLEXED,1,1.177282774559093,172.67413098306224,171.49684820850314,155.1876904341263,142.7918465585057,FLEXED,0,14.605211519975365,172.19974442469854,157.59453290472317
1129033.089778,16.643613255446535,15.455199010133864,FLEXED,1,1.177282774559093,172.67413098306224,171.49684820850314,156.715362470756,149.0199664315156,FLEXED,0,14.605211519975365,172.19974442469854,157.59453290472317
1129033.1601023,17.507251229355997,16.035278613660584,FLEXED,1,1.177282774559093,172.67413098306224,171.49684820850314,159.0149561772496,154.39336400188787,FLEXED,0,14.605211519975365,172.19974442469854,157.59453290472317
1129033.227449,17.981321697399622,16.68225815966184,FLEXED,1,1.177282774559093,172.67413098306224,171.49684820850314,161.64348672806872,157.4100823222529,FLEXED,0,14.605211519975365,172.19974442469854,157.59453290472317
1129033.2941691,18.4376567994794,17.3256136077224,FLEXED,1,1.177282774559093,172.67413098306224,171.49684820850314,163.22858394445234,159.1580159509306,FLEXED,0,14.605211519975365,172.19974442469854,157.59453290472317
1129033.3643869,18.603880753749415,17.834744747086194,FLEXED,1,1.177282774559093,172.67413098306224,171.49684820850314,164.74674062440184,161.06982598898568,EXTENDED,1,14.605211519975365,172.19974442469854,157.59453290472317
1129033.435746,18.763683820444285,18.258758860085745,FLEXED,1,1.177282774559093,172.67413098306224,171.49684820850314,165.1422125290515,162.75519600064482,EXTENDED,1,14.605211519975365,172.19974442469854,157.59453290472317
1129033.5299245,18.804339588705357,18.518176531955614,FLEXED,1,1.177282774559093,172.67413098306224,171.49684820850314,166.71517848525556,164.295240462246,EXTENDED,1,14.605211519975365,172.19974442469854,157.59453290472317
1129033.60065,18.983289409744508,18.718570074424594,FLEXED,1,1.177282774559093,172.67413098306224,171.49684820850314,167.01352326339475,165.3692477693112,EXTENDED,1,14.605211519975365,172.19974442469854,157.59453290472317
1129033.6715932,19.103421122107925,18.851722938950296,FLEXED,1,1.177282774559093,172.67413098306224,171.49684820850314,166.84949772248763,166.09343052491826,EXTENDED,1,14.605211519975365,172.19974442469854,157.59453290472317
1129033.7345702,19.071765116371534,18.945299811474722,FLEXED,1,1.177282774559093,172.67413098306224,171.49684820850314,166.31833859103838,166.40775011824556,EXTENDED,1,14.605211519975365,172.19974442469854,157.59453290472317
1129033.8098626,19.072079363269697,19.006978920039803,FLEXED,1,1.177282774559093,172.67413098306224,171.49684820850314,165.8762940749447,166.5545664274242,EXTENDED,1,14.605211519975365,172.19974442469854,157.59453290472317
1129033.8796041,19.145037976425538,19.07511859758384,FLEXED,1,1.177282774559093,172.67413098306224,171.49684820850314,165.4545113612846,166.30243300263,EXTENDED,1,14.605211519975365,172.19974442469854,157.59453290472317
1129033.9521223,19.24267840892267,19.12699639741947,FLEXED,1,1.177282774559093,172.67413098306224,171.49684820850314,164.6237320482756,165.82447475960618,EXTENDED,1,14.605211519975365,172.19974442469854,157.59453290472317
1129034.0149943,19.198312662473064,19.1459747054925,FLEXED,1,1.177282774559093,172.67413098306224,171.49684820850314,162.08635689691764,164.87184659449218,EXTENDED,1,14.605211519975365,172.19974442469854,157.59453290472317
1129034.078528,19.212199617673416,19.17406160575288,FLEXED,1,1.177282774559093,172.67413098306224,171.49684820850314,160.99686460125787,163.80755179653607,EXTENDED,1,14.605211519975365,172.19974442469854,157.59453290472317
1129034.147357,19.173682144832796,19.194382162065498,FLEXED,1,1.177282774559093,172.67413098306224,171.49684820850314,155.98830428757694,161.82995383906254,EXTENDED,1,14.605211519975365,172.19974442469854,157.59453290472317
1129034.2158729,19.10674515855376,19.18672359849114,FLEXED,1,1.177282774559093,172.67413098306224,171.49684820850314,150.56437149151077,158.85192586510775,EXTENDED,1,14.605211519975365,172.19974442469854,157.59453290472317
1129034.2917956,18.936781736774392,19.125544264061485,FLEXED,1,1.177282774559093,172.67413098306224,171.49684820850314,145.36919086798383,155.00101762904941,EXTENDED,1,14.605211519975365,172.19974442469854,157.59453290472317
1129034.3570076,18.861030682965353,19.058087868159944,FLEXED,1,1.177282774559093,172.67413098306224,171.49684820850314,149.13844166911096,152.41143458348807,EXTENDED,1,14.605211519975365,172.19974442469854,157.59453290472317
1129034.4345758,18.552353417246277,18.926118628074516,FLEXED,1,1.177282774559093,172.67413098306224,171.49684820850314,150.88229682393091,150.3885210280227,EXTENDED,1,14.605211519975365,172.19974442469854,157.59453290472317
1129034.5078113,18.45153934254452,18.78169006761686,FLEXED,1,1.177282774559093,172.67413098306224,171.49684820850314,151.9217504909293,149.57521026869316,EXTENDED,1,14.605211519975365,172.19974442469854,157.59453290472317
1129034.5674097,18.380043962005033,18.636349828307115,FLEXED,1,1.177282774559093,172.67413098306224,171.49684820850314,154.55845074574057,150.3740261195391,EXTENDED,1,14.605211519975365,172.19974442469854,157.59453290472317
1129034.6253195,18.224633949567536,18.493920270865743,FLEXED,1,1.177282774559093,172.67413098306224,171.49684820850314,158.32011071284882,152.96421008851212,EXTENDED,1,14.605211519975365,172.19974442469854,157.59453290472317
1129034.6880741,18.12594209535696,18.346902553344066,FLEXED,1,1.177282774559093,172.67413098306224,171.49684820850314,161.85725021580302,155.50797179785053,EXTENDED,1,14.605211519975365,172.19974442469854,157.59453290472317
1129034.7557464,18.211408302010042,18.27871353029682,FLEXED,1,1.177282774559093,172.67413098306224,171.49684820850314,162.8184564228939,157.8952037176431,EXTENDED,1,14.605211519975365,172.19974442469854,157.59453290472317
1129034.8438122,18.33223106854928,18.25485187549777,FLEXED,1,1.177282774559093,172.67413098306224,171.49684820850314,163.3478809654657,160.1804298125504,EXTENDED,1,14.605211519975365,172.19974442469854,157.59453290472317
1129034.9108481,18.528793610916367,18.284601805280037,FLEXED,1,1.177282774559093,172.67413098306224,171.49684820850314,164.5927709205336,162.187293847509,EXTENDED,1,14.605211519975365,172.19974442469854,157.59453290472317
1129034.9838665,18.60320772006175,18.36031655937888,FLEXED,1,1.177282774559093,172.67413098306224,171.49684820850314,165.34215360608357,163.59170242615593,EXTENDED,1,14.605211519975365,172.19974442469854,157.59453290472317
1129035.0621722,18.629500259025484,18.461028192112583,FLEXED,1,1.177282774559093,172.67413098306224,171.49684820850314,165.7786842961177,164.37598924221888,EXTENDED,1,14.605211519975365,172.19974442469854,157.59453290472317
1129035.1230656,18.61657277185793,18.542061086082164,FLEXED,1,1.177282774559093,172.67413098306224,171.49684820850314,166.09586238970152,165.03147043558042,EXTENDED,1,14.605211519975365,172.19974442469854,157.59453290472317
1129035.2025866,18.59227027951937,18.59406892827618,FLEXED,1,1.177282774559093,172.67413098306224,171.49684820850314,166.574456321603,165.6767855068079,EXTENDED,1,14.605211519975365,172.19974442469854,157.59453290472317
1129035.2734676,18.57980735722345,18.6042716775376,FLEXED,1,1.177282774559093,172.67413098306224,171.49684820850314,166.87464574270697,166.13316047124255,EXTENDED,1,14.605211519975365,172.19974442469854,157.59453290472317
1129035.3338689,18.369409635610737,18.557512060647394,FLEXED,1,1.177282774559093,172.67413098306224,171.49684820850314,167.48940671491383,166.5626110930086,EXTENDED,1,14.605211519975365,172.19974442469854,157.59453290472317
1129035.4043993,17.976234243122477,18.42685885746679,FLEXED,1,1.177282774559093,172.67413098306224,171.49684820850314,167.7264164759241,166.95215752896988,EXTENDED,1,14.605211519975365,172.19974442469854,157.59453290472317
1129035.4774238,17.916747497864453,18.286893802668096,FLEXED,1,1.177282774559093,172.67413098306224,171.49684820850314,166.9318200904296,167.1193490691155,EXTENDED,1,14.605211519975365,172.19974442469854,157.59453290472317
1129035.5534069,17.740368508027235,18.11651344836967,FLEXED,1,1.177282774559093,172.67413098306224,171.49684820850314,166.7186543869159,167.14818868217807,EXTENDED,1,14.605211519975365,172.19974442469854,157.59453290472317
1129035.6183455,17.538792431131693,17.908310463151317,FLEXED,1,1.177282774559093,172.67413098306224,171.49684820850314,166.670317323792,167.1073229983951,EXTENDED,1,14.605211519975365,172.19974442469854,157.59453290472317
1129035.6890707,17.431853604112508,17.72079925685167,FLEXED,1,1.177282774559093,172.67413098306224,171.49684820850314,166.97767289518708,167.00497623444974,EXTENDED,1,14.605211519975365,172.19974442469854,157.59453290472317
1129035.7640878,16.94001914683889,17.513556237594955,FLEXED,1,1.177282774559093,172.67413098306224,171.49684820850314,164.60907454756352,166.38150784877763,EXTENDED,1,14.605211519975365,172.19974442469854,157.59453290472317
1129035.8268577,16.68249809757859,17.26670635753778,FLEXED,1,1.177282774559093,172.67413098306224,171.49684820850314,162.3260561884212,165.46035506837592,EXTENDED,1,14.605211519975365,172.19974442469854,157.59453290472317
1129035.8838406,16.112667753173568,16.94116620656705,FLEXED,1,1.177282774559093,172.67413098306224,171.49684820850314,156.66797494353185,163.4502191796991,EXTENDED,1,14.605211519975365,172.19974442469854,157.59453290472317
1129035.9544918,15.929572280062041,16.61932217635312,FLEXED,1,1.177282774559093,172.67413098306224,171.49684820850314,150.8789246481145,160.29194064456365,EXTENDED,1,14.605211519975365,172.19974442469854,157.59453290472317
1129036.0311579,15.82857380647399,16.298666216825417,FLEXED,1,1.177282774559093,172.67413098306224,171.49684820850314,149.09692167867397,156.71579040126102,EXTENDED,1,14.605211519975365,172.19974442469854,157.59453290472317
1129036.0969353,16.05188852715233,16.1210400928881,FLEXED,1,1.177282774559093,172.67413098306224,171.49684820850314,134.41125703737427,150.67622689922317,EXTENDED,1,14.605211519975365,172.19974442469854,157.59453290472317
1129036.1637547,16.050755085696984,15.99469149051178,FLEXED,1,1.177282774559093,172.67413098306224,171.49684820850314,127.13111719480348,143.6372391004996,EXTENDED,1,14.605211519975365,172.19974442469854,157.59453290472317
1129036.2383607,15.83747488847907,15.939652917572882,FLEXED,1,1.177282774559093,172.67413098306224,171.49684820850314,97.98093383922844,131.89983087963893,EXTENDED,1,14.605211519975365,172.19974442469854,157.59453290472317
1129036.3094811,16.17157390918455,15.988053243397385,FLEXED,1,1.177282774559093,172.67413098306224,171.49684820850314,69.45980237796101,115.61600642560825,EXTENDED,1,14.605211519975365,172.19974442469854,157.59453290472317
1129036.3770328,15.812444466160361,15.984827375334657,FLEXED,1,1.177282774559093,172.67413098306224,171.49684820850314,64.99271198204468,98.79516448628237,EXTENDED,1,14.605211519975365,172.19974442469854,157.59453290472317
1129036.440733,15.745856332400336,15.923620936384259,FLEXED,1,1.177282774559093,172.67413098306224,171.49684820850314,51.55735079936483,82.22438323868049,EXTENDED,1,14.605211519975365,172.19974442469854,157.59453290472317
1129036.5047625,15.653724993860946,15.844214918017054,FLEXED,1,1.177282774559093,172.67413098306224,171.49684820850314,49.256352706252194,66.64943034097023,EXTENDED,1,14.605211519975365,172.19974442469854,157.59453290472317
1129036.5703514,15.620574774069436,15.800834895135125,FLEXED,1,1.177282774559093,172.67413098306224,171.49684820850314,48.342980148280155,56.72183960278058,FLEXED,1,14.605211519975365,172.19974442469854,157.59453290472317
1129036.6416885,15.645952472649432,15.6957106078281,FLEXED,1,1.177282774559093,172.67413098306224,171.49684820850314,37.99042710102924,50.42796454739422,FLEXED,1,14.605211519975365,172.19974442469854,157.59453290472317
1129036.7191373,15.641404819292333,15.661502678454497,FLEXED,1,1.177282774559093,172.67413098306224,171.49684820850314,34.62217800922222,44.353857752829725,FLEXED,1,14.605211519975365,172.19974442469854,157.59453290472317
1129036.7793443,15.516546732377716,15.615640758449974,FLEXED,1,1.177282774559093,172.67413098306224,171.49684820850314,29.11817035363154,39.86602166368307,FLEXED,1,14.605211519975365,172.19974442469854,157.59453290472317
1129036.8466618,15.266475618145876,15.538190883306958,FLEXED,1,1.177282774559093,172.67413098306224,171.49684820850314,26.589083431508143,35.332567808734254,FLEXED,1,14.605211519975365,172.19974442469854,157.59453290472317
1129036.9114324,14.984340731833155,15.410944074859703,FLEXED,1,1.177282774559093,172.67413098306224,171.49684820850314,24.94309089278039,30.6525899576343,FLEXED,1,14.605211519975365,172.19974442469854,157.59453290472317
1129036.9775564,14.569063517215413,15.1955662837729,FLEXED,1,1.177282774559093,172.67413098306224,171.49684820850314,23.72426581193572,27.7993576998156,FLEXED,1,14.605211519975365,172.19974442469854,157.59453290472317
1129037.0425362,14.614038115369265,14.990092942988284,FLEXED,1,1.177282774559093,172.67413098306224,171.49684820850314,22.59099647668624,25.39312139330841,FLEXED,1,14.605211519975365,172.19974442469854,157.59453290472317
1129037.1086276,14.634481898168877,14.813679976146517,FLEXED,1,1.177282774559093,172.67413098306224,171.49684820850314,21.964663495716657,23.962420021725432,FLEXED,1,14.605211519975365,172.19974442469854,157.59453290472317
1129037.1869196,14.541023438501675,14.668589540217678,FLEXED,1,1.177282774559093,172.67413098306224,171.49684820850314,19.6891799660029,22.582439328624382,FLEXED,1,14.605211519975365,172.19974442469854,157.59453290472317
1129037.5079457,14.369367265788275,14.5455948470087,FLEXED,1,1.177282774559093,172.67413098306224,171.49684820850314,17.472476102248635,21.08831637051803,FLEXED,1,14.605211519975365,172.19974442469854,157.59453290472317
1129037.5840158,14.293960188519103,14.49057418126944,FLEXED,1,1.177282774559093,172.67413098306224,171.49684820850314,16.789935535130912,19.701450315157068,FLEXED,1,14.605211519975365,172.19974442469854,157.59453290472317
1129037.6668486,14.225368817185343,14.412840321632654,FLEXED,1,1.177282774559093,172.67413098306224,171.49684820850314,16.42796194465131,18.468843408750082,FLEXED,1,14.605211519975365,172.19974442469854,157.59453290472317
1129037.7435928,14.162773811551832,14.318498704309246,FLEXED,1,1.177282774559093,172.67413098306224,171.49684820850314,15.971605344760375,17.270231778558827,FLEXED,1,14.605211519975365,172.19974442469854,157.59453290472317
1129037.8133774,14.160302495712404,14.24235451575139,FLEXED,1,1.177282774559093,172.67413098306224,171.49684820850314,15.856720982200933,16.503739981798436,FLEXED,1,14.605211519975365,172.19974442469854,157.59453290472317
1129037.877533,14.178862151971433,14.204253492988022,FLEXED,1,1.177282774559093,172.67413098306224,171.49684820850314,15.83002255463766,16.17524927227624,FLEXED,1,14.605211519975365,172.19974442469854,157.59453290472317
1129037.9495438,14.128712079720506,14.171203871228304,FLEXED,1,1.177282774559093,172.67413098306224,171.49684820850314,15.42913823806903,15.903089812863863,FLEXED,1,14.605211519975365,172.19974442469854,157.59453290472317
1129038.0211383,14.09313481838456,14.144757071468149,FLEXED,1,1.177282774559093,172.67413098306224,171.49684820850314,15.227164659245778,15.662930355782754,FLEXED,1,14.605211519975365,172.19974442469854,157.59453290472317
1129038.0893838,14.069198817961269,14.126042072750034,FLEXED,1,1.177282774559093,172.67413098306224,171.49684820850314,15.153083003790558,15.499225887588793,FLEXED,1,14.605211519975365,172.19974442469854,157.59453290472317
1129038.1529351,14.071519614566594,14.108285496520873,FLEXED,1,1.177282774559093,172.67413098306224,171.49684820850314,15.008282885866505,15.329538268321906,FLEXED,1,14.605211519975365,172.19974442469854,157.59453290472317
1129038.2178496,14.060524973405407,14.084618060807667,FLEXED,1,1.177282774559093,172.67413098306224,171.49684820850314,14.987376668963174,15.161009091187008,FLEXED,1,14.605211519975365,172.19974442469854,157.59453290472317
1129038.2762275,14.040769518053107,14.067029548474187,FLEXED,1,1.177282774559093,172.67413098306224,171.49684820850314,14.978789152086241,15.07093927399045,FLEXED,1,14.605211519975365,172.19974442469854,157.59453290472317
1129038.3374318,14.012735951128908,14.050949775023057,FLEXED,1,1.177282774559093,172.67413098306224,171.49684820850314,14.925135762687368,15.010533494678771,FLEXED,1,14.605211519975365,172.19974442469854,157.59453290472317
1129038.3941942,13.938364812984108,14.024782974027625,FLEXED,1,1.177282774559093,172.67413098306224,171.49684820850314,14.940813269649565,14.96807954785057,FLEXED,1,14.605211519975365,172.19974442469854,157.59453290472317
1129038.4616229,13.870535731771092,13.984586197468525,FLEXED,1,1.177282774559093,172.67413098306224,171.49684820850314,14.95382671085912,14.957188312849095,FLEXED,1,14.605211519975365,172.19974442469854,157.59453290472317
1129038.5214649,13.808528678425851,13.934186938472612,FLEXED,1,1.177282774559093,172.67413098306224,171.49684820850314,14.915273531462805,14.94276768534902,FLEXED,1,14.605211519975365,172.19974442469854,157.59453290472317
1129038.5929947,14.201256212434625,13.966284277348915,FLEXED,1,1.177282774559093,172.67413098306224,171.49684820850314,14.878270347170263,14.922663924365825,FLEXED,1,14.605211519975365,172.19974442469854,157.59453290472317
1129038.6664652,14.450843751782603,14.053905837479656,FLEXED,1,1.177282774559093,172.67413098306224,171.49684820850314,14.890172118639793,14.915671195556309,FLEXED,1,14.605211519975365,172.19974442469854,157.59453290472317
1129038.7252909,17.19285202534323,14.70480327995148,FLEXED,1,1.177282774559093,172.67413098306224,171.49684820850314,14.891275482625067,14.90576363815141,FLEXED,1,14.605211519975365,172.19974442469854,157.59453290472317
1129038.7949515,20.460184630270078,16.02273305965128,FLEXED,1,1.177282774559093,172.67413098306224,171.49684820850314,14.780328023554942,14.871063900690572,FLEXED,1,14.605211519975365,172.19974442469854,157.59453290472317
1129038.8735004,21.95022739323595,17.651072802613296,FLEXED,1,1.177282774559093,172.67413098306224,171.49684820850314,14.709743992380753,14.829957992874165,FLEXED,1,14.605211519975365,172.19974442469854,157.59453290472317
1129038.9515884,31.244391725392795,21.059699905204933,FLEXED,1,1.177282774559093,172.67413098306224,171.49684820850314,14.79984230887032,14.814272385214176,FLEXED,1,14.605211519975365,172.19974442469854,157.59453290472317
1129039.0251266,40.364872056121875,26.242505566072783,FLEXED,1,1.177282774559093,172.67413098306224,171.49684820850314,15.1469318686502,14.865624335216257,FLEXED,1,14.605211519975365,172.19974442469854,157.59453290472317
1129039.1063471,42.94758988600032,31.3934531382042,FLEXED,1,1.177282774559093,172.67413098306224,171.49684820850314,15.30289163376877,14.947947565444997,FLEXED,1,14.605211519975365,172.19974442469854,157.59453290472317
1129039.1764306,71.84154743545042,41.669725699240274,FLEXED,1,1.177282774559093,172.67413098306224,171.49684820850314,15.38760838118608,15.069403636971225,FLEXED,1,14.605211519975365,172.19974442469854,157.59453290472317
1129039.2509831,96.87601670735421,56.65488356206392,FLEXED,1,1.177282774559093,172.67413098306224,171.49684820850314,14.977264183533865,15.122907675201848,FLEXED,1,14.605211519975365,172.19974442469854,157.59453290472317
1129039.3341256,137.720265136538,77.95005824429296,FLEXED,1,1.177282774559093,172.67413098306224,171.49684820850314,14.640049796560682,15.09094917273992,FLEXED,1,14.605211519975365,172.19974442469854,157.59453290472317
1129039.4001313,140.73277090911427,98.02363801489143,FLEXED,1,1.177282774559093,172.67413098306224,171.49684820850314,14.19008553679826,14.89957990636953,FLEXED,1,14.605211519975365,172.19974442469854,157.59453290472317
1129039.4745342,153.50584492645612,120.1352890229826,FLEXED,1,1.177282774559093,172.67413098306224,171.49684820850314,14.413264960598529,14.721654571735481,FLEXED,1,14.605211519975365,172.19974442469854,157.59453290472317
1129039.5516643,157.01909350405603,137.17079823670372,FLEXED,1,1.177282774559093,172.67413098306224,171.49684820850314,14.87379855098642,14.618892605695553,FLEXED,1,14.605211519975365,172.19974442469854,157.59453290472317
1129039.6390943,158.63433729304285,149.52246235384146,FLEXED,1,1.177282774559093,172.67413098306224,171.49684820850314,15.02890663023768,14.629221095036314,FLEXED,1,14.605211519975365,172.19974442469854,157.59453290472317
1129039.7152011,163.46260797636077,154.67093092180602,FLEXED,1,1.177282774559093,172.67413098306224,171.49684820850314,16.239412908205484,14.949093717365276,FLEXED,1,14.605211519975365,172.19974442469854,157.59453290472317
1129039.8048533,164.7707918290775,159.47853510579867,FLEXED,1,1.177282774559093,172.67413098306224,171.49684820850314,16.91970659313966,15.495017928633555,FLEXED,1,14.605211519975365,172.19974442469854,157.59453290472317
1129039.886244,165.76835585702452,161.93103729191233,EXTENDED,2,1.177282774559093,172.67413098306224,171.49684820850314,17.12198768653965,16.03676247382178,FLEXED,1,14.605211519975365,172.19974442469854,157.59453290472317
1129039.956871,166.67322480954314,163.86186355300975,EXTENDED,2,1.177282774559093,172.67413098306224,171.49684820850314,17.867535656488485,16.635509894922194,FLEXED,1,14.605211519975365,172.19974442469854,157.59453290472317
1129040.0351148,166.15523594935203,165.3660432842716,EXTENDED,2,1.177282774559093,172.67413098306224,171.49684820850314,18.9399698846853,17.417722545811717,FLEXED,1,14.605211519975365,172.19974442469854,157.59453290472317
1129040.1193723,165.39982341069074,165.75348637113757,EXTENDED,2,1.177282774559093,172.67413098306224,171.49684820850314,19.04838080819065,17.97951612580875,FLEXED,1,14.605211519975365,172.19974442469854,157.59453290472317
1129040.1844054,165.75361234502276,165.95005047432664,EXTENDED,2,1.177282774559093,172.67413098306224,171.49684820850314,19.25892304572428,18.447359416325675,FLEXED,1,14.605211519975365,172.19974442469854,157.59453290472317
1129040.2628768,165.57180348477925,165.9107399998776,EXTENDED,2,1.177282774559093,172.67413098306224,171.49684820850314,19.432975320812442,18.90955694318023,FLEXED,1,14.605211519975365,172.19974442469854,157.59453290472317
1129040.3388486,164.2047282353639,165.41704068504174,EXTENDED,2,1.177282774559093,172.67413098306224,171.49684820850314,19.70328781044683,19.276707373971902,FLEXED,1,14.605211519975365,172.19974442469854,157.59453290472317
1129040.4041564,163.66735074383317,164.91946364393795,EXTENDED,2,1.177282774559093,172.67413098306224,171.49684820850314,19.718347374561674,19.432382871947176,FLEXED,1,14.605211519975365,172.19974442469854,157.59453290472317
1129040.4774968,163.0745121961513,164.45440140103008,EXTENDED,2,1.177282774559093,172.67413098306224,171.49684820850314,19.722019707776255,19.567110651864297,FLEXED,1,14.605211519975365,172.19974442469854,157.59453290472317
1129040.5508557,162.58208009368565,163.82009495076264,EXTENDED,2,1.177282774559093,172.67413098306224,171.49684820850314,19.791108812940873,19.673547805307614,FLEXED,1,14.605211519975365,172.19974442469854,157.59453290472317
1129040.6404616,162.4532624780636,163.19638674941953,EXTENDED,2,1.177282774559093,172.67413098306224,171.49684820850314,19.94836244931442,19.77662523100801,FLEXED,1,14.605211519975365,172.19974442469854,157.59453290472317
1129040.7064085,162.09329772377953,162.77410064710264,EXTENDED,2,1.177282774559093,172.67413098306224,171.49684820850314,20.32046865008996,19.900061398936636,FLEXED,1,14.605211519975365,172.19974442469854,157.59453290472317
1129040.7722612,161.71395388298833,162.38342127493368,EXTENDED,2,1.177282774559093,172.67413098306224,171.49684820850314,20.449599027577868,20.046311729539877,FLEXED,1,14.605211519975365,172.19974442469854,157.59453290472317
1129040.8449615,161.12808015160735,161.99413486602492,EXTENDED,2,1.177282774559093,172.67413098306224,171.49684820850314,20.445014211574986,20.19091063029962,FLEXED,1,14.605211519975365,172.19974442469854,157.59453290472317
1129040.9256928,161.07978863507893,161.69367657430354,EXTENDED,2,1.177282774559093,172.67413098306224,171.49684820850314,20.443572809771737,20.321403429665796,FLEXED,1,14.605211519975365,172.19974442469854,157.59453290472317
1129041.0031959,161.09430971344804,161.42188602138043,EXTENDED,2,1.177282774559093,172.67413098306224,171.49684820850314,20.395291095917223,20.410789158986354,FLEXED,1,14.605211519975365,172.19974442469854,157.59453290472317
1129041.0758712,163.24890285431394,161.65300704748734,EXTENDED,2,1.177282774559093,172.67413098306224,171.49684820850314,20.467652686468806,20.440225966262126,FLEXED,1,14.605211519975365,172.19974442469854,157.59453290472317
1129041.158804,163.46861437157588,162.00393914520484,EXTENDED,2,1.177282774559093,172.67413098306224,171.49684820850314,20.433612496292902,20.437028660005133,FLEXED,1,14.605211519975365,172.19974442469854,157.59453290472317
1129041.2660066,163.78602584359174,162.5355282836017,EXTENDED,2,1.177282774559093,172.67413098306224,171.49684820850314,20.153463094969464,20.378718436684025,FLEXED,1,14.605211519975365,172.19974442469854,157.59453290472317
1129041.3406761,163.830819050824,163.0857343667507,EXTENDED,2,1.177282774559093,172.67413098306224,171.49684820850314,20.012021137899804,20.29240810230964,FLEXED,1,14.605211519975365,172.19974442469854,157.59453290472317
1129041.4113942,164.65605573005732,163.79808357007258,EXTENDED,2,1.177282774559093,172.67413098306224,171.49684820850314,19.93298072321515,20.199946027769226,FLEXED,1,14.605211519975365,172.19974442469854,157.59453290472317
1129041.4734644,165.78591550676825,164.30548610056343,EXTENDED,2,1.177282774559093,172.67413098306224,171.49684820850314,19.96805760631755,20.100027011738973,FLEXED,1,14.605211519975365,172.19974442469854,157.59453290472317
1129041.5461111,165.92416243068664,164.79659571238557,EXTENDED,2,1.177282774559093,172.67413098306224,171.49684820850314,19.936530778308793,20.00061066814215,FLEXED,1,14.605211519975365,172.19974442469854,157.59453290472317
1129041.628168,165.8568184810762,165.21075423988248,EXTENDED,2,1.177282774559093,172.67413098306224,171.49684820850314,19.92241829953038,19.954401709054334,FLEXED,1,14.605211519975365,172.19974442469854,157.59453290472317
1129041.7040438,165.6239914208478,165.56938871388724,EXTENDED,2,1.177282774559093,172.67413098306224,171.49684820850314,19.77571658097948,19.90714079767027,FLEXED,1,14.605211519975365,172.19974442469854,157.59453290472317
1129041.7679164,165.18304868680409,165.6747873052366,EXTENDED,2,1.177282774559093,172.67413098306224,171.49684820850314,19.499615300440883,19.820467713115416,FLEXED,1,14.605211519975365,172.19974442469854,157.59453290472317
1129041.8328614,164.82620469386313,165.48284514265558,EXTENDED,2,1.177282774559093,172.67413098306224,171.49684820850314,19.516944556613666,19.73024510317464,FLEXED,1,14.605211519975365,172.19974442469854,157.59453290472317
1129041.8973431,163.59747676883524,165.0175080102853,EXTENDED,2,1.177282774559093,172.67413098306224,171.49684820850314,19.53794562657364,19.650528072827612,FLEXED,1,14.605211519975365,172.19974442469854,157.59453290472317
1129041.9559806,156.75801372015349,163.19774705810076,EXTENDED,2,1.177282774559093,172.67413098306224,171.49684820850314,19.3876568838809,19.543575789697712,FLEXED,1,14.605211519975365,172.19974442469854,157.59453290472317
1129042.0305139,154.0157480825693,160.87609839044507,EXTENDED,2,1.177282774559093,172.67413098306224,171.49684820850314,19.316870936182195,19.45180666073826,FLEXED,1,14.605211519975365,172.19974442469854,157.59453290472317
1129042.115115,137.09104849725105,155.25769835253445,EXTENDED,2,1.177282774559093,172.67413098306224,171.49684820850314,18.89808649654424,19.33150089995893,FLEXED,1,14.605211519975365,172.19974442469854,157.59453290472317
1129042.190336,114.29984635103213,145.15242668396823,EXTENDED,2,1.177282774559093,172.67413098306224,171.49684820850314,18.745529736269546,19.177217935890106,FLEXED,1,14.605211519975365,172.19974442469854,157.59453290472317
1129042.2643377,110.01979414014944,134.43689015823108,EXTENDED,2,1.177282774559093,172.67413098306224,171.49684820850314,18.64446888268911,18.998522587113197,FLEXED,1,14.605211519975365,172.19974442469854,157.59453290472317
1129042.3304224,78.99807498751017,118.88490241170243,EXTENDED,2,1.177282774559093,172.67413098306224,171.49684820850314,18.07682473425351,18.73635615718772,FLEXED,1,14.605211519975365,172.19974442469854,157.59453290472317
1129042.4009581,61.450627630968874,100.37187832138234,EXTENDED,2,1.177282774559093,172.67413098306224,171.49684820850314,17.398793289016385,18.352740627754557,FLEXED,1,14.605211519975365,172.19974442469854,157.59453290472317
1129042.4822324,61.127354195619695,85.17913946105607,EXTENDED,2,1.177282774559093,172.67413098306224,171.49684820850314,16.780344329475344,17.92919219434078,FLEXED,1,14.605211519975365,172.19974442469854,157.59453290472317
1129042.5487188,45.234208728456245,71.36601193654089,EXTENDED,2,1.177282774559093,172.67413098306224,171.49684820850314,16.08545966087715,17.397178179262298,FLEXED,1,14.605211519975365,172.19974442469854,157.59453290472317
1129042.6182539,40.51106058671769,57.46426522585453,FLEXED,2,1.177282774559093,172.67413098306224,171.49684820850314,15.592783684823207,16.78684113968912,FLEXED,1,14.605211519975365,172.19974442469854,157.59453290472317
1129042.6983302,40.32109379424054,49.72886898720061,FLEXED,2,1.177282774559093,172.67413098306224,171.49684820850314,15.25872990459167,16.223222173756753,FLEXED,1,14.605211519975365,172.19974442469854,157.59453290472317
1129042.7677771,33.61912680253051,44.162568821512934,FLEXED,2,1.177282774559093,172.67413098306224,171.49684820850314,15.045924393708267,15.752648394695125,FLEXED,1,14.605211519975365,172.19974442469854,157.59453290472317
1129042.8330647,28.127534668829924,37.56260491615498,FLEXED,2,1.177282774559093,172.67413098306224,171.49684820850314,14.785996591175694,15.353778847035198,FLEXED,1,14.605211519975365,172.19974442469854,157.59453290472317
1129043.133411,20.000351613441676,32.515833493152066,FLEXED,2,1.177282774559093,172.67413098306224,171.49684820850314,14.170156780013011,14.970718270862372,FLEXED,1,14.605211519975365,172.19974442469854,157.59453290472317
1129043.2204018,18.002446864569862,28.014110748722498,FLEXED,2,1.177282774559093,172.67413098306224,171.49684820850314,13.90811895113315,14.633785324124357,FLEXED,1,14.605211519975365,172.19974442469854,157.59453290472317
1129043.2916262,16.13170872150514,23.176233734175423,FLEXED,2,1.177282774559093,172.67413098306224,171.49684820850314,13.805063961713843,14.343052135548794,FLEXED,1,14.343052135548794,172.19974442469854,157.85669228914975
1129043.359537,14.839446174381582,19.42029760854564,FLEXED,2,1.177282774559093,172.67413098306224,171.49684820850314,13.817113215360308,14.0972898998792,FLEXED,1,14.0972898998792,172.19974442469854,158.10245452481934
1129043.4347167,14.760847901056636,16.74696025499098,FLEXED,2,1.177282774559093,172.67413098306224,171.49684820850314,13.854653916504398,13.911021364944943,FLEXED,1,13.911021364944943,172.19974442469854,158.28872305975358
1129043.5068792,14.86138120047632,15.719166172397909,FLEXED,2,1.177282774559093,172.67413098306224,171.49684820850314,13.931355555723044,13.86326112008695,FLEXED,1,13.86326112008695,172.19974442469854,158.3364833046116
1129043.5890764,14.853248188560569,15.08932643719605,FLEXED,2,1.177282774559093,172.67413098306224,171.49684820850314,14.04004370549559,13.889646070959435,FLEXED,1,13.86326112008695,172.19974442469854,158.3364833046116
1129043.6676463,14.672756500013024,14.797535992897627,FLEXED,2,1.177282774559093,172.67413098306224,171.49684820850314,14.090400187833804,13.946713316183429,FLEXED,1,13.86326112008695,172.19974442469854,158.3364833046116
1129043.7610684,14.496434551772289,14.728933668375765,FLEXED,2,1.177282774559093,172.67413098306224,171.49684820850314,14.160470619812958,14.015384797073958,FLEXED,1,13.86326112008695,172.19974442469854,158.3364833046116
1129043.8360968,14.504599205179264,14.677683929200294,FLEXED,2,1.177282774559093,172.67413098306224,171.49684820850314,14.19036215958535,14.08252644569015,FLEXED,1,13.86326112008695,172.19974442469854,158.3364833046116
1129043.8982836,14.61352641071812,14.628112971248655,FLEXED,2,1.177282774559093,172.67413098306224,171.49684820850314,14.20056887641723,14.136369109828987,FLEXED,1,13.86326112008695,172.19974442469854,158.3364833046116
1129043.977431,14.586561576593978,14.574775648855336,FLEXED,2,1.177282774559093,172.67413098306224,171.49684820850314,14.099673505915257,14.148295069912919,FLEXED,1,13.86326112008695,172.19974442469854,158.3364833046116
1129044.0358284,14.579469835696123,14.556118315991956,FLEXED,2,1.177282774559093,172.67413098306224,171.49684820850314,14.127982184773817,14.155811469300923,FLEXED,1,13.86326112008695,172.19974442469854,158.3364833046116
1129044.1000293,15.203397026387591,14.697510810915015,FLEXED,2,1.177282774559093,172.67413098306224,171.49684820850314,13.840815273900716,14.091880400118475,FLEXED,1,13.86326112008695,172.19974442469854,158.3364833046116
1129044.176577,15.746880863945341,14.945967142668229,FLEXED,2,1.177282774559093,172.67413098306224,171.49684820850314,14.117534238065247,14.077314815814452,FLEXED,1,13.86326112008695,172.19974442469854,158.3364833046116
1129044.2978803,16.086946736912218,15.240651207907053,FLEXED,2,1.177282774559093,172.67413098306224,171.49684820850314,14.270186135224126,14.091238267575832,FLEXED,1,13.86326112008695,172.19974442469854,158.3364833046116
1129044.3700058,15.88462229706224,15.500263352000704,FLEXED,2,1.177282774559093,172.67413098306224,171.49684820850314,13.611484288853159,13.993600424163413,FLEXED,1,13.86326112008695,172.19974442469854,158.3364833046116
1129044.4400329,16.584752711913954,15.901319927244268,FLEXED,2,1.177282774559093,172.67413098306224,171.49684820850314,11.521458005211823,13.472295588251015,FLEXED,1,13.472295588251015,172.19974442469854,158.72744883644754
1129044.5193822,17.27605177442099,16.31585087685095,FLEXED,2,1.177282774559093,172.67413098306224,171.49684820850314,3.802858729677591,11.464704279406389,FLEXED,1,11.464704279406389,172.19974442469854,160.73504014529215
1129044.5856738,17.341745190803135,16.63482374222251,FLEXED,2,1.177282774559093,172.67413098306224,171.49684820850314,0.7074781828975416,8.782693068372847,FLEXED,1,8.782693068372847,172.19974442469854,163.4170513563257
1129044.6574939,17.791821425661272,16.975798679972318,FLEXED,2,1.177282774559093,172.67413098306224,171.49684820850314,5.131558689779594,6.9549675792839425,FLEXED,1,6.9549675792839425,172.19974442469854,165.2447768454146
1129044.7378881,16.229907071279733,17.044855634815814,FLEXED,2,1.177282774559093,172.67413098306224,171.49684820850314,7.025110294374529,5.637692780388216,FLEXED,1,5.637692780388216,172.19974442469854,166.56205164431032
1129044.81296,14.838182771310672,16.69554164669516,FLEXED,2,1.177282774559093,172.67413098306224,171.49684820850314,4.372816258583724,4.207964431062595,FLEXED,1,4.207964431062595,172.19974442469854,167.99177999363593
1129044.8856556,14.199380283917467,16.080207348594456,FLEXED,2,1.177282774559093,172.67413098306224,171.49684820850314,0.01964765728502977,3.451322216584084,FLEXED,1,3.451322216584084,172.19974442469854,168.74842220811445
1129044.956829,9.334820147768765,14.478822339987582,FLEXED,2,1.177282774559093,172.67413098306224,171.49684820850314,1.6321512848230464,3.636256836969185,FLEXED,1,3.451322216584084,172.19974442469854,168.74842220811445
1129045.0336536,7.587376325079494,12.437933319871227,FLEXED,2,1.177282774559093,172.67413098306224,171.49684820850314,0.7115957018231875,,FLEXED,1,3.451322216584084,172.19974442469854,168.74842220811445
1129045.1133745,7.13365829461897,10.618683564539074,FLEXED,2,1.177282774559093,172.67413098306224,171.49684820850314,3.830205696927071,,FLEXED,1,3.451322216584084,172.19974442469854,168.74842220811445
1129045.18266,7.573418592029947,9.165730728682927,FLEXED,2,1.177282774559093,172.67413098306224,171.49684820850314,5.374469184981471,,FLEXED,1,3.451322216584084,172.19974442469854,168.74842220811445
1129045.2632422,8.512916776442609,8.028438027187956,FLEXED,2,1.177282774559093,172.67413098306224,171.49684820850314,5.373353966342243,,FLEXED,1,3.451322216584084,172.19974442469854,168.74842220811445
1129045.3490498,8.629090015360068,7.887292000706218,FLEXED,2,1.177282774559093,172.67413098306224,171.49684820850314,5.010486042323454,,FLEXED,1,3.451322216584084,172.19974442469854,168.74842220811445
1129045.4240995,8.658623880797464,8.101541511849812,FLEXED,2,1.177282774559093,172.67413098306224,171.49684820850314,4.950667215264658,,FLEXED,1,3.451322216584084,172.19974442469854,168.74842220811445
1129045.4967875,8.923315641235144,8.459472981173047,FLEXED,2,1.177282774559093,172.67413098306224,171.49684820850314,5.493484554343496,,FLEXED,1,3.451322216584084,172.19974442469854,168.74842220811445
1129045.560328,9.051851147283655,8.755159492223788,FLEXED,2,1.177282774559093,172.67413098306224,171.49684820850314,6.192237695001463,,FLEXED,1,3.451322216584084,172.19974442469854,168.74842220811445
1129045.6313969,8.253206990752897,8.703217535085846,FLEXED,2,1.177282774559093,172.67413098306224,171.49684820850314,6.980887658623725,,FLEXED,1,3.451322216584084,172.19974442469854,168.74842220811445
1129045.6999771,7.970446025130034,8.571488737039838,FLEXED,2,1.177282774559093,172.67413098306224,171.49684820850314,6.83972321178621,,FLEXED,1,3.451322216584084,172.19974442469854,168.74842220811445
1129045.7715313,8.031941119286774,8.446152184737702,FLEXED,2,1.177282774559093,172.67413098306224,171.49684820850314,7.15904011806772,,FLEXED,1,3.451322216584084,172.19974442469854,168.74842220811445
1129045.8381432,8.092994285507526,8.280087913592178,FLEXED,2,1.177282774559093,172.67413098306224,171.49684820850314,7.262506913398074,,FLEXED,1,3.451322216584084,172.19974442469854,168.74842220811445
1129045.9124585,8.236591867139364,8.11703605756332,FLEXED,2,1.177282774559093,172.67413098306224,171.49684820850314,7.0824037730493306,,FLEXED,1,3.451322216584084,172.19974442469854,168.74842220811445
1129045.9775731,8.019185337592416,8.070231726931222,FLEXED,2,1.177282774559093,172.67413098306224,171.49684820850314,6.420179500477031,,FLEXED,1,3.451322216584084,172.19974442469854,168.74842220811445
1129046.0396191,8.060637815347722,8.088270084974761,FLEXED,2,1.177282774559093,172.67413098306224,171.49684820850314,5.824419748129719,,FLEXED,1,3.451322216584084,172.19974442469854,168.74842220811445
1129046.1045497,7.879555225411345,8.057792906199676,FLEXED,2,1.177282774559093,172.67413098306224,171.49684820850314,5.062971999334873,,FLEXED,1,3.451322216584084,172.19974442469854,168.74842220811445
1129046.1740308,6.295309472144869,7.698255943527141,FLEXED,2,1.177282774559093,172.67413098306224,171.49684820850314,3.6307064597322833,,FLEXED,1,3.451322216584084,172.19974442469854,168.74842220811445
1129046.2419557,5.628881141858163,7.176713798470902,FLEXED,2,1.177282774559093,172.67413098306224,171.49684820850314,3.735747783889914,,FLEXED,1,3.451322216584084,172.19974442469854,168.74842220811445
1129046.3145051,1.1807817072565765,5.809033072403734,FLEXED,2,1.177282774559093,172.67413098306224,171.49684820850314,3.592007248265928,,FLEXED,1,3.451322216584084,172.19974442469854,168.74842220811445
1129046.3824534,11.663386150810933,6.529582739496377,FLEXED,2,1.177282774559093,172.67413098306224,171.49684820850314,3.806295612363779,,FLEXED,1,3.451322216584084,172.19974442469854,168.74842220811445
1129046.4474036,14.769032810391032,7.907478256492314,FLEXED,2,1.177282774559093,172.67413098306224,171.49684820850314,6.870833898529504,,FLEXED,1,3.451322216584084,172.19974442469854,168.74842220811445
1129046.5060848,40.36435993109045,14.72128834828143,FLEXED,2,1.177282774559093,172.67413098306224,171.49684820850314,23.00102111870857,,FLEXED,1,3.451322216584084,172.19974442469854,168.74842220811445
1129046.5789194,61.67419446199842,25.93035101230948,FLEXED,2,1.177282774559093,172.67413098306224,171.49684820850314,41.362505815610184,,FLEXED,1,3.451322216584084,172.19974442469854,168.74842220811445
1129046.6474257,64.8214165500799,38.658477980874146,FLEXED,2,1.177282774559093,172.67413098306224,171.49684820850314,45.08300905009595,,FLEXED,1,3.451322216584084,172.19974442469854,168.74842220811445
1129046.7072293,72.72509645499314,50.87082004171059,FLEXED,2,1.177282774559093,172.67413098306224,171.49684820850314,54.790558221208784,,FLEXED,1,3.451322216584084,172.19974442469854,168.74842220811445
1129046.7756622,73.09342729687049,62.53569893900649,FLEXED,2,1.177282774559093,172.67413098306224,171.49684820850314,53.806007189356265,,FLEXED,1,3.451322216584084,172.19974442469854,168.74842220811445
1129046.8435004,84.15206990563561,71.29324093391551,FLEXED,2,1.177282774559093,172.67413098306224,171.49684820850314,49.266345294818386,,FLEXED,1,3.451322216584084,172.19974442469854,168.74842220811445
1129046.9112265,109.15151497876086,80.788705037268,FLEXED,2,1.177282774559093,172.67413098306224,171.49684820850314,67.26601427206454,,FLEXED,1,3.451322216584084,172.19974442469854,168.74842220811445
1129046.9849945,115.46075636765727,90.91657300078347,FLEXED,2,1.177282774559093,172.67413098306224,171.49684820850314,55.84889559700771,,FLEXED,1,3.451322216584084,172.19974442469854,168.74842220811445
1129047.0491432,115.79626397096023,99.53080650397689,FLEXED,2,1.177282774559093,172.67413098306224,171.49684820850314,51.96714119847639,,FLEXED,1,3.451322216584084,172.19974442469854,168.74842220811445
1129047.118752,118.27732202320222,108.56758544924324,FLEXED,2,1.177282774559093,172.67413098306224,171.49684820850314,104.17007261403478,,FLEXED,1,3.451322216584084,172.19974442469854,168.74842220811445
1129047.1875336,117.28674885467453,115.19452123905103,FLEXED,2,1.177282774559093,172.67413098306224,171.49684820850314,118.0074061614725,,FLEXED,1,3.451322216584084,172.19974442469854,168.74842220811445
1129047.2465322,118.84478430045007,117.13317510338887,FLEXED,2,1.177282774559093,172.67413098306224,171.49684820850314,118.54534221440619,,FLEXED,1,3.451322216584084,172.19974442469854,168.74842220811445
1129047.31167,121.41168735107844,118.32336130007309,FLEXED,2,1.177282774559093,172.67413098306224,171.49684820850314,96.72733385758804,,FLEXED,1,3.451322216584084,172.19974442469854,168.74842220811445
1129047.3771579,122.11449249591772,119.5870070050646,FLEXED,2,1.177282774559093,172.67413098306224,171.49684820850314,87.17732886618137,,FLEXED,1,3.451322216584084,172.19974442469854,168.74842220811445
1129047.4357478,120.22952143917446,119.97744688825905,FLEXED,2,1.177282774559093,172.67413098306224,171.49684820850314,115.3184611744977,,FLEXED,1,3.451322216584084,172.19974442469854,168.74842220811445
1129047.5106567,120.26009104243708,120.57211532581155,FLEXED,2,1.177282774559093,172.67413098306224,171.49684820850314,108.06165655848997,,FLEXED,1,3.451322216584084,172.19974442469854,168.74842220811445
1129047.5802282,120.0824879016725,120.81965604605602,FLEXED,2,1.177282774559093,172.67413098306224,171.49684820850314,89.94973631517823,,FLEXED,1,3.451322216584084,172.19974442469854,168.74842220811445
1129047.6461438,123.95514769590058,121.32834811502046,FLEXED,2,1.177282774559093,172.67413098306224,171.49684820850314,113.70886867061726,,FLEXED,1,3.451322216584084,172.19974442469854,168.74842220811445
1129047.712554,128.25907585962364,122.55726478776164,FLEXED,2,1.177282774559093,172.67413098306224,171.49684820850314,46.391471141340766,,FLEXED,1,3.451322216584084,172.19974442469854,168.74842220811445
1129047.7714706,130.101007273389,124.53156195460456,FLEXED,2,1.177282774559093,172.67413098306224,171.49684820850314,59.43814380804719,,FLEXED,1,3.451322216584084,172.19974442469854,168.74842220811445
1129047.8467273,130.78802671668572,126.63714908945428,FLEXED,2,1.177282774559093,172.67413098306224,171.49684820850314,99.26169278357524,,FLEXED,1,3.451322216584084,172.19974442469854,168.74842220811445
1129047.9154481,132.44369646418335,129.10939080195644,FLEXED,2,1.177282774559093,172.67413098306224,171.49684820850314,28.628338175004686,,FLEXED,1,3.451322216584084,172.19974442469854,168.74842220811445
1129047.9818138,133.43466105715643,131.00529347420763,FLEXED,2,1.177282774559093,172.67413098306224,171.49684820850314,24.261886463974733,,FLEXED,1,3.451322216584084,172.19974442469854,168.74842220811445
1129048.0513986,133.99110680881893,132.1516996640467,FLEXED,2,1.177282774559093,172.67413098306224,171.49684820850314,23.767966756263878,,FLEXED,1,3.451322216584084,172.19974442469854,168.74842220811445
1129048.125895,134.1247031284982,132.9564388350685,FLEXED,2,1.177282774559093,172.67413098306224,171.49684820850314,17.709073075100008,,FLEXED,1,3.451322216584084,172.19974442469854,168.74842220811445
1129048.2117006,134.23509570328503,133.64585263238837,FLEXED,2,1.177282774559093,172.67413098306224,171.49684820850314,15.70090940127764,,FLEXED,1,3.451322216584084,172.19974442469854,168.74842220811445
1129048.2752461,134.33206100153845,134.0235255398594,FLEXED,2,1.177282774559093,172.67413098306224,171.49684820850314,14.592662172156626,,FLEXED,1,3.451322216584084,172.19974442469854,168.74842220811445
1129048.3494731,134.33398900001745,134.20339112843163,FLEXED,2,1.177282774559093,172.67413098306224,171.49684820850314,11.580061238616166,,FLEXED,1,3.451322216584084,172.19974442469854,168.74842220811445
1129048.4229225,134.22895965782095,134.25096169823203,FLEXED,2,1.177282774559093,172.67413098306224,171.49684820850314,11.168667278769393,,FLEXED,1,3.451322216584084,172.19974442469854,168.74842220811445
1129048.747755,137.91126652466204,135.0082743774648,FLEXED,2,1.177282774559093,172.67413098306224,171.49684820850314,6.176264856060104,,FLEXED,1,3.451322216584084,172.19974442469854,168.74842220811445
1129048.8093328,139.52961283497848,136.06717780380347,FLEXED,2,1.177282774559093,172.67413098306224,171.49684820850314,146.80394009289284,,FLEXED,1,3.451322216584084,172.19974442469854,168.74842220811445
1129048.8845308,140.25955530242516,137.25267666398082,FLEXED,2,1.177282774559093,172.67413098306224,171.49684820850314,145.16383623649742,,FLEXED,1,3.451322216584084,172.19974442469854,168.74842220811445
1129048.9718708,138.92304081265164,138.17048702650763,FLEXED,2,1.177282774559093,172.67413098306224,171.49684820850314,148.14560324019124,,FLEXED,1,3.451322216584084,172.19974442469854,168.74842220811445
1129049.0663752,137.68777684360924,138.8622504636653,FLEXED,2,1.177282774559093,172.67413098306224,171.49684820850314,150.25977099768184,,FLEXED,1,3.451322216584084,172.19974442469854,168.74842220811445
1129049.1429235,138.88784965503103,139.05756708973908,FLEXED,2,1.177282774559093,172.67413098306224,171.49684820850314,152.12416724539236,,FLEXED,1,3.451322216584084,172.19974442469854,168.74842220811445
1129049.2054145,138.05731676001054,138.76310787474551,FLEXED,2,1.177282774559093,172.67413098306224,171.49684820850314,155.54543396283265,,FLEXED,1,3.451322216584084,172.19974442469854,168.74842220811445
1129049.2772687,139.2929775236746,138.5697923189954,FLEXED,2,1.177282774559093,172.67413098306224,171.49684820850314,155.25989203713746,,FLEXED,1,3.451322216584084,172.19974442469854,168.74842220811445
1129049.3570663,138.91402252968047,138.56798866240118,FLEXED,2,1.177282774559093,172.67413098306224,171.49684820850314,155.44484107173636,,FLEXED,1,3.451322216584084,172.19974442469854,168.74842220811445
1129049.429449,134.83512010048648,137.99745731377664,FLEXED,2,1.177282774559093,172.67413098306224,171.49684820850314,154.52010485547243,,FLEXED,1,3.451322216584084,172.19974442469854,168.74842220811445
1129049.4999478,132.9732428412135,136.8145359510131,FLEXED,2,1.177282774559093,172.67413098306224,171.49684820850314,154.55842105098245,,FLEXED,1,3.451322216584084,172.19974442469854,168.74842220811445
1129049.568479,130.59797457030322,135.32266751307165,FLEXED,2,1.177282774559093,172.67413098306224,171.49684820850314,148.8828120493308,,FLEXED,1,3.451322216584084,172.19974442469854,168.74842220811445
1129049.6364954,129.2604141973507,133.31615484780687,FLEXED,2,1.177282774559093,172.67413098306224,171.49684820850314,148.84176098412718,,FLEXED,1,3.451322216584084,172.19974442469854,168.74842220811445
1129049.7074732,125.76667462651594,130.686685267174,FLEXED,2,1.177282774559093,172.67413098306224,171.49684820850314,141.8476749905703,,FLEXED,1,3.451322216584084,172.19974442469854,168.74842220811445
1129049.7825549,125.22009344363583,128.76367993580385,FLEXED,2,1.177282774559093,172.67413098306224,171.49684820850314,134.77841239893513,,FLEXED,1,3.451322216584084,172.19974442469854,168.74842220811445
1129049.8478511,124.14963105060113,126.99895757768135,FLEXED,2,1.177282774559093,172.67413098306224,171.49684820850314,130.03567775408808,,FLEXED,1,3.451322216584084,172.19974442469854,168.74842220811445
1129049.9209353,117.36538578505565,124.35243982063184,FLEXED,2,1.177282774559093,172.67413098306224,171.49684820850314,131.2232087448559,,FLEXED,1,3.451322216584084,172.19974442469854,168.74842220811445
1129049.9956997,114.65638007685554,121.43163299653281,FLEXED,2,1.177282774559093,172.67413098306224,171.49684820850314,128.1844951278382,28.246844124580907,FLEXED,1,3.451322216584084,172.19974442469854,168.74842220811445
1129050.0555743,113.86611822147555,119.05152171552474,FLEXED,2,1.177282774559093,172.67413098306224,171.49684820850314,126.25806370238483,52.09343480618297,FLEXED,1,3.451322216584084,172.19974442469854,168.74842220811445
1129050.1317446,107.02206992214828,115.41191701122723,FLEXED,2,1.177282774559093,172.67413098306224,171.49684820850314,117.64772345610385,74.748416245687,FLEXED,1,3.451322216584084,172.19974442469854,168.74842220811445
1129050.211764,104.97946531658377,111.57788386442375,FLEXED,2,1.177282774559093,172.67413098306224,171.49684820850314,107.95068541474618,96.3346237971792,FLEXED,1,3.451322216584084,172.19974442469854,168.74842220811445
1129050.2838827,90.55947733731458,106.21670217487554,FLEXED,2,1.177282774559093,172.67413098306224,171.49684820850314,79.12600675341314,111.83339489089724,FLEXED,1,3.451322216584084,172.19974442469854,168.74842220811445
1129050.3497537,83.38341340429214,99.96210884036286,FLEXED,2,1.177282774559093,172.67413098306224,171.49684820850314,70.16957276967672,100.23041041926496,FLEXED,1,3.451322216584084,172.19974442469854,168.74842220811445
1129050.4143352,79.2382513534231,93.03653546675238,FLEXED,2,1.177282774559093,172.67413098306224,171.49684820850314,71.88501712214419,89.3558011032168,FLEXED,1,3.451322216584084,172.19974442469854,168.74842220811445
1129050.4886703,76.5223977076472,86.93660102385215,FLEXED,2,1.177282774559093,172.67413098306224,171.49684820850314,71.68592792094363,80.16344199618477,FLEXED,1,3.451322216584084,172.19974442469854,168.74842220811445
1129050.5698472,60.07992220075852,77.9566924006871,FLEXED,2,1.177282774559093,172.67413098306224,171.49684820850314,37.6300545302777,66.09931581929108,FLEXED,1,3.451322216584084,172.19974442469854,168.74842220811445
1129050.651706,55.09918759423325,70.86463445207083,FLEXED,2,1.177282774559093,172.67413098306224,171.49684820850314,40.700395308438466,58.414193530296146,FLEXED,1,3.451322216584084,172.19974442469854,168.74842220811445
1129050.7264612,38.85190543943621,61.958332859099656,FLEXED,2,1.177282774559093,172.67413098306224,171.49684820850314,1.3718669903496064,,FLEXED,1,3.451322216584084,172.19974442469854,168.74842220811445
1129050.7991799,31.859324391296468,52.482547466674326,FLEXED,2,1.177282774559093,172.67413098306224,171.49684820850314,2.8138060963176064,,FLEXED,1,3.451322216584084,172.19974442469854,168.74842220811445
1129050.8758484,21.295259183239107,41.43711976179271,FLEXED,2,1.177282774559093,172.67413098306224,171.49684820850314,11.347961019824206,,FLEXED,1,3.451322216584084,172.19974442469854,168.74842220811445
1129050.9680209,16.860815923870188,32.79329850641504,FLEXED,2,1.177282774559093,172.67413098306224,171.49684820850314,1.0374940587711345,,FLEXED,1,3.451322216584084,172.19974442469854,168.74842220811445
1129051.0507601,4.132952582390699,22.600051504046537,FLEXED,2,1.177282774559093,172.67413098306224,171.49684820850314,1.1815015279577128,,FLEXED,1,3.451322216584084,172.19974442469854,168.74842220811445
1129051.1211256,1.9173903819031934,15.213148492539933,FLEXED,2,1.177282774559093,172.67413098306224,171.49684820850314,8.79044109982921,,FLEXED,1,3.451322216584084,172.19974442469854,168.74842220811445
1129051.2336017,9.692628180580268,10.779809250396692,FLEXED,2,1.177282774559093,172.67413098306224,171.49684820850314,9.812436753138288,,FLEXED,1,3.451322216584084,172.19974442469854,168.74842220811445
1129051.3104554,11.147124308756801,8.75018227550023,FLEXED,2,1.177282774559093,172.67413098306224,171.49684820850314,10.525049221817806,,FLEXED,1,3.451322216584084,172.19974442469854,168.74842220811445
1129051.3757645,16.006431361797684,8.579305363085728,FLEXED,2,1.177282774559093,172.67413098306224,171.49684820850314,13.356681452303608,,FLEXED,1,3.451322216584084,172.19974442469854,168.74842220811445
1129051.4470775,15.75179238506188,10.903073323619964,FLEXED,2,1.177282774559093,172.67413098306224,171.49684820850314,12.609567464516358,,FLEXED,1,3.451322216584084,172.19974442469854,168.74842220811445
1129051.5143408,18.40985215636906,14.201565678513138,FLEXED,2,1.177282774559093,172.67413098306224,171.49684820850314,11.955475678212872,,FLEXED,1,3.451322216584084,172.19974442469854,168.74842220811445
1129051.579751,19.084468781800282,16.079933798757143,FLEXED,2,1.177282774559093,172.67413098306224,171.49684820850314,11.9791347798434,,FLEXED,1,3.451322216584084,172.19974442469854,168.74842220811445
1129051.6544617,17.025390118179725,17.25558696064173,FLEXED,2,1.177282774559093,172.67413098306224,171.49684820850314,13.55961869426385,,FLEXED,1,3.451322216584084,172.19974442469854,168.74842220811445
1129051.7247575,16.564604030244894,17.36722149433117,FLEXED,2,1.177282774559093,172.67413098306224,171.49684820850314,11.711622876583911,,FLEXED,1,3.451322216584084,172.19974442469854,168.74842220811445
1129051.7862509,14.807501126206247,17.178363242560042,FLEXED,2,1.177282774559093,172.67413098306224,171.49684820850314,10.925703417334715,,FLEXED,1,3.451322216584084,172.19974442469854,168.74842220811445
1129051.8770729,14.53358619685465,16.40311005065716,FLEXED,2,1.177282774559093,172.67413098306224,171.49684820850314,10.304677808099054,,FLEXED,1,3.451322216584084,172.19974442469854,168.74842220811445
1129051.9431718,13.95459019043508,15.37713433238412,FLEXED,2,1.177282774559093,172.67413098306224,171.49684820850314,10.10759561753419,,FLEXED,1,3.451322216584084,172.19974442469854,168.74842220811445
1129052.0129744,12.973061700493052,14.566668648846782,FLEXED,2,1.177282774559093,172.67413098306224,171.49684820850314,9.00813389585742,,FLEXED,1,3.451322216584084,172.19974442469854,168.74842220811445
1129052.0882066,14.492975387961305,14.152342920390065,FLEXED,2,1.177282774559093,172.67413098306224,171.49684820850314,8.469686789099423,,FLEXED,1,3.451322216584084,172.19974442469854,168.74842220811445
1129052.1534547,16.797271678538216,14.550297030856461,FLEXED,2,1.177282774559093,172.67413098306224,171.49684820850314,10.21389402776534,,FLEXED,1,3.451322216584084,172.19974442469854,168.74842220811445
1129052.2260293,17.898971072910946,15.22337400606772,FLEXED,2,1.177282774559093,172.67413098306224,171.49684820850314,10.353546507812567,,FLEXED,1,3.451322216584084,172.19974442469854,168.74842220811445
1129052.2999628,19.21371548133533,16.27519906424777,FLEXED,2,1.177282774559093,172.67413098306224,171.49684820850314,7.334119251040715,,FLEXED,1,3.451322216584084,172.19974442469854,168.74842220811445
1129052.3731274,18.986233416367657,17.47783340742269,FLEXED,2,1.177282774559093,172.67413098306224,171.49684820850314,5.104649020927186,,FLEXED,1,3.451322216584084,172.19974442469854,168.74842220811445
1129052.4441071,17.523284422151832,18.083895214260796,FLEXED,2,1.177282774559093,172.67413098306224,171.49684820850314,2.8788041838373264,,FLEXED,1,3.451322216584084,172.19974442469854,168.74842220811445
1129052.5219595,18.54444155002122,18.433329188557398,FLEXED,2,1.177282774559093,172.67413098306224,171.49684820850314,15.262329788274782,,FLEXED,1,3.451322216584084,172.19974442469854,168.74842220811445
1129052.6036158,18.491193702836135,18.551773714542435,FLEXED,2,1.177282774559093,172.67413098306224,171.49684820850314,18.419751641424163,,FLEXED,1,3.451322216584084,172.19974442469854,168.74842220811445
1129052.6718188,17.464600890301103,18.201950796335588,FLEXED,2,1.177282774559093,172.67413098306224,171.49684820850314,22.329241837879295,,FLEXED,1,3.451322216584084,172.19974442469854,168.74842220811445
1129052.750532,16.28810845936542,17.662325804935143,FLEXED,2,1.177282774559093,172.67413098306224,171.49684820850314,23.129670328706652,,FLEXED,1,3.451322216584084,172.19974442469854,168.74842220811445
1129052.8195201,15.975284030829672,17.35272572667071,FLEXED,2,1.177282774559093,172.67413098306224,171.49684820850314,22.9112935912135,48.9625376946035,FLEXED,1,3.451322216584084,172.19974442469854,168.74842220811445
1129052.8831831,16.738358794341003,16.991509175534667,FLEXED,2,1.177282774559093,172.67413098306224,171.49684820850314,22.526242360663648,39.09078274230738,FLEXED,1,3.451322216584084,172.19974442469854,168.74842220811445
1129052.9512441,15.74575013984746,16.44242046293693,FLEXED,2,1.177282774559093,172.67413098306224,171.49684820850314,21.73861207356196,29.101319572831056,FLEXED,1,3.451322216584084,172.19974442469854,168.74842220811445
1129053.0378256,14.227189967195804,15.794938278315872,FLEXED,2,1.177282774559093,172.67413098306224,171.49684820850314,17.60157956568354,25.095624579912222,FLEXED,1,3.451322216584084,172.19974442469854,168.74842220811445
1129053.1068514,14.239375517945243,15.385191690031837,FLEXED,2,1.177282774559093,172.67413098306224,171.49684820850314,16.046576275131944,20.16486077325092,FLEXED,1,3.451322216584084,172.19974442469854,168.74842220811445
1129053.1673571,4.223449748660673,13.034824833598037,FLEXED,2,1.177282774559093,172.67413098306224,171.49684820850314,12.128885216629493,18.008379098334117,FLEXED,1,3.451322216584084,172.19974442469854,168.74842220811445
1129053.2437953,1.3494044411709394,9.957033962964022,FLEXED,2,1.177282774559093,172.67413098306224,171.49684820850314,11.636388403206084,15.830408306842605,FLEXED,1,3.451322216584084,172.19974442469854,168.74842220811445
1129053.3124131,0.3962973831504089,6.8871434116246135,FLEXED,2,1.177282774559093,172.67413098306224,171.49684820850314,12.181930252773533,13.919071942684917,FLEXED,1,3.451322216584084,172.19974442469854,168.74842220811445
1129053.3715325,1.0037151679170562,4.242448451768864,FLEXED,2,1.177282774559093,172.67413098306224,171.49684820850314,11.957477132436827,12.790251456035577,FLEXED,1,3.451322216584084,172.19974442469854,168.74842220811445
1129053.4551632,3.615519751832165,2.1176772985462486,FLEXED,2,1.177282774559093,172.67413098306224,171.49684820850314,8.752600358079533,11.331456272625093,FLEXED,1,3.451322216584084,172.19974442469854,168.74842220811445
1129053.5312236,3.0458160215451304,1.88215055312314,FLEXED,2,1.177282774559093,172.67413098306224,171.49684820850314,6.032323959357575,10.11214402117071,FLEXED,1,3.451322216584084,172.19974442469854,168.74842220811445
1129053.6097935,2.077672183341455,2.027804101557243,FLEXED,2,1.177282774559093,172.67413098306224,171.49684820850314,3.4589227191704865,8.476650884363591,FLEXED,1,3.451322216584084,172.19974442469854,168.74842220811445
1129053.6902249,0.46837666379348897,2.0422199576858593,FLEXED,2,1.177282774559093,172.67413098306224,171.49684820850314,3.023972153105262,6.645059264429937,FLEXED,1,3.451322216584084,172.19974442469854,168.74842220811445
1129053.7750087,3.0140548110038043,2.4442878863032087,FLEXED,2,1.177282774559093,172.67413098306224,171.49684820850314,1.849035790806646,4.6233709961039,FLEXED,1,3.451322216584084,172.19974442469854,168.74842220811445
1129053.8633576,1.722451640457631,2.065674264028302,FLEXED,2,1.177282774559093,172.67413098306224,171.49684820850314,1.2217097857753842,3.1171928816430707,FLEXED,1,3.1171928816430707,172.19974442469854,169.08255154305547
1129053.9563874,5.46833938887036,2.550178937493348,FLEXED,2,1.177282774559093,172.67413098306224,171.49684820850314,0.23196144195050744,1.9571203781616575,FLEXED,1,1.9571203781616575,172.19974442469854,170.2426240465369
1129054.0333382,2.4297512725919885,2.620594755343455,FLEXED,2,1.177282774559093,172.67413098306224,171.49684820850314,0.11377795228330335,1.2880914247842206,FLEXED,1,1.2880914247842206,172.19974442469854,170.9116529999143
1129054.3809651,1.454697204175177,2.8178588634197927,FLEXED,2,1.177282774559093,172.67413098306224,171.49684820850314,0.9913091061473601,0.8815588153926402,FLEXED,1,0.8815588153926402,172.19974442469854,171.31818560930589
1129054.4440778,1.399620683490016,2.4949720379170346,FLEXED,2,1.177282774559093,172.67413098306224,171.49684820850314,1.8218206692088474,0.8761157910730806,FLEXED,1,0.8761157910730806,172.19974442469854,171.32362863362545
1129054.515154,0.7324010813127942,2.296961926088067,FLEXED,2,1.177282774559093,172.67413098306224,171.49684820850314,2.459790893162488,1.1237320125505013,FLEXED,1,0.8761157910730806,172.19974442469854,171.32362863362545
1129054.5792617,0.31080189907554023,1.2654544281291031,FLEXED,2,1.177282774559093,172.67413098306224,171.49684820850314,2.9451149914139143,1.6663627224431827,FLEXED,1,0.8761157910730806,172.19974442469854,171.32362863362545
1129054.6571268,1.6989523690983024,1.119294647430366,FLEXED,2,1.119294647430366,172.67413098306224,171.55483633563188,4.059887654099654,2.455584662806453,FLEXED,1,0.8761157910730806,172.19974442469854,171.32362863362545
1129054.7231121,2.4633895654364846,1.3210331196826275,FLEXED,2,1.119294647430366,172.67413098306224,171.55483633563188,4.5975415560828,3.176831152793541,FLEXED,1,0.8761157910730806,172.19974442469854,171.32362863362545
1129054.7923216,3.0838685646147406,1.6578826959075728,FLEXED,2,1.119294647430366,172.67413098306224,171.55483633563188,4.491515283567866,3.7107700756653443,FLEXED,1,0.8761157910730806,172.19974442469854,171.32362863362545
1129054.8568322,3.5418355548966014,2.2197695906243338,FLEXED,2,1.119294647430366,172.67413098306224,171.55483633563188,4.637367195528151,4.146285336138478,FLEXED,1,0.8761157910730806,172.19974442469854,171.32362863362545
1129054.9290393,3.42433242514108,2.8424756958374418,FLEXED,2,1.119294647430366,172.67413098306224,171.55483633563188,4.907033003614453,4.538668938578584,FLEXED,1,0.8761157910730806,172.19974442469854,171.32362863362545
1129054.9949881,3.220772375459298,3.1468396971096406,FLEXED,2,1.119294647430366,172.67413098306224,171.55483633563188,5.316112584859025,4.789913924730459,FLEXED,1,0.8761157910730806,172.19974442469854,171.32362863362545
1129055.0631423,2.4849338687761318,3.15114855777757,FLEXED,2,1.119294647430366,172.67413098306224,171.55483633563188,5.34651464251633,4.939708542017165,FLEXED,1,0.8761157910730806,172.19974442469854,171.32362863362545
1129055.1339254,2.3351971755012406,3.0014142799548704,FLEXED,2,1.119294647430366,172.67413098306224,171.55483633563188,5.39534663218165,5.120474811739921,FLEXED,1,0.8761157910730806,172.19974442469854,171.32362863362545
1129055.19955,2.07142292019692,2.7073317530149343,FLEXED,2,1.119294647430366,172.67413098306224,171.55483633563188,5.862089197593203,5.365419212152932,FLEXED,1,0.8761157910730806,172.19974442469854,171.32362863362545
1129055.2654436,1.7442656636069478,2.3713184007081076,FLEXED,2,1.119294647430366,172.67413098306224,171.55483633563188,5.865040763609056,5.5570207641518525,FLEXED,1,0.8761157910730806,172.19974442469854,171.32362863362545
1129055.3322419,0.313179672440078,1.7897998601042637,FLEXED,2,1.119294647430366,172.67413098306224,171.55483633563188,6.724207036843634,5.838639654548774,FLEXED,1,0.8761157910730806,172.19974442469854,171.32362863362545
1129055.393619,4.288709781809211,2.1505550427108795,FLEXED,2,1.119294647430366,172.67413098306224,171.55483633563188,2.4370967268516743,5.256756071415843,FLEXED,1,0.8761157910730806,172.19974442469854,171.32362863362545
1129055.4653974,5.077431453504774,2.6990018983115864,FLEXED,2,1.119294647430366,172.67413098306224,171.55483633563188,3.754410893296138,4.928568923638741,FLEXED,1,0.8761157910730806,172.19974442469854,171.32362863362545
1129055.5379985,3.761750760850463,3.0370674664422945,FLEXED,2,1.119294647430366,172.67413098306224,171.55483633563188,22.37702473699683,8.231556031519466,FLEXED,1,0.8761157910730806,172.19974442469854,171.32362863362545
1129055.6086133,5.966605757386853,3.881535485198276,FLEXED,2,1.119294647430366,172.67413098306224,171.55483633563188,28.31548880696832,12.721645640191321,FLEXED,1,0.8761157910730806,172.19974442469854,171.32362863362545
1129055.6950352,25.92887459311185,9.004674469332631,FLEXED,2,1.119294647430366,172.67413098306224,171.55483633563188,34.90587141911561,18.357978516645716,FLEXED,1,0.8761157910730806,172.19974442469854,171.32362863362545
1129055.7695478,48.62440925233577,17.87181436343794,FLEXED,2,1.119294647430366,172.67413098306224,171.55483633563188,52.20788912018534,28.31213699531245,FLEXED,1,0.8761157910730806,172.19974442469854,171.32362863362545
1129055.8427442,68.54232113432285,30.564792299601557,FLEXED,2,1.119294647430366,172.67413098306224,171.55483633563188,67.78808671579512,41.11887215981224,FLEXED,1,0.8761157910730806,172.19974442469854,171.32362863362545
1129055.9147301,37.14943529738902,37.24232920690927,FLEXED,2,1.119294647430366,172.67413098306224,171.55483633563188,84.65107731318179,53.573682675049234,FLEXED,1,0.8761157910730806,172.19974442469854,171.32362863362545
1129055.9844306,27.16314298001991,41.48163665143588,FLEXED,2,1.119294647430366,172.67413098306224,171.55483633563188,90.18803118658573,65.94819115097272,FLEXED,1,0.8761157910730806,172.19974442469854,171.32362863362545
1129056.0521698,89.61878531678603,54.21961879617071,FLEXED,2,1.119294647430366,172.67413098306224,171.55483633563188,91.08857063291134,77.18473099373186,FLEXED,1,0.8761157910730806,172.19974442469854,171.32362863362545
1129056.1117749,21.634178958639737,,FLEXED,2,1.119294647430366,172.67413098306224,171.55483633563188,93.24814218488521,85.39278160667183,FLEXED,1,0.8761157910730806,172.19974442469854,171.32362863362545
1129056.1793088,18.68322573170065,,FLEXED,2,1.119294647430366,172.67413098306224,171.55483633563188,102.01210643493447,92.23758555049972,FLEXED,1,0.8761157910730806,172.19974442469854,171.32362863362545
1129056.2478966,9.303715518697043,,FLEXED,2,1.119294647430366,172.67413098306224,171.55483633563188,103.98471868862747,96.10431382558885,FLEXED,1,0.8761157910730806,172.19974442469854,171.32362863362545
1129056.3095166,8.301053022475049,,FLEXED,2,1.119294647430366,172.67413098306224,171.55483633563188,109.81679516767143,100.03006662180599,FLEXED,1,0.8761157910730806,172.19974442469854,171.32362863362545
1129056.378528,2.3715952851498594,,FLEXED,2,1.119294647430366,172.67413098306224,171.55483633563188,110.24980653648221,103.86231380252016,FLEXED,1,0.8761157910730806,172.19974442469854,171.32362863362545
1129056.4504505,0.35235814733304743,,FLEXED,2,1.119294647430366,172.67413098306224,171.55483633563188,112.21789404989143,107.65626417552139,FLEXED,1,0.8761157910730806,172.19974442469854,171.32362863362545
1129056.5266763,8.179951379946441,,FLEXED,2,1.119294647430366,172.67413098306224,171.55483633563188,118.16292253659113,110.88642739585273,FLEXED,1,0.8761157910730806,172.19974442469854,171.32362863362545
1129056.5997771,5.090863893564497,,FLEXED,2,1.119294647430366,172.67413098306224,171.55483633563188,122.47450817493166,114.58438529311357,FLEXED,1,0.8761157910730806,172.19974442469854,171.32362863362545
1129056.6623683,7.6472345010220515,,FLEXED,2,1.119294647430366,172.67413098306224,171.55483633563188,129.13958502153218,118.44894326388571,FLEXED,1,0.8761157910730806,172.19974442469854,171.32362863362545
1129056.7286099,9.708498543455637,,FLEXED,2,1.119294647430366,172.67413098306224,171.55483633563188,132.64355013389397,122.92769198336808,FLEXED,1,0.8761157910730806,172.19974442469854,171.32362863362545
1129056.7984187,7.398853272278004,,FLEXED,2,1.119294647430366,172.67413098306224,171.55483633563188,134.67455457005366,127.41902408740052,FLEXED,1,0.8761157910730806,172.19974442469854,171.32362863362545
1129056.8857418,6.01903076854879,,FLEXED,2,1.119294647430366,172.67413098306224,171.55483633563188,135.32632089115342,130.85170375831296,FLEXED,1,0.8761157910730806,172.19974442469854,171.32362863362545
1129056.9646352,153.12314507591614,,FLEXED,2,1.119294647430366,172.67413098306224,171.55483633563188,137.2642434200183,133.8096508073303,FLEXED,1,0.8761157910730806,172.19974442469854,171.32362863362545
1129057.0314004,154.23260596541158,,FLEXED,2,1.119294647430366,172.67413098306224,171.55483633563188,139.39193552446838,135.86012090791752,FLEXED,1,0.8761157910730806,172.19974442469854,171.32362863362545
1129057.1012093,151.71120251947252,,FLEXED,2,1.119294647430366,172.67413098306224,171.55483633563188,141.85721365299787,137.70285361173833,FLEXED,1,0.8761157910730806,172.19974442469854,171.32362863362545
1129057.165873,151.72476867707877,,FLEXED,2,1.119294647430366,172.67413098306224,171.55483633563188,142.53492323673632,139.27492734507484,FLEXED,1,0.8761157910730806,172.19974442469854,171.32362863362545
1129057.2403767,154.7141548603495,,FLEXED,2,1.119294647430366,172.67413098306224,171.55483633563188,143.19309136251042,140.84828143934624,FLEXED,1,0.8761157910730806,172.19974442469854,171.32362863362545
1129057.3157081,159.69522618681125,,FLEXED,2,1.119294647430366,172.67413098306224,171.55483633563188,145.73392711800165,142.54221817894296,FLEXED,1,0.8761157910730806,172.19974442469854,171.32362863362545
1129057.3921187,161.87163055244244,,FLEXED,2,1.119294647430366,172.67413098306224,171.55483633563188,146.3233101742884,143.92849310890693,FLEXED,1,0.8761157910730806,172.19974442469854,171.32362863362545
1129057.4661554,163.17805352462048,,FLEXED,2,1.119294647430366,172.67413098306224,171.55483633563188,146.58554398541182,144.8741591753897,FLEXED,1,0.8761157910730806,172.19974442469854,171.32362863362545
1129057.5372684,162.99439683251987,,FLEXED,2,1.119294647430366,172.67413098306224,171.55483633563188,146.23004600986565,145.61318373001558,FLEXED,1,0.8761157910730806,172.19974442469854,171.32362863362545
1129057.6063179,163.83802631997034,,FLEXED,2,1.119294647430366,172.67413098306224,171.55483633563188,146.3795687731435,146.25047921214218,FLEXED,1,0.8761157910730806,172.19974442469854,171.32362863362545
1129057.6647829,163.2508571716868,,FLEXED,2,1.119294647430366,172.67413098306224,171.55483633563188,146.43806718145208,146.3913072248323,FLEXED,1,0.8761157910730806,172.19974442469854,171.32362863362545
1129057.7365348,163.0222027832558,,FLEXED,2,1.119294647430366,172.67413098306224,171.55483633563188,146.1280043739037,146.35224606475535,FLEXED,1,0.8761157910730806,172.19974442469854,171.32362863362545
1129057.8088812,163.20324446904885,,FLEXED,2,1.119294647430366,172.67413098306224,171.55483633563188,145.97027157932104,146.22919158353722,FLEXED,1,0.8761157910730806,172.19974442469854,171.32362863362545
1129057.876177,163.3360756416822,,FLEXED,2,1.119294647430366,172.67413098306224,171.55483633563188,145.68535925128958,146.120254231822,FLEXED,1,0.8761157910730806,172.19974442469854,171.32362863362545
1129057.950186,163.2568582973941,,FLEXED,2,1.119294647430366,172.67413098306224,171.55483633563188,145.62639492041552,145.9696194612764,FLEXED,1,0.8761157910730806,172.19974442469854,171.32362863362545
1129058.0239978,162.8831498786029,,FLEXED,2,1.119294647430366,172.67413098306224,171.55483633563188,145.36719110274618,145.7554442455352,FLEXED,1,0.8761157910730806,172.19974442469854,171.32362863362545
1129058.1042962,163.1646523603551,,FLEXED,2,1.119294647430366,172.67413098306224,171.55483633563188,144.68318161573868,145.4664796939022,FLEXED,1,0.8761157910730806,172.19974442469854,171.32362863362545
1129058.1776955,159.13052903832892,,FLEXED,2,1.119294647430366,172.67413098306224,171.55483633563188,142.0170754795155,144.6758404739411,FLEXED,1,0.8761157910730806,172.19974442469854,171.32362863362545
1129058.2403591,154.15065284860424,,FLEXED,2,1.119294647430366,172.67413098306224,171.55483633563188,139.4559167920794,143.42995198209906,FLEXED,1,0.8761157910730806,172.19974442469854,171.32362863362545
1129058.3104103,156.14700488702996,,FLEXED,2,1.119294647430366,172.67413098306224,171.55483633563188,137.55788747820017,141.81625049365599,FLEXED,1,0.8761157910730806,172.19974442469854,171.32362863362545
1129058.3781221,0.8054787295762281,,FLEXED,2,1.119294647430366,172.67413098306224,171.55483633563188,133.29752089181724,139.4023164514702,FLEXED,1,0.8761157910730806,172.19974442469854,171.32362863362545
1129058.4400491,1.778586224541075,,FLEXED,2,1.119294647430366,172.67413098306224,171.55483633563188,130.66324685648746,136.59832949961998,FLEXED,1,0.8761157910730806,172.19974442469854,171.32362863362545
1129058.4961598,2.743829503158681,,FLEXED,2,1.119294647430366,172.67413098306224,171.55483633563188,129.63742539475746,134.12239948266836,FLEXED,1,0.8761157910730806,172.19974442469854,171.32362863362545
1129058.5684866,13.935270849440656,,FLEXED,2,1.119294647430366,172.67413098306224,171.55483633563188,123.23872171036318,130.87896046632508,FLEXED,1,0.8761157910730806,172.19974442469854,171.32362863362545
1129058.6369245,2.5967596721423054,,FLEXED,2,1.119294647430366,172.67413098306224,171.55483633563188,119.75429032058899,127.31824103480287,FLEXED,1,0.8761157910730806,172.19974442469854,171.32362863362545
1129058.7124347,0.40353045971632,,FLEXED,2,1.119294647430366,172.67413098306224,171.55483633563188,115.58447984346839,123.7756328251331,FLEXED,1,0.8761157910730806,172.19974442469854,171.32362863362545
1129058.8247201,0.08940602783294745,,FLEXED,2,1.119294647430366,172.67413098306224,171.55483633563188,105.77172669881571,118.79732879359877,FLEXED,1,0.8761157910730806,172.19974442469854,171.32362863362545
1129058.8904197,3.5503822053564655,,FLEXED,2,1.119294647430366,172.67413098306224,171.55483633563188,103.07027019095646,113.48389775283854,FLEXED,1,0.8761157910730806,172.19974442469854,171.32362863362545
1129058.9544311,85.94749179437598,,FLEXED,2,1.119294647430366,172.67413098306224,171.55483633563188,91.87929211256474,107.21201183327886,FLEXED,1,0.8761157910730806,172.19974442469854,171.32362863362545
1129059.0347668,81.23403783318221,,FLEXED,2,1.119294647430366,172.67413098306224,171.55483633563188,88.55451136485215,100.9720560421315,FLEXED,1,0.8761157910730806,172.19974442469854,171.32362863362545
1129059.1147498,41.45467013769465,,FLEXED,2,1.119294647430366,172.67413098306224,171.55483633563188,77.39694814399029,93.33454970223588,FLEXED,1,0.8761157910730806,172.19974442469854,171.32362863362545
1129059.1749866,55.478519980852084,,FLEXED,2,1.119294647430366,172.67413098306224,171.55483633563188,74.61576075071373,87.10335651261548,FLEXED,1,0.8761157910730806,172.19974442469854,171.32362863362545
1129059.2385025,33.41019855816897,,FLEXED,2,1.119294647430366,172.67413098306224,171.55483633563188,70.11811209170507,80.5129248927652,FLEXED,1,0.8761157910730806,172.19974442469854,171.32362863362545
1129059.3003928,31.360649102400227,,FLEXED,2,1.119294647430366,172.67413098306224,171.55483633563188,68.16650747372142,75.77036796499654,FLEXED,1,0.8761157910730806,172.19974442469854,171.32362863362545
1129059.3768832,36.99819675348811,,FLEXED,2,1.119294647430366,172.67413098306224,171.55483633563188,53.946308345970316,68.84872736122017,FLEXED,1,0.8761157910730806,172.19974442469854,171.32362863362545
1129059.4567593,42.94314099769833,,FLEXED,2,1.119294647430366,172.67413098306224,171.55483633563188,46.09789241690593,62.588916215803295,FLEXED,1,0.8761157910730806,172.19974442469854,171.32362863362545
1129059.5229523,22.52833913358872,,FLEXED,2,1.119294647430366,172.67413098306224,171.55483633563188,33.227794182834025,54.31132290222736,FLEXED,1,0.8761157910730806,172.19974442469854,171.32362863362545
1129059.6096296,6.443940779122753,,FLEXED,2,1.119294647430366,172.67413098306224,171.55483633563188,28.240747220107714,45.93584992790788,FLEXED,1,0.8761157910730806,172.19974442469854,171.32362863362545
1129059.6907919,5.446944503354819,,FLEXED,2,1.119294647430366,172.67413098306224,171.55483633563188,16.63943097156049,35.6304346274757,FLEXED,1,0.8761157910730806,172.19974442469854,171.32362863362545
1129059.9728527,0.5203368202286437,,FLEXED,2,1.119294647430366,172.67413098306224,171.55483633563188,3.4529330699858756,25.53175957227881,FLEXED,1,0.8761157910730806,172.19974442469854,171.32362863362545
1129060.0348365,1.2542077205561095,,FLEXED,2,1.119294647430366,172.67413098306224,171.55483633563188,8.83938539863921,18.080058168625463,FLEXED,1,0.8761157910730806,172.19974442469854,171.32362863362545
1129060.1092096,0.595831720626162,,FLEXED,2,1.119294647430366,172.67413098306224,171.55483633563188,12.426172257339518,13.919733783526562,FLEXED,1,0.8761157910730806,172.19974442469854,171.32362863362545
1129060.203216,2.3090274048555846,,FLEXED,2,1.119294647430366,172.67413098306224,171.55483633563188,12.50146119974245,10.771876579453508,FLEXED,1,0.8761157910730806,172.19974442469854,171.32362863362545
1129060.2984147,2.401806737735704,,FLEXED,2,1.119294647430366,172.67413098306224,171.55483633563188,12.772770087090823,9.998544402559578,FLEXED,1,0.8761157910730806,172.19974442469854,171.32362863362545
1129060.3808716,4.383266877830862,,FLEXED,2,1.119294647430366,172.67413098306224,171.55483633563188,12.738183156767072,11.855594419915814,FLEXED,1,0.8761157910730806,172.19974442469854,171.32362863362545
1129060.462023,3.6120444958001032,,FLEXED,2,1.119294647430366,172.67413098306224,171.55483633563188,12.494152051478727,12.586547750483717,FLEXED,1,0.8761157910730806,172.19974442469854,171.32362863362545
1129060.5389754,3.2688537569236993,,FLEXED,2,1.119294647430366,172.67413098306224,171.55483633563188,12.036627612473577,12.50863882151053,FLEXED,1,0.8761157910730806,172.19974442469854,171.32362863362545
1129060.611278,2.771914963993527,,FLEXED,2,1.119294647430366,172.67413098306224,171.55483633563188,10.713429083436107,12.151032398249262,FLEXED,1,0.8761157910730806,172.19974442469854,171.32362863362545
1129060.6865898,2.7305383801495178,,FLEXED,2,1.119294647430366,172.67413098306224,171.55483633563188,10.32130606924726,11.66073959468055,FLEXED,1,0.8761157910730806,172.19974442469854,171.32362863362545
1129060.74552,2.542950167505895,,FLEXED,2,1.119294647430366,172.67413098306224,171.55483633563188,9.80433507032592,11.073969977392318,FLEXED,1,0.8761157910730806,172.19974442469854,171.32362863362545
1129060.8254808,2.443135807228047,,FLEXED,2,1.119294647430366,172.67413098306224,171.55483633563188,10.38306829181948,10.651753225460471,FLEXED,1,0.8761157910730806,172.19974442469854,171.32362863362545
1129060.8866204,2.2384910809703142,,FLEXED,2,1.119294647430366,172.67413098306224,171.55483633563188,10.223569343918344,10.289141571749422,FLEXED,1,0.8761157910730806,172.19974442469854,171.32362863362545
1129060.970075,2.024835332202277,,FLEXED,2,1.119294647430366,172.67413098306224,171.55483633563188,9.960249760122306,10.138505707086662,FLEXED,1,0.8761157910730806,172.19974442469854,171.32362863362545
1129061.0561605,1.9332599706843305,44.88138893984043,FLEXED,2,1.119294647430366,172.67413098306224,171.55483633563188,9.926615683280177,10.059567629893246,FLEXED,1,0.8761157910730806,172.19974442469854,171.32362863362545
1129061.1324521,1.7540147781432924,31.523727668604522,FLEXED,2,1.119294647430366,172.67413098306224,171.55483633563188,9.420530679080063,9.982806751644073,FLEXED,1,0.8761157910730806,172.19974442469854,171.32362863362545
1129061.2176415,1.1256844588516937,24.318977500897052,FLEXED,2,1.119294647430366,172.67413098306224,171.55483633563188,9.221807240027108,9.750554541285599,FLEXED,1,0.8761157910730806,172.19974442469854,171.32362863362545
1129061.3042502,2.3878205012694824,19.363913005146966,FLEXED,2,1.119294647430366,172.67413098306224,171.55483633563188,8.972371473994588,9.500314967300849,FLEXED,1,0.8761157910730806,172.19974442469854,171.32362863362545
1129061.436564,6.922406915431985,2.8246373248761567,FLEXED,2,1.119294647430366,172.67413098306224,171.55483633563188,8.800472066703739,9.268359428617135,FLEXED,1,0.8761157910730806,172.19974442469854,171.32362863362545
1129061.5232937,16.263730414238474,5.6907314135869855,FLEXED,2,1.119294647430366,172.67413098306224,171.55483633563188,9.129848549068281,9.109006001774755,FLEXED,1,0.8761157910730806,172.19974442469854,171.32362863362545
1129061.6097507,38.441858203362784,13.028300098630883,FLEXED,2,1.119294647430366,172.67413098306224,171.55483633563188,9.604128557950629,9.14572557754887,FLEXED,1,0.8761157910730806,172.19974442469854,171.32362863362545
1129061.6895097,35.166503506626874,19.83646390818592,FLEXED,2,1.119294647430366,172.67413098306224,171.55483633563188,9.747119897413953,9.250788109026237,FLEXED,1,0.8761157910730806,172.19974442469854,171.32362863362545
1129061.7673325,54.136935220073845,30.18628685194679,FLEXED,2,1.119294647430366,172.67413098306224,171.55483633563188,9.057491591005844,9.267812132428489,FLEXED,1,0.8761157910730806,172.19974442469854,171.32362863362545
1129061.8479136,59.27373067660501,40.6565516041814,FLEXED,2,1.119294647430366,172.67413098306224,171.55483633563188,7.821606374389344,9.07203899396561,FLEXED,1,0.8761157910730806,172.19974442469854,171.32362863362545
1129061.9584903,70.9616750654718,51.59614053442806,FLEXED,2,1.119294647430366,172.67413098306224,171.55483633563188,8.674680786264968,8.98100544140495,FLEXED,1,0.8761157910730806,172.19974442469854,171.32362863362545
1129062.0859801,99.98334422636923,63.904437739029355,FLEXED,2,1.119294647430366,172.67413098306224,171.55483633563188,9.62418323699221,8.985016377213263,FLEXED,1,0.8761157910730806,172.19974442469854,171.32362863362545
1129062.1784954,100.21359192467793,76.91385542263956,FLEXED,2,1.119294647430366,172.67413098306224,171.55483633563188,10.378247230064336,9.11124184374334,FLEXED,1,0.8761157910730806,172.19974442469854,171.32362863362545
1129062.2584589,108.87385582414505,87.8612395434538,FLEXED,2,1.119294647430366,172.67413098306224,171.55483633563188,10.457477917814025,9.391239109104976,FLEXED,1,0.8761157910730806,172.19974442469854,171.32362863362545
1129062.3449923,112.39916301460713,98.48632601105422,FLEXED,2,1.119294647430366,172.67413098306224,171.55483633563188,10.774977899293843,9.981913414085877,FLEXED,1,0.8761157910730806,172.19974442469854,171.32362863362545
1129062.4119703,111.57168460825925,106.60832791961172,FLEXED,2,1.119294647430366,172.67413098306224,171.55483633563188,11.933456019858914,10.633668460804666,FLEXED,1,0.8761157910730806,172.19974442469854,171.32362863362545
1129062.4714603,117.33845710529724,110.07935049539734,FLEXED,2,1.119294647430366,172.67413098306224,171.55483633563188,12.48790376246491,11.206412565899205,FLEXED,1,0.8761157910730806,172.19974442469854,171.32362863362545
1129062.5377783,118.48787389672073,113.73420688980589,FLEXED,2,1.119294647430366,172.67413098306224,171.55483633563188,12.83803158979343,11.698369437845026,FLEXED,1,0.8761157910730806,172.19974442469854,171.32362863362545
1129062.611586,117.13877687622433,115.38719110022173,FLEXED,2,1.119294647430366,172.67413098306224,171.55483633563188,12.626474949834751,12.132168844249168,FLEXED,1,0.8761157910730806,172.19974442469854,171.32362863362545
1129062.6851284,119.96052704070252,116.8994639054408,FLEXED,2,1.119294647430366,172.67413098306224,171.55483633563188,12.477720530175603,12.472717370425523,FLEXED,1,0.8761157910730806,172.19974442469854,171.32362863362545
1129062.7574599,120.87372791904193,118.75987256759736,FLEXED,2,1.119294647430366,172.67413098306224,171.55483633563188,11.51443141241777,12.388912448937294,FLEXED,1,0.8761157910730806,172.19974442469854,171.32362863362545
1129062.8273728,119.00395011569883,119.09297116967767,FLEXED,2,1.119294647430366,172.67413098306224,171.55483633563188,11.464084719245465,12.184148640293404,FLEXED,1,0.8761157910730806,172.19974442469854,171.32362863362545
1129062.9143936,121.50156202216398,119.69570879476632,FLEXED,2,1.119294647430366,172.67413098306224,171.55483633563188,11.07164099920083,11.830870522174884,FLEXED,1,0.8761157910730806,172.19974442469854,171.32362863362545
1129062.9805447,118.81319309195968,120.03059203791338,FLEXED,2,1.119294647430366,172.67413098306224,171.55483633563188,11.220206312141848,11.549616794636304,FLEXED,1,0.8761157910730806,172.19974442469854,171.32362863362545
1129063.0464338,117.10458681917423,119.45940399360772,FLEXED,2,1.119294647430366,172.67413098306224,171.55483633563188,11.127797872635762,11.279632263128335,FLEXED,1,0.8761157910730806,172.19974442469854,171.32362863362545
1129063.1108745,118.8975333080576,119.06416507141087,FLEXED,2,1.119294647430366,172.67413098306224,171.55483633563188,10.949657211310203,11.16667742290682,FLEXED,1,0.8761157910730806,172.19974442469854,171.32362863362545
1129063.1705814,118.78685930757968,119.02074690978705,FLEXED,2,1.119294647430366,172.67413098306224,171.55483633563188,11.047591950140898,11.083378869085909,FLEXED,1,0.8761157910730806,172.19974442469854,171.32362863362545
1129063.243683,119.8990219258744,118.7002388905291,FLEXED,2,1.119294647430366,172.67413098306224,171.55483633563188,11.03116017121677,11.075282703489096,FLEXED,1,0.8761157910730806,172.19974442469854,171.32362863362545
1129063.326769,121.67434631337196,119.27246953481158,FLEXED,2,1.119294647430366,172.67413098306224,171.55483633563188,10.738800550231979,10.979001551107121,FLEXED,1,0.8761157910730806,172.19974442469854,171.32362863362545
1129063.3926474,118.3671399466103,119.52498016029878,FLEXED,2,1.119294647430366,172.67413098306224,171.55483633563188,10.946527526515979,10.942747481883165,FLEXED,1,0.8761157910730806,172.19974442469854,171.32362863362545
1129063.4620625,115.78981925286168,118.90343734925959,FLEXED,2,1.119294647430366,172.67413098306224,171.55483633563188,10.623018821347369,10.877419803890598,FLEXED,1,0.8761157910730806,172.19974442469854,171.32362863362545
1129063.5376789,111.22318379693839,117.39070224713134,FLEXED,2,1.119294647430366,172.67413098306224,171.55483633563188,9.667288468723397,10.601359107607099,FLEXED,1,0.8761157910730806,172.19974442469854,171.32362863362545
1129063.6003656,107.10554891135278,114.83200764422702,FLEXED,2,1.119294647430366,172.67413098306224,171.55483633563188,9.033493218998382,10.20182571716342,FLEXED,1,0.8761157910730806,172.19974442469854,171.32362863362545
1129063.6704096,105.5684328759297,111.61082495673857,FLEXED,2,1.119294647430366,172.67413098306224,171.55483633563188,8.410350444548243,9.736135696026674,FLEXED,1,0.8761157910730806,172.19974442469854,171.32362863362545
1129063.7542828,90.40699607868116,106.01879618315274,FLEXED,2,1.119294647430366,172.67413098306224,171.55483633563188,8.713188590191287,9.289467908761734,FLEXED,1,0.8761157910730806,172.19974442469854,171.32362863362545
1129063.8315295,85.85109562426629,100.03105145743368,FLEXED,2,1.119294647430366,172.67413098306224,171.55483633563188,8.630443581225364,8.890952860737334,FLEXED,1,0.8761157910730806,172.19974442469854,171.32362863362545
1129063.9139477,78.36347866223791,93.45911043049357,FLEXED,2,1.119294647430366,172.67413098306224,171.55483633563188,8.531910664952557,8.663877299983167,FLEXED,1,0.8761157910730806,172.19974442469854,171.32362863362545
1129063.9856731,76.66498980476284,87.37099860917559,FLEXED,2,1.119294647430366,172.67413098306224,171.55483633563188,8.701725066101352,8.59752366940376,FLEXED,1,0.8761157910730806,172.19974442469854,171.32362863362545
1129064.0669756,68.76864602399974,80.0110412387896,FLEXED,2,1.119294647430366,172.67413098306224,171.55483633563188,8.639858564598242,8.64342529341376,FLEXED,1,0.8761157910730806,172.19974442469854,171.32362863362545
1129064.1359883,65.82476293827494,75.09459461070836,FLEXED,2,1.119294647430366,172.67413098306224,171.55483633563188,8.812595965029281,8.663306768381359,FLEXED,1,0.8761157910730806,172.19974442469854,171.32362863362545
1129064.2190695,62.761122441174685,70.47659997409002,FLEXED,2,1.119294647430366,172.67413098306224,171.55483633563188,8.961264319016117,8.72947091593951,FLEXED,1,0.8761157910730806,172.19974442469854,171.32362863362545
1129064.2804159,50.27862217939362,64.85962867752116,FLEXED,2,1.119294647430366,172.67413098306224,171.55483633563188,8.957214641646662,8.814531711278331,FLEXED,1,0.8761157910730806,172.19974442469854,171.32362863362545
1129064.357035,41.22943665953522,57.77251804847564,FLEXED,2,1.119294647430366,172.67413098306224,171.55483633563188,9.061443335091745,8.886475365076409,FLEXED,1,0.8761157910730806,172.19974442469854,171.32362863362545
1129064.4220327,24.76537983105068,48.97186480988582,FLEXED,2,1.119294647430366,172.67413098306224,171.55483633563188,9.475646664786458,9.053632985114053,FLEXED,1,0.8761157910730806,172.19974442469854,171.32362863362545
1129064.4965553,22.184849147547304,40.24388205174031,FLEXED,2,1.119294647430366,172.67413098306224,171.55483633563188,9.80335406580329,9.251784605268854,FLEXED,1,0.8761157910730806,172.19974442469854,171.32362863362545
1129064.5840245,18.39882355477435,31.37142227446023,FLEXED,2,1.119294647430366,172.67413098306224,171.55483633563188,10.58618660632206,9.576769062730042,FLEXED,1,0.8761157910730806,172.19974442469854,171.32362863362545
1129064.6554503,11.055821066055058,23.526862051792524,FLEXED,2,1.119294647430366,172.67413098306224,171.55483633563188,10.628604660036453,9.911047066408,FLEXED,1,0.8761157910730806,172.19974442469854,171.32362863362545
1129064.7216814,7.853661954720997,16.851707110829675,FLEXED,2,1.119294647430366,172.67413098306224,171.55483633563188,11.46959326161849,10.39267705171335,FLEXED,1,0.8761157910730806,172.19974442469854,171.32362863362545
1129064.824422,0.2791720303530527,11.954465550690152,FLEXED,2,1.119294647430366,172.67413098306224,171.55483633563188,12.273774210676176,10.952302560891294,FLEXED,1,0.8761157910730806,172.19974442469854,171.32362863362545
1129064.907766,3.7866258239093202,8.274820885962555,FLEXED,2,1.119294647430366,172.67413098306224,171.55483633563188,12.597848903101795,11.511201528350995,FLEXED,1,0.8761157910730806,172.19974442469854,171.32362863362545
1129064.9816538,2.1511334643329025,5.025282867874266,FLEXED,2,1.119294647430366,172.67413098306224,171.55483633563188,12.01344802509959,11.796653812106502,FLEXED,1,0.8761157910730806,172.19974442469854,171.32362863362545
1129065.0489751,0.9554474323966128,3.0052081411425773,FLEXED,2,1.119294647430366,172.67413098306224,171.55483633563188,11.854137963172281,12.041760472733666,FLEXED,1,0.8761157910730806,172.19974442469854,171.32362863362545
1129065.1252253,1.0255873494447991,1.6395932200873375,FLEXED,2,1.119294647430366,172.67413098306224,171.55483633563188,11.67124079204743,12.082089978819454,FLEXED,1,0.8761157910730806,172.19974442469854,171.32362863362545
1129065.1915505,0.6801660728600083,1.7197920285887285,FLEXED,2,1.119294647430366,172.67413098306224,171.55483633563188,11.699798031374069,11.967294742959032,FLEXED,1,0.8761157910730806,172.19974442469854,171.32362863362545
1129065.2631948,0.6285912094885098,1.0881851057045666,FLEXED,2,1.0881851057045666,172.67413098306224,171.5859458773577,11.556031420704384,11.758931246479552,FLEXED,1,0.8761157910730806,172.19974442469854,171.32362863362545
1129065.3222407,0.5722778365427112,0.7724139801465282,FLEXED,2,0.7724139801465282,172.67413098306224,171.90171700291572,11.727305146384262,11.701702670736484,FLEXED,1,0.8761157910730806,172.19974442469854,171.32362863362545
1129065.6912532,1.731288095396046,0.9275821127464148,FLEXED,2,0.7724139801465282,172.67413098306224,171.90171700291572,12.88918945958389,11.908712970018808,FLEXED,1,0.8761157910730806,172.19974442469854,171.32362863362545
1129065.7706732,2.2821878041112034,1.1789022036796957,FLEXED,2,0.7724139801465282,172.67413098306224,171.90171700291572,13.36365384197186,12.247195580003693,FLEXED,1,0.8761157910730806,172.19974442469854,171.32362863362545
1129065.8625003,0.766155554004598,1.1961000999086138,FLEXED,2,0.7724139801465282,172.67413098306224,171.90171700291572,15.572151341267999,13.021666241982478,FLEXED,1,0.8761157910730806,172.19974442469854,171.32362863362545
1129065.9378896,12.197728308029149,3.509927519616741,FLEXED,2,0.7724139801465282,172.67413098306224,171.90171700291572,17.2414358428509,14.158747126411782,FLEXED,1,0.8761157910730806,172.19974442469854,171.32362863362545
1129066.006774,14.716049924999504,6.3386819373081,FLEXED,2,0.7724139801465282,172.67413098306224,171.90171700291572,15.770080945204844,14.967302286175897,FLEXED,1,0.8761157910730806,172.19974442469854,171.32362863362545
1129066.0764737,13.839298936749822,8.760284105578855,FLEXED,2,0.7724139801465282,172.67413098306224,171.90171700291572,15.13562030902669,15.416588456064456,FLEXED,1,0.8761157910730806,172.19974442469854,171.32362863362545
1129066.1452401,16.838916338212577,11.671629812399129,FLEXED,2,0.7724139801465282,172.67413098306224,171.90171700291572,14.4075801525346,15.625373718177007,FLEXED,1,0.8761157910730806,172.19974442469854,171.32362863362545
1129066.2081784,17.291279238330556,14.976654549264321,FLEXED,2,0.7724139801465282,172.67413098306224,171.90171700291572,19.425529659014988,16.396049381726407,FLEXED,1,0.8761157910730806,172.19974442469854,171.32362863362545
1129066.2811203,18.41930522788654,16.2209699332358,FLEXED,2,0.7724139801465282,172.67413098306224,171.90171700291572,20.801959624273714,17.108154138010967,FLEXED,1,0.8761157910730806,172.19974442469854,171.32362863362545
1129066.35767,19.896346034195776,17.257029155075053,FLEXED,2,0.7724139801465282,172.67413098306224,171.90171700291572,21.720318997253333,18.298201748420663,FLEXED,1,0.8761157910730806,172.19974442469854,171.32362863362545
1129066.4261859,19.349806400959817,18.359130647917052,FLEXED,2,0.7724139801465282,172.67413098306224,171.90171700291572,22.340740891502087,19.739225864915745,FLEXED,1,0.8761157910730806,172.19974442469854,171.32362863362545
1129066.5015071,18.776044166536227,18.746556213581783,FLEXED,2,0.7724139801465282,172.67413098306224,171.90171700291572,22.342038940350758,21.32611762247898,FLEXED,1,0.8761157910730806,172.19974442469854,171.32362863362545
1129066.581487,18.523262160441924,18.992952798004058,FLEXED,2,0.7724139801465282,172.67413098306224,171.90171700291572,20.328588716208,21.50672943391758,FLEXED,1,0.8761157910730806,172.19974442469854,171.32362863362545
1129066.6516625,18.105722660778046,18.930236284582357,FLEXED,2,0.7724139801465282,172.67413098306224,171.90171700291572,19.191567196602737,21.184650948383386,FLEXED,1,0.8761157910730806,172.19974442469854,171.32362863362545
1129066.7328471,17.806408108687975,18.5122486994808,FLEXED,2,0.7724139801465282,172.67413098306224,171.90171700291572,18.605937044465758,20.561774557825867,FLEXED,1,0.8761157910730806,172.19974442469854,171.32362863362545
1129066.7972386,18.30525780370502,18.30333898002984,FLEXED,2,0.7724139801465282,172.67413098306224,171.90171700291572,18.8611751543875,19.86586141040295,FLEXED,1,0.8761157910730806,172.19974442469854,171.32362863362545
1129066.8641457,18.2037814495422,18.18888643663103,FLEXED,2,0.7724139801465282,172.67413098306224,171.90171700291572,18.9537295091228,19.18819952415736,FLEXED,1,0.8761157910730806,172.19974442469854,171.32362863362545
1129066.928008,18.144291585536664,18.11309232164998,FLEXED,2,0.7724139801465282,172.67413098306224,171.90171700291572,20.194561834873983,19.161394147890555,FLEXED,1,0.8761157910730806,172.19974442469854,171.32362863362545
1129067.0003325,18.318425352363,18.15563285996697,FLEXED,2,0.7724139801465282,172.67413098306224,171.90171700291572,20.63260174181857,19.449601056933723,FLEXED,1,0.8761157910730806,172.19974442469854,171.32362863362545
1129067.0689683,18.275927043132626,18.2495366468559,FLEXED,2,0.7724139801465282,172.67413098306224,171.90171700291572,20.904406778607534,19.90929500376208,FLEXED,1,0.8761157910730806,172.19974442469854,171.32362863362545
1129067.1305899,18.57831041812628,18.304147169740155,FLEXED,2,0.7724139801465282,172.67413098306224,171.90171700291572,20.56883743779308,20.250827460443194,FLEXED,1,0.8761157910730806,172.19974442469854,171.32362863362545
1129067.1997614,18.419418203853244,18.34727452060236,FLEXED,2,0.7724139801465282,172.67413098306224,171.90171700291572,20.305499750533333,20.5211815087253,FLEXED,1,0.8761157910730806,172.19974442469854,171.32362863362545
1129067.2654542,17.683474841683793,18.25511117183179,FLEXED,2,0.7724139801465282,172.67413098306224,171.90171700291572,20.061877547814426,20.494644651313386,FLEXED,1,0.8761157910730806,172.19974442469854,171.32362863362545
1129067.3311788,17.19031157792288,18.029488416943764,FLEXED,2,0.7724139801465282,172.67413098306224,171.90171700291572,19.197581838433027,20.207640670636277,FLEXED,1,0.8761157910730806,172.19974442469854,171.32362863362545
1129067.415258,16.532496400480532,17.680802288413343,FLEXED,2,0.7724139801465282,172.67413098306224,171.90171700291572,18.791032391596904,19.784965793234154,FLEXED,1,0.8761157910730806,172.19974442469854,171.32362863362545
1129067.4802909,15.803490468560343,17.125838298500156,FLEXED,2,0.7724139801465282,172.67413098306224,171.90171700291572,17.81908207983873,19.235014721643285,FLEXED,1,0.8761157910730806,172.19974442469854,171.32362863362545
1129067.5452798,15.946686523459583,16.631291962421425,FLEXED,2,0.7724139801465282,172.67413098306224,171.90171700291572,17.797189802361174,18.733352732008854,FLEXED,1,0.8761157910730806,172.19974442469854,171.32362863362545
1129067.6461512,16.471099561014327,16.388816906287534,FLEXED,2,0.7724139801465282,172.67413098306224,171.90171700291572,18.200014195986547,18.36098006164328,FLEXED,1,0.8761157910730806,172.19974442469854,171.32362863362545
1129067.7371009,34.13818737711864,19.778392066126685,FLEXED,2,0.7724139801465282,172.67413098306224,171.90171700291572,19.110393063750113,18.343542306706695,FLEXED,1,0.8761157910730806,172.19974442469854,171.32362863362545
1129067.799038,49.68787412818516,26.409467611667605,FLEXED,2,0.7724139801465282,172.67413098306224,171.90171700291572,19.126308223338768,18.410597473055066,FLEXED,1,0.8761157910730806,172.19974442469854,171.32362863362545
1129067.8707135,89.94559227940582,41.2378879738367,FLEXED,2,0.7724139801465282,172.67413098306224,171.90171700291572,15.530596914394625,17.952900439966246,FLEXED,1,0.8761157910730806,172.19974442469854,171.32362863362545
1129067.9381962,115.2131179945381,61.091174268052406,FLEXED,2,0.7724139801465282,172.67413098306224,171.90171700291572,15.972453120159726,17.587953103525955,FLEXED,1,0.8761157910730806,172.19974442469854,171.32362863362545
1129068.0036473,147.57342610734068,87.31163957731766,FLEXED,2,0.7724139801465282,172.67413098306224,171.90171700291572,15.976990886378653,17.143348441604378,FLEXED,1,0.8761157910730806,172.19974442469854,171.32362863362545
1129068.0647761,152.49870417449506,110.98374293679296,FLEXED,2,0.7724139801465282,172.67413098306224,171.90171700291572,16.347553449213702,16.590780518697095,FLEXED,1,0.8761157910730806,172.19974442469854,171.32362863362545
1129068.1338541,157.92380813464823,132.63092973808557,FLEXED,2,0.7724139801465282,172.67413098306224,171.90171700291572,16.453978105173082,16.056314495063955,FLEXED,1,0.8761157910730806,172.19974442469854,171.32362863362545
1129068.2031552,160.9326799987781,146.82834728196002,FLEXED,2,0.7724139801465282,172.67413098306224,171.90171700291572,16.65032722955365,16.280260558095762,FLEXED,1,0.8761157910730806,172.19974442469854,171.32362863362545
1129068.2913686,162.81965688316498,156.3496550596854,FLEXED,2,0.7724139801465282,172.67413098306224,171.90171700291572,17.42389849788078,16.570549633639978,FLEXED,1,0.8761157910730806,172.19974442469854,171.32362863362545
1129068.3635819,163.27550615891738,159.49007107000074,FLEXED,2,0.7724139801465282,172.67413098306224,171.90171700291572,18.046710990552352,16.984493654474715,FLEXED,1,0.8761157910730806,172.19974442469854,171.32362863362545
1129068.4457178,166.11439337769153,162.21320891064005,EXTENDED,3,0.7724139801465282,172.67413098306224,171.90171700291572,18.731441460855162,17.46127125680301,FLEXED,1,0.8761157910730806,172.19974442469854,171.32362863362545
1129068.5156818,167.8508848663975,164.1986242569899,EXTENDED,3,0.7724139801465282,172.67413098306224,171.90171700291572,19.558847910882886,18.082245217944966,FLEXED,1,0.8761157910730806,172.19974442469854,171.32362863362545
1129068.5766649,168.79342366310883,165.77077298985606,EXTENDED,3,0.7724139801465282,172.67413098306224,171.90171700291572,19.88464167398104,18.729108106830445,FLEXED,1,0.8761157910730806,172.19974442469854,171.32362863362545
1129068.6681493,168.7941275071661,166.96566711465627,EXTENDED,3,0.7724139801465282,172.67413098306224,171.90171700291572,20.036839767698183,19.25169636079392,FLEXED,1,0.8761157910730806,172.19974442469854,171.32362863362545
1129068.7359512,168.63328410730367,168.03722270433352,EXTENDED,3,0.7724139801465282,172.67413098306224,171.90171700291572,20.31028065024466,19.704410292732387,FLEXED,1,0.8761157910730806,172.19974442469854,171.32362863362545
1129068.8017088,168.47401660095963,168.50914734898714,EXTENDED,3,0.7724139801465282,172.67413098306224,171.90171700291572,20.48183873452354,20.05448974746606,FLEXED,1,0.8761157910730806,172.19974442469854,171.32362863362545
1129068.8764589,168.2785433125353,168.59467903821468,EXTENDED,3,0.7724139801465282,172.67413098306224,171.90171700291572,20.4426279078398,20.231245746857446,FLEXED,1,0.8761157910730806,172.19974442469854,171.32362863362545
1129068.947678,168.75828244517527,168.587650794628,EXTENDED,3,0.7724139801465282,172.67413098306224,171.90171700291572,20.5844217355265,20.37120175916654,FLEXED,1,0.8761157910730806,172.19974442469854,171.32362863362545
1129069.0276341,169.223204669473,168.67346622708936,EXTENDED,3,0.7724139801465282,172.67413098306224,171.90171700291572,20.53704253457256,20.471242312541413,FLEXED,1,0.8761157910730806,172.19974442469854,171.32362863362545
1129069.1056011,169.90409479771995,168.92762836517264,EXTENDED,3,0.7724139801465282,172.67413098306224,171.90171700291572,20.484939757756784,20.50617413404384,FLEXED,1,0.8761157910730806,172.19974442469854,171.32362863362545
1129069.1769087,169.97850803655766,169.22852665229223,EXTENDED,3,0.7724139801465282,172.67413098306224,171.90171700291572,20.638560178910595,20.537518422921245,FLEXED,1,0.8761157910730806,172.19974442469854,171.32362863362545
1129069.2510713,170.45231816689153,169.6632816231635,EXTENDED,3,0.7724139801465282,172.67413098306224,171.90171700291572,20.91525564622994,20.632043970599277,FLEXED,1,0.8761157910730806,172.19974442469854,171.32362863362545
1129069.3256043,170.91155336084066,170.09393580629654,EXTENDED,3,0.7724139801465282,172.67413098306224,171.90171700291572,20.84648693439811,20.6844570103736,FLEXED,1,0.8761157910730806,172.19974442469854,171.32362863362545
1129069.4014289,170.96023892812795,170.44134265802754,EXTENDED,3,0.7724139801465282,172.67413098306224,171.90171700291572,20.880303929305086,20.753109289320104,FLEXED,1,0.8761157910730806,172.19974442469854,171.32362863362545
1129069.4870703,171.75317596698417,170.8111588918804,EXTENDED,3,0.7724139801465282,172.67413098306224,171.90171700291572,20.880835342444627,20.83228840625767,FLEXED,1,0.8761157910730806,172.19974442469854,171.32362863362545
1129069.5662979,171.47056805746087,171.10957089606103,EXTENDED,3,0.7724139801465282,172.67413098306224,171.90171700291572,20.98223576962507,20.901023524400568,FLEXED,1,0.8761157910730806,172.19974442469854,171.32362863362545
1129069.6422437,171.67053929810535,171.35321512230382,EXTENDED,3,0.7724139801465282,172.67413098306224,171.90171700291572,21.134133466133477,20.944799088381274,FLEXED,1,0.8761157910730806,172.19974442469854,171.32362863362545
1129069.7111777,172.70017157290889,171.71093876471744,EXTENDED,3,0.7724139801465282,172.67413098306224,171.90171700291572,21.111330857962102,20.99776787309407,FLEXED,1,0.8761157910730806,172.19974442469854,171.32362863362545
1129069.7918544,172.89465841670278,172.0978226624324,EXTENDED,3,0.7724139801465282,172.67413098306224,171.90171700291572,21.0978672592107,21.041280539075196,FLEXED,1,0.8761157910730806,172.19974442469854,171.32362863362545
1129069.864083,171.69493200035976,172.0861738691075,EXTENDED,3,0.7724139801465282,172.67413098306224,171.90171700291572,20.834724505930716,21.032058371772415,FLEXED,1,0.8761157910730806,172.19974442469854,171.32362863362545
1129069.9208954,170.81457449429445,171.95497515647426,EXTENDED,3,0.7724139801465282,172.67413098306224,171.90171700291572,20.38770149842378,20.913151517532157,FLEXED,1,0.8761157910730806,172.19974442469854,171.32362863362545
1129070.0038824,170.71234347128618,171.7633359911104,EXTENDED,3,0.7724139801465282,172.67413098306224,171.90171700291572,20.325507028514224,20.751426230008306,FLEXED,1,0.8761157910730806,172.19974442469854,171.32362863362545
1129070.0802808,169.51955544004224,171.1272127645371,EXTENDED,3,0.7724139801465282,172.67413098306224,171.90171700291572,20.264646978491843,20.582089454114254,FLEXED,1,0.8761157910730806,172.19974442469854,171.32362863362545
1129070.1604278,167.69819552255507,170.08792018570753,EXTENDED,3,0.7724139801465282,172.67413098306224,171.90171700291572,20.231745805570345,20.40886516338618,FLEXED,1,0.8761157910730806,172.19974442469854,171.32362863362545
1129070.2300793,157.80306882666972,167.30954755096954,EXTENDED,3,0.7724139801465282,172.67413098306224,171.90171700291572,20.341999288347818,20.3103201198696,FLEXED,1,0.8761157910730806,172.19974442469854,171.32362863362545
1129070.2973664,150.7505958829692,163.29675182870446,EXTENDED,3,0.7724139801465282,172.67413098306224,171.90171700291572,20.420417474605326,20.316863315105913,FLEXED,1,0.8761157910730806,172.19974442469854,171.32362863362545
1129070.3863845,96.50887950047748,148.45605903454273,EXTENDED,3,0.7724139801465282,172.67413098306224,171.90171700291572,20.223880256535118,20.29653796071009,FLEXED,1,0.8761157910730806,172.19974442469854,171.32362863362545
1129070.456754,72.88288014804002,129.1287239761423,EXTENDED,3,0.7724139801465282,172.67413098306224,171.90171700291572,19.47362311897059,20.138333188805838,FLEXED,1,0.8761157910730806,172.19974442469854,171.32362863362545
1129070.5378102,61.70539617256801,107.93016410614489,EXTENDED,3,0.7724139801465282,172.67413098306224,171.90171700291572,19.067932205612287,19.905570468814226,FLEXED,1,0.8761157910730806,172.19974442469854,171.32362863362545
1129070.6196566,42.852818940293844,84.94011412886971,EXTENDED,3,0.7724139801465282,172.67413098306224,171.90171700291572,17.75728527997147,19.38862766713896,FLEXED,1,0.8761157910730806,172.19974442469854,171.32362863362545
1129070.6878197,36.98492055659776,62.18697906359544,EXTENDED,3,0.7724139801465282,172.67413098306224,171.90171700291572,16.987799079268346,18.70210398807156,FLEXED,1,0.8761157910730806,172.19974442469854,171.32362863362545
1129070.7793645,29.164630493376478,48.718129262175225,FLEXED,3,0.7724139801465282,172.67413098306224,171.90171700291572,16.653188586579056,17.987965654080348,FLEXED,1,0.8761157910730806,172.19974442469854,171.32362863362545
1129070.8558206,24.463848976636562,39.03432302789453,FLEXED,3,0.7724139801465282,172.67413098306224,171.90171700291572,16.72226370484173,17.43769377125458,FLEXED,1,0.8761157910730806,172.19974442469854,171.32362863362545
1129070.9348549,20.502082442404383,30.793660281861804,FLEXED,3,0.7724139801465282,172.67413098306224,171.90171700291572,16.603466868210766,16.944800703774273,FLEXED,1,0.8761157910730806,172.19974442469854,171.32362863362545
1129071.2351553,19.165894076996793,26.056275309202398,FLEXED,3,0.7724139801465282,172.67413098306224,171.90171700291572,16.83965983643073,16.761275615066126,FLEXED,1,0.8761157910730806,172.19974442469854,171.32362863362545
1129071.3171743,17.62153022401024,22.18359724268489,FLEXED,3,0.7724139801465282,172.67413098306224,171.90171700291572,17.891711983433435,16.942058195899143,FLEXED,1,0.8761157910730806,172.19974442469854,171.32362863362545
1129071.3860466,16.902113969404912,19.731093937890577,FLEXED,3,0.7724139801465282,172.67413098306224,171.90171700291572,17.83152655179393,17.17772578894212,FLEXED,1,0.8761157910730806,172.19974442469854,171.32362863362545
1129071.4595306,16.38304705449941,18.11493355346315,FLEXED,3,0.7724139801465282,172.67413098306224,171.90171700291572,17.959913691955006,17.425255786364776,FLEXED,1,0.8761157910730806,172.19974442469854,171.32362863362545
1129071.5242114,16.357300433252806,17.28597715163283,FLEXED,3,0.7724139801465282,172.67413098306224,171.90171700291572,17.80218921836005,17.66500025639463,FLEXED,1,0.8761157910730806,172.19974442469854,171.32362863362545
1129071.6034069,15.970995838344443,16.646997503902362,FLEXED,3,0.7724139801465282,172.67413098306224,171.90171700291572,17.888695118923017,17.874807312893086,FLEXED,1,0.8761157910730806,172.19974442469854,171.32362863362545
1129071.6757905,16.101142155197703,16.342919890139857,FLEXED,3,0.7724139801465282,172.67413098306224,171.90171700291572,17.75259152731535,17.84698322166947,FLEXED,1,0.8761157910730806,172.19974442469854,171.32362863362545
1129071.7404175,16.060462934937775,16.174589683246428,FLEXED,3,0.7724139801465282,172.67413098306224,171.90171700291572,17.575240420865107,17.795725995483707,FLEXED,1,0.8761157910730806,172.19974442469854,171.32362863362545
1129071.8086591,16.064965968094434,16.110973465965436,FLEXED,3,0.7724139801465282,172.67413098306224,171.90171700291572,17.838166969224524,17.771376650937604,FLEXED,1,0.8761157910730806,172.19974442469854,171.32362863362545
1129071.8894648,16.131295871035036,16.065772553521878,FLEXED,3,0.7724139801465282,172.67413098306224,171.90171700291572,17.714702375656756,17.75387928239695,FLEXED,1,0.8761157910730806,172.19974442469854,171.32362863362545
1129071.9545867,16.064068458753468,16.084387077603687,FLEXED,3,0.7724139801465282,172.67413098306224,171.90171700291572,17.62688145238198,17.701516549088744,FLEXED,1,0.8761157910730806,172.19974442469854,171.32362863362545
1129072.0145801,15.797795170940486,16.023717680752238,FLEXED,3,0.7724139801465282,172.67413098306224,171.90171700291572,17.737832674504133,17.6985647785265,FLEXED,1,0.8761157910730806,172.19974442469854,171.32362863362545
1129072.0849457,15.849607150160855,15.981546523796855,FLEXED,3,0.7724139801465282,172.67413098306224,171.90171700291572,17.90030558321063,17.763577810995606,FLEXED,1,0.8761157910730806,172.19974442469854,171.32362863362545
1129072.1626734,15.52309985679524,15.873173301537017,FLEXED,3,0.7724139801465282,172.67413098306224,171.90171700291572,17.815406224475094,17.759025662045723,FLEXED,1,0.8761157910730806,172.19974442469854,171.32362863362545
1129072.2323882,15.501010168377912,15.747116161005593,FLEXED,3,0.7724139801465282,172.67413098306224,171.90171700291572,18.31342028820003,17.878769244554373,FLEXED,1,0.8761157910730806,172.19974442469854,171.32362863362545
1129072.2987087,15.763727487135482,15.687047966681993,FLEXED,3,0.7724139801465282,172.67413098306224,171.90171700291572,18.303492334697616,18.014091421017504,FLEXED,1,0.8761157910730806,172.19974442469854,171.32362863362545
1129072.3620016,15.711701299954862,15.669829192484872,FLEXED,3,0.7724139801465282,172.67413098306224,171.90171700291572,18.710534290554282,18.208631744227528,FLEXED,1,0.8761157910730806,172.19974442469854,171.32362863362545
1129072.439201,16.762237490937647,15.852355260640229,FLEXED,3,0.7724139801465282,172.67413098306224,171.90171700291572,24.524254811619453,19.533421589909295,FLEXED,1,0.8761157910730806,172.19974442469854,171.32362863362545
1129072.5052738,17.1247797680778,16.17269124289674,FLEXED,3,0.7724139801465282,172.67413098306224,171.90171700291572,33.63557575166958,22.69745549534819,FLEXED,1,0.8761157910730806,172.19974442469854,171.32362863362545
1129072.578569,17.87103326751183,16.646695862723526,FLEXED,3,0.7724139801465282,172.67413098306224,171.90171700291572,59.80590070126819,30.995951577961826,FLEXED,1,0.8761157910730806,172.19974442469854,171.32362863362545
1129072.6569621,16.72478559194321,16.83890748368507,FLEXED,3,0.7724139801465282,172.67413098306224,171.90171700291572,53.548167139752124,38.04488653897273,FLEXED,1,0.8761157910730806,172.19974442469854,171.32362863362545
1129072.7233188,16.36253657836746,16.96907453936759,FLEXED,3,0.7724139801465282,172.67413098306224,171.90171700291572,72.2340294536118,48.749585571584234,FLEXED,1,0.8761157910730806,172.19974442469854,171.32362863362545
1129072.7951338,17.075291263862383,17.03168529395254,FLEXED,3,0.7724139801465282,172.67413098306224,171.90171700291572,149.1050979277828,73.6657541948169,FLEXED,1,0.8761157910730806,172.19974442469854,171.32362863362545
1129072.8740423,17.91886425614422,17.19050219156582,FLEXED,3,0.7724139801465282,172.67413098306224,171.90171700291572,146.96472000313332,96.33158304510965,FLEXED,1,0.8761157910730806,172.19974442469854,171.32362863362545
1129072.9357307,19.2807927835617,17.47245409477579,FLEXED,3,0.7724139801465282,172.67413098306224,171.90171700291572,157.21699141779223,115.81380118841446,FLEXED,1,0.8761157910730806,172.19974442469854,171.32362863362545
1129072.9980094,19.52592045492599,18.03268106737235,FLEXED,3,0.7724139801465282,172.67413098306224,171.90171700291572,161.04272871803138,137.3127135040703,FLEXED,1,0.8761157910730806,172.19974442469854,171.32362863362545
1129073.0608887,20.332287734244286,18.826631298547717,FLEXED,3,0.7724139801465282,172.67413098306224,171.90171700291572,164.32146954288385,155.7302015219247,FLEXED,1,0.8761157910730806,172.19974442469854,171.32362863362545
1129073.1339336,20.52605779297735,19.516784604370713,FLEXED,3,0.7724139801465282,172.67413098306224,171.90171700291572,164.90127612674237,158.88943716171664,FLEXED,1,0.8761157910730806,172.19974442469854,171.32362863362545
1129073.2038427,20.604412251235843,20.053894203389035,FLEXED,3,0.7724139801465282,172.67413098306224,171.90171700291572,165.79251882600175,162.65499692629032,EXTENDED,2,0.8761157910730806,172.19974442469854,171.32362863362545
1129073.2769706,20.47857195500414,20.293450037677523,FLEXED,3,0.7724139801465282,172.67413098306224,171.90171700291572,167.229610964782,164.65752083568827,EXTENDED,2,0.8761157910730806,172.19974442469854,171.32362863362545
1129073.3488317,20.500459165327293,20.48835777975778,FLEXED,3,0.7724139801465282,172.67413098306224,171.90171700291572,168.42925266270072,166.13482562462212,EXTENDED,2,0.8761157910730806,172.19974442469854,171.32362863362545
1129073.4246827,20.526382125337772,20.527176657976483,FLEXED,3,0.7724139801465282,172.67413098306224,171.90171700291572,167.70973905048697,166.8124795261428,EXTENDED,2,0.8761157910730806,172.19974442469854,171.32362863362545
1129073.4915442,20.72595031149926,20.567155161680862,FLEXED,3,0.7724139801465282,172.67413098306224,171.90171700291572,169.2532115405234,167.682866608899,EXTENDED,2,0.8761157910730806,172.19974442469854,171.32362863362545
1129073.5795322,20.90826580543692,20.627925872521075,FLEXED,3,0.7724139801465282,172.67413098306224,171.90171700291572,164.28234931290856,167.38083270628033,EXTENDED,2,0.8761157910730806,172.19974442469854,171.32362863362545
1129073.6426068,20.899065972893723,20.712024676098995,FLEXED,3,0.7724139801465282,172.67413098306224,171.90171700291572,160.22774785570596,165.98046008446514,EXTENDED,2,0.8761157910730806,172.19974442469854,171.32362863362545
1129073.7286696,20.948620668538236,20.801656976741185,FLEXED,3,0.7724139801465282,172.67413098306224,171.90171700291572,163.78629385123097,165.05186832217117,EXTENDED,2,0.8761157910730806,172.19974442469854,171.32362863362545
1129073.8183483,20.923900883797813,20.88116072843319,FLEXED,3,0.7724139801465282,172.67413098306224,171.90171700291572,162.81227075338433,164.07237466275063,EXTENDED,2,0.8761157910730806,172.19974442469854,171.32362863362545
1129073.8800367,20.883906221608846,20.912751910455107,FLEXED,3,0.7724139801465282,172.67413098306224,171.90171700291572,160.85117696471525,162.39196774758904,EXTENDED,2,0.8761157910730806,172.19974442469854,171.32362863362545
1129073.9449625,20.914356054665895,20.913969960300903,FLEXED,3,0.7724139801465282,172.67413098306224,171.90171700291572,160.0620428421193,161.54790645343118,EXTENDED,2,0.8761157910730806,172.19974442469854,171.32362863362545
1129074.0161438,20.95367561618576,20.924891888959312,FLEXED,3,0.7724139801465282,172.67413098306224,171.90171700291572,165.0328709731175,162.50893107691346,EXTENDED,2,0.8761157910730806,172.19974442469854,171.32362863362545
1129074.0861343,20.581681707879483,20.85150409682756,FLEXED,3,0.7724139801465282,172.67413098306224,171.90171700291572,165.67831469142507,162.88733524495228,EXTENDED,2,0.8761157910730806,172.19974442469854,171.32362863362545
1129074.1724675,20.149476069664775,20.69661913400095,FLEXED,3,0.7724139801465282,172.67413098306224,171.90171700291572,165.4250478767841,163.40989066963226,EXTENDED,2,0.8761157910730806,172.19974442469854,171.32362863362545
1129074.2499601,19.539384806066156,20.42771485089241,FLEXED,3,0.7724139801465282,172.67413098306224,171.90171700291572,158.23949096218988,162.88755346912717,EXTENDED,2,0.8761157910730806,172.19974442469854,171.32362863362545
1129074.3259348,19.430554057558417,20.130954451470917,FLEXED,3,0.7724139801465282,172.67413098306224,171.90171700291572,163.1235574985906,163.4998564004214,EXTENDED,2,0.8761157910730806,172.19974442469854,171.32362863362545
1129074.3927343,19.323206225613003,19.804860573356365,FLEXED,3,0.7724139801465282,172.67413098306224,171.90171700291572,167.593159928551,164.0119141915081,EXTENDED,2,0.8761157910730806,172.19974442469854,171.32362863362545
1129074.464621,19.46655798024256,19.581835827828982,FLEXED,3,0.7724139801465282,172.67413098306224,171.90171700291572,170.144778295403,164.90520691230373,EXTENDED,2,0.8761157910730806,172.19974442469854,171.32362863362545
1129074.5290037,19.51610483941865,19.455161581779755,FLEXED,3,0.7724139801465282,172.67413098306224,171.90171700291572,170.16753612323208,165.8537045615933,EXTENDED,2,0.8761157910730806,172.19974442469854,171.32362863362545
1129074.6110508,19.571865196117923,19.46165765979011,FLEXED,3,0.7724139801465282,172.67413098306224,171.90171700291572,170.8814094266859,168.38208825449252,EXTENDED,2,0.8761157910730806,172.19974442469854,171.32362863362545
1129074.6835173,19.38763894937165,19.453074638152756,FLEXED,3,0.7724139801465282,172.67413098306224,171.90171700291572,170.9278614409367,169.94294904296174,EXTENDED,2,0.8761157910730806,172.19974442469854,171.32362863362545
1129074.7490703,19.052800500418872,19.398993493113927,FLEXED,3,0.7724139801465282,172.67413098306224,171.90171700291572,171.4076810238936,170.70585326203025,EXTENDED,2,0.8761157910730806,172.19974442469854,171.32362863362545
1129074.8175359,18.7313687438369,19.251955645832798,FLEXED,3,0.7724139801465282,172.67413098306224,171.90171700291572,172.2245198764008,171.12180157822982,EXTENDED,2,0.8761157910730806,172.19974442469854,171.32362863362545
1129074.892727,18.327634601401844,19.014261598229435,FLEXED,3,0.7724139801465282,172.67413098306224,171.90171700291572,167.75514292792604,170.6393229391686,EXTENDED,2,0.8761157910730806,172.19974442469854,171.32362863362545
1129074.9648577,18.25836510730453,18.751561580466756,FLEXED,3,0.7724139801465282,172.67413098306224,171.90171700291572,155.3054137422196,167.52412380227534,EXTENDED,2,0.8761157910730806,172.19974442469854,171.32362863362545
1129075.0531454,17.851832630103722,18.444400316613173,FLEXED,3,0.7724139801465282,172.67413098306224,171.90171700291572,80.54241932249577,149.44703537858715,EXTENDED,2,0.8761157910730806,172.19974442469854,171.32362863362545
1129075.1361988,17.4939663589628,18.13263348832196,FLEXED,3,0.7724139801465282,172.67413098306224,171.90171700291572,67.1088750730729,128.587274188423,EXTENDED,2,0.8761157910730806,172.19974442469854,171.32362863362545
1129075.2089748,18.331614672733494,18.05268267410128,FLEXED,3,0.7724139801465282,172.67413098306224,171.90171700291572,35.34656050845659,101.21168231483418,EXTENDED,2,0.8761157910730806,172.19974442469854,171.32362863362545
1129075.2702972,18.860995613106066,18.159354876442126,FLEXED,3,0.7724139801465282,172.67413098306224,171.90171700291572,28.754619224213965,73.41157757409177,EXTENDED,2,0.8761157910730806,172.19974442469854,171.32362863362545
1129075.3431531,18.49183838178398,18.206049531338014,FLEXED,3,0.7724139801465282,172.67413098306224,171.90171700291572,26.006166616356786,47.551728148919196,FLEXED,2,0.8761157910730806,172.19974442469854,171.32362863362545
1129075.4053137,18.214849756277715,18.27865295657281,FLEXED,3,0.7724139801465282,172.67413098306224,171.90171700291572,19.548902503652037,35.35302478515045,FLEXED,2,0.8761157910730806,172.19974442469854,171.32362863362545
1129075.4825432,18.094558155322655,18.398771315844783,FLEXED,3,0.7724139801465282,172.67413098306224,171.90171700291572,17.903232179547295,25.51189620644534,FLEXED,2,0.8761157910730806,172.19974442469854,171.32362863362545
1129075.5751116,17.919188303499855,18.316286041998055,FLEXED,3,0.7724139801465282,172.67413098306224,171.90171700291572,16.281173742466954,21.69881885324741,FLEXED,2,0.8761157910730806,172.19974442469854,171.32362863362545
1129075.6507909,17.351729056409816,18.014432730658804,FLEXED,3,0.7724139801465282,172.67413098306224,171.90171700291572,15.599157905081922,19.067726589421,FLEXED,2,0.8761157910730806,172.19974442469854,171.32362863362545
1129075.724901,17.26134361275766,17.76833377685354,FLEXED,3,0.7724139801465282,172.67413098306224,171.90171700291572,15.253444781491089,16.917182222447856,FLEXED,2,0.8761157910730806,172.19974442469854,171.32362863362545
1129075.7947618,16.886998118903005,17.502763449378598,FLEXED,3,0.7724139801465282,172.67413098306224,171.90171700291572,15.206771832378745,16.0487560881932,FLEXED,2,0.8761157910730806,172.19974442469854,171.32362863362545
1129075.8684267,17.007421536905948,17.28533612569526,FLEXED,3,0.7724139801465282,172.67413098306224,171.90171700291572,16.260730291544288,15.720255710592602,FLEXED,2,0.8761157910730806,172.19974442469854,171.32362863362545
1129075.9315317,18.47124402643133,17.395747270281554,FLEXED,3,0.7724139801465282,172.67413098306224,171.90171700291572,16.269878800303655,15.717996722159942,FLEXED,2,0.8761157910730806,172.19974442469854,171.32362863362545
1129076.0002967,18.12964336636347,17.551330132272284,FLEXED,3,0.7724139801465282,172.67413098306224,171.90171700291572,16.147075594104948,15.827580259964545,FLEXED,2,0.8761157910730806,172.19974442469854,171.32362863362545
1129076.0659021,19.00196579391203,17.899454568503156,FLEXED,3,0.7724139801465282,172.67413098306224,171.90171700291572,16.160013057361645,16.008893915138657,FLEXED,2,0.8761157910730806,172.19974442469854,171.32362863362545
1129076.1348777,20.642790121975235,18.650612969117603,FLEXED,3,0.7724139801465282,172.67413098306224,171.90171700291572,16.15170347481148,16.197880243625203,FLEXED,2,0.8761157910730806,172.19974442469854,171.32362863362545
1129076.2147362,21.059093716317225,19.46094740499986,FLEXED,3,0.7724139801465282,172.67413098306224,171.90171700291572,16.075287975703702,16.160791780457085,FLEXED,2,0.8761157910730806,172.19974442469854,171.32362863362545
1129076.2816098,19.74416623015388,19.71553184574437,FLEXED,3,0.7724139801465282,172.67413098306224,171.90171700291572,15.873316864874635,16.081479393371282,FLEXED,2,0.8761157910730806,172.19974442469854,171.32362863362545
1129076.3584418,19.186506710671196,19.926904514605916,FLEXED,3,0.7724139801465282,172.67413098306224,171.90171700291572,15.358266243791762,15.923717523308644,FLEXED,2,0.8761157910730806,172.19974442469854,171.32362863362545
1129076.4284782,19.406402126425263,20.00779178110856,FLEXED,3,0.7724139801465282,172.67413098306224,171.90171700291572,14.464459492074214,15.58460681025116,FLEXED,2,0.8761157910730806,172.19974442469854,171.32362863362545
1129076.4928543,18.72762295495414,19.62475834770434,FLEXED,3,0.7724139801465282,172.67413098306224,171.90171700291572,15.564981767108744,15.467262468710612,FLEXED,2,0.8761157910730806,172.19974442469854,171.32362863362545
1129076.5526027,18.51707954800417,19.116355514041732,FLEXED,3,0.7724139801465282,172.67413098306224,171.90171700291572,14.709617031693897,15.19412827990865,FLEXED,2,0.8761157910730806,172.19974442469854,171.32362863362545
1129076.8637276,22.191071407722195,19.60573654955539,FLEXED,3,0.7724139801465282,172.67413098306224,171.90171700291572,13.308697124286674,14.68120433179106,FLEXED,2,0.8761157910730806,172.19974442469854,171.32362863362545
1129076.9430995,22.46460325029853,20.26135585748086,FLEXED,3,0.7724139801465282,172.67413098306224,171.90171700291572,12.501649680792655,14.109881019191238,FLEXED,2,0.8761157910730806,172.19974442469854,171.32362863362545
1129077.0169275,23.754902952766564,21.131056022749117,FLEXED,3,0.7724139801465282,172.67413098306224,171.90171700291572,14.027121491074746,14.022413418991343,FLEXED,2,0.8761157910730806,172.19974442469854,171.32362863362545
1129077.0793195,25.892943446862564,22.564120121130806,FLEXED,3,0.7724139801465282,172.67413098306224,171.90171700291572,12.889863733436835,13.48738981225696,FLEXED,2,0.8761157910730806,172.19974442469854,171.32362863362545
1129077.1800786,28.48290509932064,24.557285231394097,FLEXED,3,0.7724139801465282,172.67413098306224,171.90171700291572,14.107131043857164,13.366892614689613,FLEXED,2,0.8761157910730806,172.19974442469854,171.32362863362545
1129077.2867173,30.104596192719214,26.1399901883935,FLEXED,3,0.7724139801465282,172.67413098306224,171.90171700291572,14.066562202651664,13.518465630362613,FLEXED,2,0.8761157910730806,172.19974442469854,171.32362863362545
